"FECHA VENTA","ANIO VENTA","MES VENTA","DIA VENTA","CODIGO MUNICIPIO_DANE","DEPARTAMENTO INSTALACION","MUNICIPIO INSTALACION","LATITUD","LONGITUD","TIPO AGENTE","TIPO DE COMBUSTIBLE","EDS ACTIVAS","NUMERO DE VENTAS","VEHICULOS ATENDIDOS","CANTIDAD VOLUMEN SUMINISTRADO"
"2023 Sep 08 12:00:00 AM","2,023","9","8","15,152","BOYACA","DUITAMA","58,906,025,887","-730,670,928,955","ESTACION DE SERVICIO DE GNCV","GNV","2","229","176","2,727.89"
"2023 Sep 13 12:00:00 AM","2,023","9","13","15,157","BOYACA","SOGAMOSO","56,466,722,488","-728,709,564,209","ESTACION DE SERVICIO DE GNCV","GNV","1","202","155","1,749.66"
"2023 Sep 12 12:00:00 AM","2,023","9","12","15,152","BOYACA","DUITAMA","58,906,025,887","-730,670,928,955","ESTACION DE SERVICIO DE GNCV","GNV","2","188","154","2,296.39"
"2023 Sep 13 12:00:00 AM","2,023","9","13","15,152","BOYACA","DUITAMA","58,906,025,887","-730,670,928,955","ESTACION DE SERVICIO DE GNCV","GNV","2","193","149","2,508.82"
"2023 Sep 11 12:00:00 AM","2,023","9","11","15,152","BOYACA","DUITAMA","58,906,025,887","-730,670,928,955","ESTACION DE SERVICIO DE GNCV","GNV","2","206","158","2,596.64"
"2023 Sep 12 12:00:00 AM","2,023","9","12","15,151","BOYACA","CHIQUINQUIRA","56,224,880,219","-738,042,449,951","ESTACION DE SERVICIO DE GNCV","GNV","2","444","317","3.779"
"2023 Sep 06 12:00:00 AM","2,023","9","6","15,152","BOYACA","DUITAMA","58,906,025,887","-730,670,928,955","ESTACION DE SERVICIO DE GNCV","GNV","2","191","148","3,304.02"
"2023 Sep 07 12:00:00 AM","2,023","9","7","15,152","BOYACA","DUITAMA","58,906,025,887","-730,670,928,955","ESTACION DE SERVICIO DE GNCV","GNV","2","150","119","2,138.34"
"2023 Sep 05 12:00:00 AM","2,023","9","5","15,152","BOYACA","DUITAMA","58,906,025,887","-730,670,928,955","ESTACION DE SERVICIO DE GNCV","GNV","2","180","140","1,995.93"
"2023 Sep 10 12:00:00 AM","2,023","9","10","15,152","BOYACA","DUITAMA","58,906,025,887","-730,670,928,955","ESTACION DE SERVICIO DE GNCV","GNV","2","155","111","1,941.73"
"2023 Sep 13 12:00:00 AM","2,023","9","13","15,150","BOYACA","TUNJA","55,184,726,715","-733,780,212,402","ESTACION DE SERVICIO DE GNCV","GNV","2","416","311","4,592.79"
"2023 Sep 09 12:00:00 AM","2,023","9","9","15,152","BOYACA","DUITAMA","58,906,025,887","-730,670,928,955","ESTACION DE SERVICIO DE GNCV","GNV","2","207","157","2,751.45"
"2023 Sep 17 12:00:00 AM","2,023","9","17","15,150","BOYACA","TUNJA","55,184,726,715","-733,780,212,402","ESTACION DE SERVICIO DE GNCV","GNV","2","346","254","3,518.98"
"2023 Sep 17 12:00:00 AM","2,023","9","17","15,157","BOYACA","SOGAMOSO","56,466,722,488","-728,709,564,209","ESTACION DE SERVICIO DE GNCV","GNV","1","184","123","1,621.76"
"2023 Sep 15 12:00:00 AM","2,023","9","15","15,151","BOYACA","CHIQUINQUIRA","56,224,880,219","-738,042,449,951","ESTACION DE SERVICIO DE GNCV","GNV","2","463","322","4,001.05"
"2023 Sep 16 12:00:00 AM","2,023","9","16","15,150","BOYACA","TUNJA","55,184,726,715","-733,780,212,402","ESTACION DE SERVICIO DE GNCV","GNV","2","447","316","4,775.91"
"2023 Sep 15 12:00:00 AM","2,023","9","15","15,150","BOYACA","TUNJA","55,184,726,715","-733,780,212,402","ESTACION DE SERVICIO DE GNCV","GNV","2","471","335","5,308.83"
"2023 Sep 15 12:00:00 AM","2,023","9","15","15,152","BOYACA","DUITAMA","58,906,025,887","-730,670,928,955","ESTACION DE SERVICIO DE GNCV","GNV","2","215","167","2,292.34"
"2023 Sep 14 12:00:00 AM","2,023","9","14","15,157","BOYACA","SOGAMOSO","56,466,722,488","-728,709,564,209","ESTACION DE SERVICIO DE GNCV","GNV","1","204","140","1,781.99"
"2023 Sep 13 12:00:00 AM","2,023","9","13","15,151","BOYACA","CHIQUINQUIRA","56,224,880,219","-738,042,449,951","ESTACION DE SERVICIO DE GNCV","GNV","1","405","274","3,305.39"
"2023 Sep 16 12:00:00 AM","2,023","9","16","15,152","BOYACA","DUITAMA","58,906,025,887","-730,670,928,955","ESTACION DE SERVICIO DE GNCV","GNV","2","225","164","2,646.79"
"2023 Sep 14 12:00:00 AM","2,023","9","14","15,152","BOYACA","DUITAMA","58,906,025,887","-730,670,928,955","ESTACION DE SERVICIO DE GNCV","GNV","2","184","148","2,420.14"
"2023 Sep 14 12:00:00 AM","2,023","9","14","15,150","BOYACA","TUNJA","55,184,726,715","-733,780,212,402","ESTACION DE SERVICIO DE GNCV","GNV","2","424","304","4,254.08"
"2023 Sep 16 12:00:00 AM","2,023","9","16","15,151","BOYACA","CHIQUINQUIRA","56,224,880,219","-738,042,449,951","ESTACION DE SERVICIO DE GNCV","GNV","2","442","310","3,867.38"
"2023 Sep 15 12:00:00 AM","2,023","9","15","15,157","BOYACA","SOGAMOSO","56,466,722,488","-728,709,564,209","ESTACION DE SERVICIO DE GNCV","GNV","1","241","177","2,340.41"
"2023 Sep 14 12:00:00 AM","2,023","9","14","15,151","BOYACA","CHIQUINQUIRA","56,224,880,219","-738,042,449,951","ESTACION DE SERVICIO DE GNCV","GNV","1","415","276","3,285.63"
"2023 Sep 17 12:00:00 AM","2,023","9","17","15,152","BOYACA","DUITAMA","58,906,025,887","-730,670,928,955","ESTACION DE SERVICIO DE GNCV","GNV","2","180","131","2,185.58"
"2023 Sep 16 12:00:00 AM","2,023","9","16","15,157","BOYACA","SOGAMOSO","56,466,722,488","-728,709,564,209","ESTACION DE SERVICIO DE GNCV","GNV","1","148","111","1,332.85"
"2023 Sep 18 12:00:00 AM","2,023","9","18","15,152","BOYACA","DUITAMA","58,906,025,887","-730,670,928,955","ESTACION DE SERVICIO DE GNCV","GNV","2","207","152","2,104.57"
"2023 Sep 19 12:00:00 AM","2,023","9","19","15,150","BOYACA","TUNJA","55,184,726,715","-733,780,212,402","ESTACION DE SERVICIO DE GNCV","GNV","2","412","299","4,491.86"
"2023 Sep 19 12:00:00 AM","2,023","9","19","15,157","BOYACA","SOGAMOSO","56,466,722,488","-728,709,564,209","ESTACION DE SERVICIO DE GNCV","GNV","1","215","163","1,995.76"
"2023 Sep 18 12:00:00 AM","2,023","9","18","15,151","BOYACA","CHIQUINQUIRA","56,224,880,219","-738,042,449,951","ESTACION DE SERVICIO DE GNCV","GNV","2","364","280","3,303.41"
"2023 Sep 19 12:00:00 AM","2,023","9","19","15,151","BOYACA","CHIQUINQUIRA","56,224,880,219","-738,042,449,951","ESTACION DE SERVICIO DE GNCV","GNV","2","375","276","3,267.43"
"2023 Sep 18 12:00:00 AM","2,023","9","18","15,150","BOYACA","TUNJA","55,184,726,715","-733,780,212,402","ESTACION DE SERVICIO DE GNCV","GNV","2","377","285","4,472.32"
"2023 Sep 18 12:00:00 AM","2,023","9","18","15,157","BOYACA","SOGAMOSO","56,466,722,488","-728,709,564,209","ESTACION DE SERVICIO DE GNCV","GNV","1","198","153","1,920.5"
"2023 Sep 19 12:00:00 AM","2,023","9","19","15,152","BOYACA","DUITAMA","58,906,025,887","-730,670,928,955","ESTACION DE SERVICIO DE GNCV","GNV","2","208","162","2,907.77"
"2023 Sep 17 12:00:00 AM","2,023","9","17","15,151","BOYACA","CHIQUINQUIRA","56,224,880,219","-738,042,449,951","ESTACION DE SERVICIO DE GNCV","GNV","2","372","263","2,963.06"
"2023 Sep 11 12:00:00 AM","2,023","9","11","15,157","BOYACA","SOGAMOSO","56,466,722,488","-728,709,564,209","ESTACION DE SERVICIO DE GNCV","GNV","1","199","145","1,695.21"
"2023 Sep 06 12:00:00 AM","2,023","9","6","15,150","BOYACA","TUNJA","55,184,726,715","-733,780,212,402","ESTACION DE SERVICIO DE GNCV","GNV","2","391","287","4,359.29"
"2023 Sep 04 12:00:00 AM","2,023","9","4","15,150","BOYACA","TUNJA","55,184,726,715","-733,780,212,402","ESTACION DE SERVICIO DE GNCV","GNV","2","391","285","4,292.23"
"2023 Sep 01 12:00:00 AM","2,023","9","1","15,151","BOYACA","CHIQUINQUIRA","56,224,880,219","-738,042,449,951","ESTACION DE SERVICIO DE GNCV","GNV","2","446","311","3,698.04"
"2023 Sep 11 12:00:00 AM","2,023","9","11","15,150","BOYACA","TUNJA","55,184,726,715","-733,780,212,402","ESTACION DE SERVICIO DE GNCV","GNV","2","412","300","4,267.64"
"2023 Sep 07 12:00:00 AM","2,023","9","7","15,150","BOYACA","TUNJA","55,184,726,715","-733,780,212,402","ESTACION DE SERVICIO DE GNCV","GNV","2","418","299","4,572.86"
"2023 Sep 06 12:00:00 AM","2,023","9","6","15,151","BOYACA","CHIQUINQUIRA","56,224,880,219","-738,042,449,951","ESTACION DE SERVICIO DE GNCV","GNV","2","371","261","3,109.79"
"2023 Sep 08 12:00:00 AM","2,023","9","8","15,150","BOYACA","TUNJA","55,184,726,715","-733,780,212,402","ESTACION DE SERVICIO DE GNCV","GNV","2","450","317","4,987.96"
"2023 Sep 09 12:00:00 AM","2,023","9","9","15,151","BOYACA","CHIQUINQUIRA","56,224,880,219","-738,042,449,951","ESTACION DE SERVICIO DE GNCV","GNV","2","380","269","3,138.57"
"2023 Sep 11 12:00:00 AM","2,023","9","11","15,151","BOYACA","CHIQUINQUIRA","56,224,880,219","-738,042,449,951","ESTACION DE SERVICIO DE GNCV","GNV","2","363","283","3,107.54"
"2023 Sep 08 12:00:00 AM","2,023","9","8","15,157","BOYACA","SOGAMOSO","56,466,722,488","-728,709,564,209","ESTACION DE SERVICIO DE GNCV","GNV","1","175","142","1,438.18"
"2023 Sep 07 12:00:00 AM","2,023","9","7","15,151","BOYACA","CHIQUINQUIRA","56,224,880,219","-738,042,449,951","ESTACION DE SERVICIO DE GNCV","GNV","2","367","270","3,166.63"
"2023 Sep 01 12:00:00 AM","2,023","9","1","15,157","BOYACA","SOGAMOSO","56,466,722,488","-728,709,564,209","ESTACION DE SERVICIO DE GNCV","GNV","1","1","1","7.47"
"2023 Sep 04 12:00:00 AM","2,023","9","4","15,151","BOYACA","CHIQUINQUIRA","56,224,880,219","-738,042,449,951","ESTACION DE SERVICIO DE GNCV","GNV","2","342","261","3,058.52"
"2023 Sep 03 12:00:00 AM","2,023","9","3","15,151","BOYACA","CHIQUINQUIRA","56,224,880,219","-738,042,449,951","ESTACION DE SERVICIO DE GNCV","GNV","2","358","248","2,854.44"
"2023 Sep 02 12:00:00 AM","2,023","9","2","15,152","BOYACA","DUITAMA","58,906,025,887","-730,670,928,955","ESTACION DE SERVICIO DE GNCV","GNV","2","228","174","2,607.88"
"2023 Sep 03 12:00:00 AM","2,023","9","3","15,152","BOYACA","DUITAMA","58,906,025,887","-730,670,928,955","ESTACION DE SERVICIO DE GNCV","GNV","2","169","117","1,712.79"
"2023 Sep 12 12:00:00 AM","2,023","9","12","15,150","BOYACA","TUNJA","55,184,726,715","-733,780,212,402","ESTACION DE SERVICIO DE GNCV","GNV","2","389","282","4,492.85"
"2023 Sep 04 12:00:00 AM","2,023","9","4","15,152","BOYACA","DUITAMA","58,906,025,887","-730,670,928,955","ESTACION DE SERVICIO DE GNCV","GNV","2","203","154","2,431.19"
"2023 Sep 01 12:00:00 AM","2,023","9","1","15,152","BOYACA","DUITAMA","58,906,025,887","-730,670,928,955","ESTACION DE SERVICIO DE GNCV","GNV","2","223","171","2,348.2"
"2023 Sep 09 12:00:00 AM","2,023","9","9","15,150","BOYACA","TUNJA","55,184,726,715","-733,780,212,402","ESTACION DE SERVICIO DE GNCV","GNV","2","439","316","4,557.1"
"2023 Sep 05 12:00:00 AM","2,023","9","5","15,151","BOYACA","CHIQUINQUIRA","56,224,880,219","-738,042,449,951","ESTACION DE SERVICIO DE GNCV","GNV","2","346","254","3,091.67"
"2023 Sep 12 12:00:00 AM","2,023","9","12","15,157","BOYACA","SOGAMOSO","56,466,722,488","-728,709,564,209","ESTACION DE SERVICIO DE GNCV","GNV","1","228","164","2,107.31"
"2023 Sep 03 12:00:00 AM","2,023","9","3","15,150","BOYACA","TUNJA","55,184,726,715","-733,780,212,402","ESTACION DE SERVICIO DE GNCV","GNV","2","347","258","3,488.7"
"2023 Sep 02 12:00:00 AM","2,023","9","2","15,151","BOYACA","CHIQUINQUIRA","56,224,880,219","-738,042,449,951","ESTACION DE SERVICIO DE GNCV","GNV","2","403","293","3,348.18"
"2023 Sep 10 12:00:00 AM","2,023","9","10","15,157","BOYACA","SOGAMOSO","56,466,722,488","-728,709,564,209","ESTACION DE SERVICIO DE GNCV","GNV","1","219","148","1,857.7"
"2023 Sep 09 12:00:00 AM","2,023","9","9","15,157","BOYACA","SOGAMOSO","56,466,722,488","-728,709,564,209","ESTACION DE SERVICIO DE GNCV","GNV","1","229","151","1,811.41"
"2023 Sep 10 12:00:00 AM","2,023","9","10","15,151","BOYACA","CHIQUINQUIRA","56,224,880,219","-738,042,449,951","ESTACION DE SERVICIO DE GNCV","GNV","2","330","241","2,670.73"
"2023 Sep 05 12:00:00 AM","2,023","9","5","15,150","BOYACA","TUNJA","55,184,726,715","-733,780,212,402","ESTACION DE SERVICIO DE GNCV","GNV","2","408","301","4,468.74"
"2023 Sep 10 12:00:00 AM","2,023","9","10","15,150","BOYACA","TUNJA","55,184,726,715","-733,780,212,402","ESTACION DE SERVICIO DE GNCV","GNV","2","325","247","3,433.97"
"2023 Sep 08 12:00:00 AM","2,023","9","8","15,151","BOYACA","CHIQUINQUIRA","56,224,880,219","-738,042,449,951","ESTACION DE SERVICIO DE GNCV","GNV","2","397","293","3,575.27"
"2023 Sep 02 12:00:00 AM","2,023","9","2","15,150","BOYACA","TUNJA","55,184,726,715","-733,780,212,402","ESTACION DE SERVICIO DE GNCV","GNV","2","460","335","5,096.17"
"2023 Sep 01 12:00:00 AM","2,023","9","1","15,150","BOYACA","TUNJA","55,184,726,715","-733,780,212,402","ESTACION DE SERVICIO DE GNCV","GNV","2","452","331","4,886.14"
"2023 Aug 08 12:00:00 AM","2,023","8","8","15,152","BOYACA","DUITAMA","58,906,025,887","-730,670,928,955","ESTACION DE SERVICIO DE GNCV","GNV","2","239","174","2,814.89"
"2023 Aug 14 12:00:00 AM","2,023","8","14","15,152","BOYACA","DUITAMA","58,906,025,887","-730,670,928,955","ESTACION DE SERVICIO DE GNCV","GNV","2","195","150","2,125.08"
"2023 Aug 30 12:00:00 AM","2,023","8","30","15,152","BOYACA","DUITAMA","58,906,025,887","-730,670,928,955","ESTACION DE SERVICIO DE GNCV","GNV","2","204","158","2,272.01"
"2023 Aug 23 12:00:00 AM","2,023","8","23","15,150","BOYACA","TUNJA","55,184,726,715","-733,780,212,402","ESTACION DE SERVICIO DE GNCV","GNV","2","423","319","4,768.86"
"2023 Aug 02 12:00:00 AM","2,023","8","2","15,157","BOYACA","SOGAMOSO","56,466,722,488","-728,709,564,209","ESTACION DE SERVICIO DE GNCV","GNV","1","234","169","2,369.93"
"2023 Aug 14 12:00:00 AM","2,023","8","14","15,150","BOYACA","TUNJA","55,184,726,715","-733,780,212,402","ESTACION DE SERVICIO DE GNCV","GNV","2","398","297","4,613.78"
"2023 Aug 06 12:00:00 AM","2,023","8","6","15,152","BOYACA","DUITAMA","58,906,025,887","-730,670,928,955","ESTACION DE SERVICIO DE GNCV","GNV","2","171","129","1,727.21"
"2023 Aug 03 12:00:00 AM","2,023","8","3","15,152","BOYACA","DUITAMA","58,906,025,887","-730,670,928,955","ESTACION DE SERVICIO DE GNCV","GNV","2","191","153","2,187.62"
"2023 Aug 14 12:00:00 AM","2,023","8","14","15,151","BOYACA","CHIQUINQUIRA","56,224,880,219","-738,042,449,951","ESTACION DE SERVICIO DE GNCV","GNV","2","358","274","3,147.94"
"2023 Aug 22 12:00:00 AM","2,023","8","22","15,152","BOYACA","DUITAMA","58,906,025,887","-730,670,928,955","ESTACION DE SERVICIO DE GNCV","GNV","2","203","155","2,082.28"
"2023 Aug 13 12:00:00 AM","2,023","8","13","15,151","BOYACA","CHIQUINQUIRA","56,224,880,219","-738,042,449,951","ESTACION DE SERVICIO DE GNCV","GNV","2","360","243","2,883.3"
"2023 Aug 05 12:00:00 AM","2,023","8","5","15,152","BOYACA","DUITAMA","58,906,025,887","-730,670,928,955","ESTACION DE SERVICIO DE GNCV","GNV","2","227","169","2,813.24"
"2023 Aug 26 12:00:00 AM","2,023","8","26","15,152","BOYACA","DUITAMA","58,906,025,887","-730,670,928,955","ESTACION DE SERVICIO DE GNCV","GNV","2","215","159","2,798.09"
"2023 Aug 25 12:00:00 AM","2,023","8","25","15,157","BOYACA","SOGAMOSO","56,466,722,488","-728,709,564,209","ESTACION DE SERVICIO DE GNCV","GNV","1","247","177","2,214.01"
"2023 Aug 08 12:00:00 AM","2,023","8","8","15,151","BOYACA","CHIQUINQUIRA","56,224,880,219","-738,042,449,951","ESTACION DE SERVICIO DE GNCV","GNV","2","346","247","2,857.85"
"2023 Aug 20 12:00:00 AM","2,023","8","20","15,157","BOYACA","SOGAMOSO","56,466,722,488","-728,709,564,209","ESTACION DE SERVICIO DE GNCV","GNV","1","210","138","1,825.36"
"2023 Aug 20 12:00:00 AM","2,023","8","20","15,152","BOYACA","DUITAMA","58,906,025,887","-730,670,928,955","ESTACION DE SERVICIO DE GNCV","GNV","2","169","127","1,486.4"
"2023 Aug 21 12:00:00 AM","2,023","8","21","15,157","BOYACA","SOGAMOSO","56,466,722,488","-728,709,564,209","ESTACION DE SERVICIO DE GNCV","GNV","1","208","148","1,666.23"
"2023 Aug 03 12:00:00 AM","2,023","8","3","15,151","BOYACA","CHIQUINQUIRA","56,224,880,219","-738,042,449,951","ESTACION DE SERVICIO DE GNCV","GNV","2","381","273","3,336.63"
"2023 Aug 03 12:00:00 AM","2,023","8","3","15,157","BOYACA","SOGAMOSO","56,466,722,488","-728,709,564,209","ESTACION DE SERVICIO DE GNCV","GNV","1","235","170","2,057.04"
"2023 Aug 19 12:00:00 AM","2,023","8","19","15,157","BOYACA","SOGAMOSO","56,466,722,488","-728,709,564,209","ESTACION DE SERVICIO DE GNCV","GNV","1","269","173","2,308.86"
"2023 Aug 06 12:00:00 AM","2,023","8","6","15,151","BOYACA","CHIQUINQUIRA","56,224,880,219","-738,042,449,951","ESTACION DE SERVICIO DE GNCV","GNV","1","335","228","2,487.36"
"2023 Aug 15 12:00:00 AM","2,023","8","15","15,157","BOYACA","SOGAMOSO","56,466,722,488","-728,709,564,209","ESTACION DE SERVICIO DE GNCV","GNV","1","239","167","2,138.55"
"2023 Aug 16 12:00:00 AM","2,023","8","16","15,157","BOYACA","SOGAMOSO","56,466,722,488","-728,709,564,209","ESTACION DE SERVICIO DE GNCV","GNV","1","224","158","2,014.55"
"2023 Aug 25 12:00:00 AM","2,023","8","25","15,150","BOYACA","TUNJA","55,184,726,715","-733,780,212,402","ESTACION DE SERVICIO DE GNCV","GNV","2","448","318","5,263.44"
"2023 Aug 19 12:00:00 AM","2,023","8","19","15,151","BOYACA","CHIQUINQUIRA","56,224,880,219","-738,042,449,951","ESTACION DE SERVICIO DE GNCV","GNV","2","438","319","3,811.65"
"2023 Aug 31 12:00:00 AM","2,023","8","31","15,150","BOYACA","TUNJA","55,184,726,715","-733,780,212,402","ESTACION DE SERVICIO DE GNCV","GNV","2","415","310","4,822.52"
"2023 Aug 21 12:00:00 AM","2,023","8","21","15,150","BOYACA","TUNJA","55,184,726,715","-733,780,212,402","ESTACION DE SERVICIO DE GNCV","GNV","2","350","282","3,487.43"
"2023 Aug 22 12:00:00 AM","2,023","8","22","15,150","BOYACA","TUNJA","55,184,726,715","-733,780,212,402","ESTACION DE SERVICIO DE GNCV","GNV","2","460","322","5,267.55"
"2023 Aug 23 12:00:00 AM","2,023","8","23","15,157","BOYACA","SOGAMOSO","56,466,722,488","-728,709,564,209","ESTACION DE SERVICIO DE GNCV","GNV","1","211","148","1,826.13"
"2023 Aug 04 12:00:00 AM","2,023","8","4","15,152","BOYACA","DUITAMA","58,906,025,887","-730,670,928,955","ESTACION DE SERVICIO DE GNCV","GNV","2","228","164","2,763.21"
"2023 Aug 01 12:00:00 AM","2,023","8","1","15,152","BOYACA","DUITAMA","58,906,025,887","-730,670,928,955","ESTACION DE SERVICIO DE GNCV","GNV","2","210","165","2,433.12"
"2023 Aug 01 12:00:00 AM","2,023","8","1","15,150","BOYACA","TUNJA","55,184,726,715","-733,780,212,402","ESTACION DE SERVICIO DE GNCV","GNV","2","414","286","4,468.94"
"2023 Aug 17 12:00:00 AM","2,023","8","17","15,152","BOYACA","DUITAMA","58,906,025,887","-730,670,928,955","ESTACION DE SERVICIO DE GNCV","GNV","2","199","154","2,359.87"
"2023 Aug 09 12:00:00 AM","2,023","8","9","15,150","BOYACA","TUNJA","55,184,726,715","-733,780,212,402","ESTACION DE SERVICIO DE GNCV","GNV","2","223","190","2,608.61"
"2023 Aug 29 12:00:00 AM","2,023","8","29","15,152","BOYACA","DUITAMA","58,906,025,887","-730,670,928,955","ESTACION DE SERVICIO DE GNCV","GNV","2","174","140","2,237.55"
"2023 Aug 10 12:00:00 AM","2,023","8","10","15,157","BOYACA","SOGAMOSO","56,466,722,488","-728,709,564,209","ESTACION DE SERVICIO DE GNCV","GNV","1","209","153","2,233.34"
"2023 Aug 11 12:00:00 AM","2,023","8","11","15,152","BOYACA","DUITAMA","58,906,025,887","-730,670,928,955","ESTACION DE SERVICIO DE GNCV","GNV","2","202","154","2,838.68"
"2023 Aug 23 12:00:00 AM","2,023","8","23","15,151","BOYACA","CHIQUINQUIRA","56,224,880,219","-738,042,449,951","ESTACION DE SERVICIO DE GNCV","GNV","2","357","271","3,262.66"
"2023 Aug 15 12:00:00 AM","2,023","8","15","15,152","BOYACA","DUITAMA","58,906,025,887","-730,670,928,955","ESTACION DE SERVICIO DE GNCV","GNV","2","177","145","2,223.73"
"2023 Aug 07 12:00:00 AM","2,023","8","7","15,152","BOYACA","DUITAMA","58,906,025,887","-730,670,928,955","ESTACION DE SERVICIO DE GNCV","GNV","2","170","127","1,605.34"
"2023 Aug 09 12:00:00 AM","2,023","8","9","15,157","BOYACA","SOGAMOSO","56,466,722,488","-728,709,564,209","ESTACION DE SERVICIO DE GNCV","GNV","1","206","149","1,864.72"
"2023 Aug 09 12:00:00 AM","2,023","8","9","15,152","BOYACA","DUITAMA","58,906,025,887","-730,670,928,955","ESTACION DE SERVICIO DE GNCV","GNV","2","188","132","1,932.38"
"2023 Aug 30 12:00:00 AM","2,023","8","30","15,157","BOYACA","SOGAMOSO","56,466,722,488","-728,709,564,209","ESTACION DE SERVICIO DE GNCV","GNV","1","209","152","1,792.78"
"2023 Aug 31 12:00:00 AM","2,023","8","31","15,157","BOYACA","SOGAMOSO","56,466,722,488","-728,709,564,209","ESTACION DE SERVICIO DE GNCV","GNV","1","201","147","1,795.57"
"2023 Aug 05 12:00:00 AM","2,023","8","5","15,151","BOYACA","CHIQUINQUIRA","56,224,880,219","-738,042,449,951","ESTACION DE SERVICIO DE GNCV","GNV","1","379","265","3,089.48"
"2023 Aug 11 12:00:00 AM","2,023","8","11","15,150","BOYACA","TUNJA","55,184,726,715","-733,780,212,402","ESTACION DE SERVICIO DE GNCV","GNV","2","465","334","5,187.58"
"2023 Aug 26 12:00:00 AM","2,023","8","26","15,151","BOYACA","CHIQUINQUIRA","56,224,880,219","-738,042,449,951","ESTACION DE SERVICIO DE GNCV","GNV","2","370","264","2,983.74"
"2023 Aug 02 12:00:00 AM","2,023","8","2","15,151","BOYACA","CHIQUINQUIRA","56,224,880,219","-738,042,449,951","ESTACION DE SERVICIO DE GNCV","GNV","2","350","254","3,130.36"
"2023 Aug 24 12:00:00 AM","2,023","8","24","15,157","BOYACA","SOGAMOSO","56,466,722,488","-728,709,564,209","ESTACION DE SERVICIO DE GNCV","GNV","1","244","173","2,159.11"
"2023 Aug 11 12:00:00 AM","2,023","8","11","15,157","BOYACA","SOGAMOSO","56,466,722,488","-728,709,564,209","ESTACION DE SERVICIO DE GNCV","GNV","1","219","151","1,984.01"
"2023 Aug 28 12:00:00 AM","2,023","8","28","15,157","BOYACA","SOGAMOSO","56,466,722,488","-728,709,564,209","ESTACION DE SERVICIO DE GNCV","GNV","1","226","169","2,087.98"
"2023 Aug 26 12:00:00 AM","2,023","8","26","15,150","BOYACA","TUNJA","55,184,726,715","-733,780,212,402","ESTACION DE SERVICIO DE GNCV","GNV","2","425","303","4,712.96"
"2023 Aug 30 12:00:00 AM","2,023","8","30","15,150","BOYACA","TUNJA","55,184,726,715","-733,780,212,402","ESTACION DE SERVICIO DE GNCV","GNV","2","388","297","4,173.74"
"2023 Aug 07 12:00:00 AM","2,023","8","7","15,151","BOYACA","CHIQUINQUIRA","56,224,880,219","-738,042,449,951","ESTACION DE SERVICIO DE GNCV","GNV","1","293","207","2,525.11"
"2023 Aug 04 12:00:00 AM","2,023","8","4","15,151","BOYACA","CHIQUINQUIRA","56,224,880,219","-738,042,449,951","ESTACION DE SERVICIO DE GNCV","GNV","2","387","272","3,287.4"
"2023 Aug 25 12:00:00 AM","2,023","8","25","15,152","BOYACA","DUITAMA","58,906,025,887","-730,670,928,955","ESTACION DE SERVICIO DE GNCV","GNV","2","233","179","2,490.65"
"2023 Aug 08 12:00:00 AM","2,023","8","8","15,150","BOYACA","TUNJA","55,184,726,715","-733,780,212,402","ESTACION DE SERVICIO DE GNCV","GNV","2","439","321","4,974.67"
"2023 Aug 13 12:00:00 AM","2,023","8","13","15,152","BOYACA","DUITAMA","58,906,025,887","-730,670,928,955","ESTACION DE SERVICIO DE GNCV","GNV","2","154","115","1,790.67"
"2023 Aug 28 12:00:00 AM","2,023","8","28","15,150","BOYACA","TUNJA","55,184,726,715","-733,780,212,402","ESTACION DE SERVICIO DE GNCV","GNV","2","412","298","4,660.9"
"2023 Aug 26 12:00:00 AM","2,023","8","26","15,157","BOYACA","SOGAMOSO","56,466,722,488","-728,709,564,209","ESTACION DE SERVICIO DE GNCV","GNV","1","240","156","2,057.8"
"2023 Aug 10 12:00:00 AM","2,023","8","10","15,150","BOYACA","TUNJA","55,184,726,715","-733,780,212,402","ESTACION DE SERVICIO DE GNCV","GNV","2","409","298","4,746.88"
"2023 Aug 29 12:00:00 AM","2,023","8","29","15,157","BOYACA","SOGAMOSO","56,466,722,488","-728,709,564,209","ESTACION DE SERVICIO DE GNCV","GNV","1","208","149","1,830.81"
"2023 Aug 24 12:00:00 AM","2,023","8","24","15,152","BOYACA","DUITAMA","58,906,025,887","-730,670,928,955","ESTACION DE SERVICIO DE GNCV","GNV","2","187","146","2,278.13"
"2023 Aug 12 12:00:00 AM","2,023","8","12","15,157","BOYACA","SOGAMOSO","56,466,722,488","-728,709,564,209","ESTACION DE SERVICIO DE GNCV","GNV","1","232","151","1,805.43"
"2023 Aug 29 12:00:00 AM","2,023","8","29","15,151","BOYACA","CHIQUINQUIRA","56,224,880,219","-738,042,449,951","ESTACION DE SERVICIO DE GNCV","GNV","2","348","254","2,843.24"
"2023 Aug 07 12:00:00 AM","2,023","8","7","15,157","BOYACA","SOGAMOSO","56,466,722,488","-728,709,564,209","ESTACION DE SERVICIO DE GNCV","GNV","1","220","159","2,491.52"
"2023 Aug 27 12:00:00 AM","2,023","8","27","15,151","BOYACA","CHIQUINQUIRA","56,224,880,219","-738,042,449,951","ESTACION DE SERVICIO DE GNCV","GNV","2","327","229","2,750.85"
"2023 Aug 24 12:00:00 AM","2,023","8","24","15,151","BOYACA","CHIQUINQUIRA","56,224,880,219","-738,042,449,951","ESTACION DE SERVICIO DE GNCV","GNV","2","361","268","3,091.54"
"2023 Aug 17 12:00:00 AM","2,023","8","17","15,151","BOYACA","CHIQUINQUIRA","56,224,880,219","-738,042,449,951","ESTACION DE SERVICIO DE GNCV","GNV","1","362","258","3,093.72"
"2023 Aug 21 12:00:00 AM","2,023","8","21","15,152","BOYACA","DUITAMA","58,906,025,887","-730,670,928,955","ESTACION DE SERVICIO DE GNCV","GNV","2","150","120","1,505.17"
"2023 Aug 12 12:00:00 AM","2,023","8","12","15,150","BOYACA","TUNJA","55,184,726,715","-733,780,212,402","ESTACION DE SERVICIO DE GNCV","GNV","2","418","284","4,253.58"
"2023 Aug 27 12:00:00 AM","2,023","8","27","15,152","BOYACA","DUITAMA","58,906,025,887","-730,670,928,955","ESTACION DE SERVICIO DE GNCV","GNV","2","174","125","1,969.85"
"2023 Aug 15 12:00:00 AM","2,023","8","15","15,150","BOYACA","TUNJA","55,184,726,715","-733,780,212,402","ESTACION DE SERVICIO DE GNCV","GNV","2","411","293","4,363.63"
"2023 Aug 02 12:00:00 AM","2,023","8","2","15,150","BOYACA","TUNJA","55,184,726,715","-733,780,212,402","ESTACION DE SERVICIO DE GNCV","GNV","2","415","308","4,555.99"
"2023 Aug 02 12:00:00 AM","2,023","8","2","15,152","BOYACA","DUITAMA","58,906,025,887","-730,670,928,955","ESTACION DE SERVICIO DE GNCV","GNV","2","188","140","2,470.53"
"2023 Aug 16 12:00:00 AM","2,023","8","16","15,151","BOYACA","CHIQUINQUIRA","56,224,880,219","-738,042,449,951","ESTACION DE SERVICIO DE GNCV","GNV","1","346","254","3,056.53"
"2023 Aug 30 12:00:00 AM","2,023","8","30","15,151","BOYACA","CHIQUINQUIRA","56,224,880,219","-738,042,449,951","ESTACION DE SERVICIO DE GNCV","GNV","2","301","231","2,657.03"
"2023 Aug 18 12:00:00 AM","2,023","8","18","15,151","BOYACA","CHIQUINQUIRA","56,224,880,219","-738,042,449,951","ESTACION DE SERVICIO DE GNCV","GNV","1","441","293","3,400.49"
"2023 Aug 10 12:00:00 AM","2,023","8","10","15,152","BOYACA","DUITAMA","58,906,025,887","-730,670,928,955","ESTACION DE SERVICIO DE GNCV","GNV","2","213","157","3,206.54"
"2023 Aug 16 12:00:00 AM","2,023","8","16","15,152","BOYACA","DUITAMA","58,906,025,887","-730,670,928,955","ESTACION DE SERVICIO DE GNCV","GNV","2","170","115","1,775.7"
"2023 Aug 27 12:00:00 AM","2,023","8","27","15,150","BOYACA","TUNJA","55,184,726,715","-733,780,212,402","ESTACION DE SERVICIO DE GNCV","GNV","2","349","252","3,299.91"
"2023 Aug 19 12:00:00 AM","2,023","8","19","15,152","BOYACA","DUITAMA","58,906,025,887","-730,670,928,955","ESTACION DE SERVICIO DE GNCV","GNV","2","220","169","2,314.98"
"2023 Aug 18 12:00:00 AM","2,023","8","18","15,152","BOYACA","DUITAMA","58,906,025,887","-730,670,928,955","ESTACION DE SERVICIO DE GNCV","GNV","2","221","162","2,264.7"
"2023 Aug 23 12:00:00 AM","2,023","8","23","15,152","BOYACA","DUITAMA","58,906,025,887","-730,670,928,955","ESTACION DE SERVICIO DE GNCV","GNV","2","208","154","2,613.56"
"2023 Aug 06 12:00:00 AM","2,023","8","6","15,150","BOYACA","TUNJA","55,184,726,715","-733,780,212,402","ESTACION DE SERVICIO DE GNCV","GNV","2","362","247","3,491.44"
"2023 Aug 22 12:00:00 AM","2,023","8","22","15,157","BOYACA","SOGAMOSO","56,466,722,488","-728,709,564,209","ESTACION DE SERVICIO DE GNCV","GNV","1","226","170","1,922.51"
"2023 Aug 06 12:00:00 AM","2,023","8","6","15,157","BOYACA","SOGAMOSO","56,466,722,488","-728,709,564,209","ESTACION DE SERVICIO DE GNCV","GNV","1","216","136","1,587.14"
"2023 Aug 18 12:00:00 AM","2,023","8","18","15,157","BOYACA","SOGAMOSO","56,466,722,488","-728,709,564,209","ESTACION DE SERVICIO DE GNCV","GNV","1","260","174","2,213.78"
"2023 Aug 08 12:00:00 AM","2,023","8","8","15,157","BOYACA","SOGAMOSO","56,466,722,488","-728,709,564,209","ESTACION DE SERVICIO DE GNCV","GNV","1","241","176","2,091.08"
"2023 Aug 01 12:00:00 AM","2,023","8","1","15,157","BOYACA","SOGAMOSO","56,466,722,488","-728,709,564,209","ESTACION DE SERVICIO DE GNCV","GNV","1","243","173","2,261.28"
"2023 Aug 13 12:00:00 AM","2,023","8","13","15,157","BOYACA","SOGAMOSO","56,466,722,488","-728,709,564,209","ESTACION DE SERVICIO DE GNCV","GNV","1","201","123","1,576.35"
"2023 Aug 18 12:00:00 AM","2,023","8","18","15,150","BOYACA","TUNJA","55,184,726,715","-733,780,212,402","ESTACION DE SERVICIO DE GNCV","GNV","2","471","331","5,108.02"
"2023 Aug 05 12:00:00 AM","2,023","8","5","15,157","BOYACA","SOGAMOSO","56,466,722,488","-728,709,564,209","ESTACION DE SERVICIO DE GNCV","GNV","1","286","183","2,419.54"
"2023 Aug 16 12:00:00 AM","2,023","8","16","15,150","BOYACA","TUNJA","55,184,726,715","-733,780,212,402","ESTACION DE SERVICIO DE GNCV","GNV","2","406","299","4,538.66"
"2023 Aug 11 12:00:00 AM","2,023","8","11","15,151","BOYACA","CHIQUINQUIRA","56,224,880,219","-738,042,449,951","ESTACION DE SERVICIO DE GNCV","GNV","2","366","277","3,384.75"
"2023 Aug 20 12:00:00 AM","2,023","8","20","15,151","BOYACA","CHIQUINQUIRA","56,224,880,219","-738,042,449,951","ESTACION DE SERVICIO DE GNCV","GNV","2","378","275","3,039.66"
"2023 Aug 09 12:00:00 AM","2,023","8","9","15,151","BOYACA","CHIQUINQUIRA","56,224,880,219","-738,042,449,951","ESTACION DE SERVICIO DE GNCV","GNV","2","382","282","3,520.01"
"2023 Aug 29 12:00:00 AM","2,023","8","29","15,150","BOYACA","TUNJA","55,184,726,715","-733,780,212,402","ESTACION DE SERVICIO DE GNCV","GNV","2","395","291","4.685"
"2023 Aug 13 12:00:00 AM","2,023","8","13","15,150","BOYACA","TUNJA","55,184,726,715","-733,780,212,402","ESTACION DE SERVICIO DE GNCV","GNV","2","351","260","3,561.65"
"2023 Aug 25 12:00:00 AM","2,023","8","25","15,151","BOYACA","CHIQUINQUIRA","56,224,880,219","-738,042,449,951","ESTACION DE SERVICIO DE GNCV","GNV","2","386","278","3,325.68"
"2023 Aug 04 12:00:00 AM","2,023","8","4","15,150","BOYACA","TUNJA","55,184,726,715","-733,780,212,402","ESTACION DE SERVICIO DE GNCV","GNV","2","460","334","4,975.1"
"2023 Aug 31 12:00:00 AM","2,023","8","31","15,151","BOYACA","CHIQUINQUIRA","56,224,880,219","-738,042,449,951","ESTACION DE SERVICIO DE GNCV","GNV","2","360","263","3,048.69"
"2023 Aug 31 12:00:00 AM","2,023","8","31","15,152","BOYACA","DUITAMA","58,906,025,887","-730,670,928,955","ESTACION DE SERVICIO DE GNCV","GNV","2","194","155","2,617.72"
"2023 Aug 12 12:00:00 AM","2,023","8","12","15,151","BOYACA","CHIQUINQUIRA","56,224,880,219","-738,042,449,951","ESTACION DE SERVICIO DE GNCV","GNV","2","371","271","2,927.28"
"2023 Aug 19 12:00:00 AM","2,023","8","19","15,150","BOYACA","TUNJA","55,184,726,715","-733,780,212,402","ESTACION DE SERVICIO DE GNCV","GNV","2","494","363","5,019.53"
"2023 Aug 05 12:00:00 AM","2,023","8","5","15,150","BOYACA","TUNJA","55,184,726,715","-733,780,212,402","ESTACION DE SERVICIO DE GNCV","GNV","2","478","363","4,912.8"
"2023 Aug 28 12:00:00 AM","2,023","8","28","15,151","BOYACA","CHIQUINQUIRA","56,224,880,219","-738,042,449,951","ESTACION DE SERVICIO DE GNCV","GNV","2","365","264","3,083.67"
"2023 Aug 01 12:00:00 AM","2,023","8","1","15,151","BOYACA","CHIQUINQUIRA","56,224,880,219","-738,042,449,951","ESTACION DE SERVICIO DE GNCV","GNV","2","371","268","3,226.21"
"2023 Aug 12 12:00:00 AM","2,023","8","12","15,152","BOYACA","DUITAMA","58,906,025,887","-730,670,928,955","ESTACION DE SERVICIO DE GNCV","GNV","2","193","148","2,304.15"
"2023 Aug 22 12:00:00 AM","2,023","8","22","15,151","BOYACA","CHIQUINQUIRA","56,224,880,219","-738,042,449,951","ESTACION DE SERVICIO DE GNCV","GNV","2","380","276","3,324.02"
"2023 Aug 21 12:00:00 AM","2,023","8","21","15,151","BOYACA","CHIQUINQUIRA","56,224,880,219","-738,042,449,951","ESTACION DE SERVICIO DE GNCV","GNV","2","326","258","2,919.78"
"2023 Aug 20 12:00:00 AM","2,023","8","20","15,150","BOYACA","TUNJA","55,184,726,715","-733,780,212,402","ESTACION DE SERVICIO DE GNCV","GNV","2","317","239","3,166.9"
"2023 Aug 14 12:00:00 AM","2,023","8","14","15,157","BOYACA","SOGAMOSO","56,466,722,488","-728,709,564,209","ESTACION DE SERVICIO DE GNCV","GNV","1","242","170","2,271.76"
"2023 Aug 28 12:00:00 AM","2,023","8","28","15,152","BOYACA","DUITAMA","58,906,025,887","-730,670,928,955","ESTACION DE SERVICIO DE GNCV","GNV","2","200","155","2,345.33"
"2023 Aug 24 12:00:00 AM","2,023","8","24","15,150","BOYACA","TUNJA","55,184,726,715","-733,780,212,402","ESTACION DE SERVICIO DE GNCV","GNV","2","409","295","4,354.68"
"2023 Aug 10 12:00:00 AM","2,023","8","10","15,151","BOYACA","CHIQUINQUIRA","56,224,880,219","-738,042,449,951","ESTACION DE SERVICIO DE GNCV","GNV","2","348","245","2,816.3"
"2023 Aug 15 12:00:00 AM","2,023","8","15","15,151","BOYACA","CHIQUINQUIRA","56,224,880,219","-738,042,449,951","ESTACION DE SERVICIO DE GNCV","GNV","2","348","258","3,204.21"
"2023 Aug 27 12:00:00 AM","2,023","8","27","15,157","BOYACA","SOGAMOSO","56,466,722,488","-728,709,564,209","ESTACION DE SERVICIO DE GNCV","GNV","1","207","123","1,681.51"
"2023 Aug 03 12:00:00 AM","2,023","8","3","15,150","BOYACA","TUNJA","55,184,726,715","-733,780,212,402","ESTACION DE SERVICIO DE GNCV","GNV","2","446","315","5,142.16"
"2023 Aug 04 12:00:00 AM","2,023","8","4","15,157","BOYACA","SOGAMOSO","56,466,722,488","-728,709,564,209","ESTACION DE SERVICIO DE GNCV","GNV","1","263","188","2,312.66"
"2023 Aug 17 12:00:00 AM","2,023","8","17","15,157","BOYACA","SOGAMOSO","56,466,722,488","-728,709,564,209","ESTACION DE SERVICIO DE GNCV","GNV","1","241","174","2,240.32"
"2023 Aug 07 12:00:00 AM","2,023","8","7","15,150","BOYACA","TUNJA","55,184,726,715","-733,780,212,402","ESTACION DE SERVICIO DE GNCV","GNV","2","361","276","3,608.09"
"2023 Aug 17 12:00:00 AM","2,023","8","17","15,150","BOYACA","TUNJA","55,184,726,715","-733,780,212,402","ESTACION DE SERVICIO DE GNCV","GNV","2","453","316","4,674.95"
"2023 Jul 13 12:00:00 AM","2,023","7","13","15,151","BOYACA","CHIQUINQUIRA","56,224,880,219","-738,042,449,951","ESTACION DE SERVICIO DE GNCV","GNV","2","467","323","3,670.64"
"2023 Jul 14 12:00:00 AM","2,023","7","14","15,152","BOYACA","DUITAMA","58,906,025,887","-730,670,928,955","ESTACION DE SERVICIO DE GNCV","GNV","2","235","169","2,604.21"
"2023 Jul 28 12:00:00 AM","2,023","7","28","15,152","BOYACA","DUITAMA","58,906,025,887","-730,670,928,955","ESTACION DE SERVICIO DE GNCV","GNV","2","185","137","1,800.91"
"2023 Jul 29 12:00:00 AM","2,023","7","29","15,157","BOYACA","SOGAMOSO","56,466,722,488","-728,709,564,209","ESTACION DE SERVICIO DE GNCV","GNV","1","247","165","2,288.01"
"2023 Jul 22 12:00:00 AM","2,023","7","22","15,151","BOYACA","CHIQUINQUIRA","56,224,880,219","-738,042,449,951","ESTACION DE SERVICIO DE GNCV","GNV","2","497","345","4,149.16"
"2023 Jul 29 12:00:00 AM","2,023","7","29","15,152","BOYACA","DUITAMA","58,906,025,887","-730,670,928,955","ESTACION DE SERVICIO DE GNCV","GNV","2","213","169","3,802.14"
"2023 Jul 19 12:00:00 AM","2,023","7","19","15,150","BOYACA","TUNJA","55,184,726,715","-733,780,212,402","ESTACION DE SERVICIO DE GNCV","GNV","2","410","308","4,535.35"
"2023 Jul 15 12:00:00 AM","2,023","7","15","15,150","BOYACA","TUNJA","55,184,726,715","-733,780,212,402","ESTACION DE SERVICIO DE GNCV","GNV","2","402","299","4,265.72"
"2023 Jul 19 12:00:00 AM","2,023","7","19","15,151","BOYACA","CHIQUINQUIRA","56,224,880,219","-738,042,449,951","ESTACION DE SERVICIO DE GNCV","GNV","2","458","330","3,928.23"
"2023 Jul 20 12:00:00 AM","2,023","7","20","15,150","BOYACA","TUNJA","55,184,726,715","-733,780,212,402","ESTACION DE SERVICIO DE GNCV","GNV","2","348","259","3,486.45"
"2023 Jul 26 12:00:00 AM","2,023","7","26","15,151","BOYACA","CHIQUINQUIRA","56,224,880,219","-738,042,449,951","ESTACION DE SERVICIO DE GNCV","GNV","2","377","257","3,008.09"
"2023 Jul 14 12:00:00 AM","2,023","7","14","15,157","BOYACA","SOGAMOSO","56,466,722,488","-728,709,564,209","ESTACION DE SERVICIO DE GNCV","GNV","1","282","172","2,479.36"
"2023 Jul 18 12:00:00 AM","2,023","7","18","15,151","BOYACA","CHIQUINQUIRA","56,224,880,219","-738,042,449,951","ESTACION DE SERVICIO DE GNCV","GNV","2","461","326","3,881.19"
"2023 Jul 16 12:00:00 AM","2,023","7","16","15,152","BOYACA","DUITAMA","58,906,025,887","-730,670,928,955","ESTACION DE SERVICIO DE GNCV","GNV","2","192","132","1,585.33"
"2023 Jul 04 12:00:00 AM","2,023","7","4","15,151","BOYACA","CHIQUINQUIRA","56,224,880,219","-738,042,449,951","ESTACION DE SERVICIO DE GNCV","GNV","1","428","286","3,358.95"
"2023 Jul 11 12:00:00 AM","2,023","7","11","15,150","BOYACA","TUNJA","55,184,726,715","-733,780,212,402","ESTACION DE SERVICIO DE GNCV","GNV","2","441","318","4,498.23"
"2023 Jul 03 12:00:00 AM","2,023","7","3","15,150","BOYACA","TUNJA","55,184,726,715","-733,780,212,402","ESTACION DE SERVICIO DE GNCV","GNV","2","331","277","3,370.53"
"2023 Jul 29 12:00:00 AM","2,023","7","29","15,151","BOYACA","CHIQUINQUIRA","56,224,880,219","-738,042,449,951","ESTACION DE SERVICIO DE GNCV","GNV","2","409","290","3,378.07"
"2023 Jul 28 12:00:00 AM","2,023","7","28","15,151","BOYACA","CHIQUINQUIRA","56,224,880,219","-738,042,449,951","ESTACION DE SERVICIO DE GNCV","GNV","2","392","271","3,279.28"
"2023 Jul 04 12:00:00 AM","2,023","7","4","15,152","BOYACA","DUITAMA","58,906,025,887","-730,670,928,955","ESTACION DE SERVICIO DE GNCV","GNV","2","230","178","5,588.43"
"2023 Jul 08 12:00:00 AM","2,023","7","8","15,157","BOYACA","SOGAMOSO","56,466,722,488","-728,709,564,209","ESTACION DE SERVICIO DE GNCV","GNV","1","296","191","2,827.13"
"2023 Jul 28 12:00:00 AM","2,023","7","28","15,157","BOYACA","SOGAMOSO","56,466,722,488","-728,709,564,209","ESTACION DE SERVICIO DE GNCV","GNV","1","232","165","1,944.81"
"2023 Jul 07 12:00:00 AM","2,023","7","7","15,157","BOYACA","SOGAMOSO","56,466,722,488","-728,709,564,209","ESTACION DE SERVICIO DE GNCV","GNV","1","233","163","1,969.71"
"2023 Jul 24 12:00:00 AM","2,023","7","24","15,150","BOYACA","TUNJA","55,184,726,715","-733,780,212,402","ESTACION DE SERVICIO DE GNCV","GNV","2","402","296","4,164.42"
"2023 Jul 05 12:00:00 AM","2,023","7","5","15,151","BOYACA","CHIQUINQUIRA","56,224,880,219","-738,042,449,951","ESTACION DE SERVICIO DE GNCV","GNV","1","409","278","3,300.92"
"2023 Jul 22 12:00:00 AM","2,023","7","22","15,152","BOYACA","DUITAMA","58,906,025,887","-730,670,928,955","ESTACION DE SERVICIO DE GNCV","GNV","2","189","134","2,055.31"
"2023 Jul 11 12:00:00 AM","2,023","7","11","15,151","BOYACA","CHIQUINQUIRA","56,224,880,219","-738,042,449,951","ESTACION DE SERVICIO DE GNCV","GNV","2","482","346","4,014.53"
"2023 Jul 18 12:00:00 AM","2,023","7","18","15,150","BOYACA","TUNJA","55,184,726,715","-733,780,212,402","ESTACION DE SERVICIO DE GNCV","GNV","2","413","299","4,531.26"
"2023 Jul 06 12:00:00 AM","2,023","7","6","15,152","BOYACA","DUITAMA","58,906,025,887","-730,670,928,955","ESTACION DE SERVICIO DE GNCV","GNV","2","210","165","3,477.71"
"2023 Jul 27 12:00:00 AM","2,023","7","27","15,157","BOYACA","SOGAMOSO","56,466,722,488","-728,709,564,209","ESTACION DE SERVICIO DE GNCV","GNV","1","253","178","2,564.57"
"2023 Jul 31 12:00:00 AM","2,023","7","31","15,157","BOYACA","SOGAMOSO","56,466,722,488","-728,709,564,209","ESTACION DE SERVICIO DE GNCV","GNV","1","220","153","1,865.63"
"2023 Jul 24 12:00:00 AM","2,023","7","24","15,157","BOYACA","SOGAMOSO","56,466,722,488","-728,709,564,209","ESTACION DE SERVICIO DE GNCV","GNV","1","246","183","2,143.61"
"2023 Jul 12 12:00:00 AM","2,023","7","12","15,157","BOYACA","SOGAMOSO","56,466,722,488","-728,709,564,209","ESTACION DE SERVICIO DE GNCV","GNV","1","270","192","2,416.82"
"2023 Jul 25 12:00:00 AM","2,023","7","25","15,151","BOYACA","CHIQUINQUIRA","56,224,880,219","-738,042,449,951","ESTACION DE SERVICIO DE GNCV","GNV","2","396","286","3,365.06"
"2023 Jul 20 12:00:00 AM","2,023","7","20","15,157","BOYACA","SOGAMOSO","56,466,722,488","-728,709,564,209","ESTACION DE SERVICIO DE GNCV","GNV","1","202","137","1,762.49"
"2023 Jul 12 12:00:00 AM","2,023","7","12","15,151","BOYACA","CHIQUINQUIRA","56,224,880,219","-738,042,449,951","ESTACION DE SERVICIO DE GNCV","GNV","2","469","337","3,821.98"
"2023 Jul 02 12:00:00 AM","2,023","7","2","15,157","BOYACA","SOGAMOSO","56,466,722,488","-728,709,564,209","ESTACION DE SERVICIO DE GNCV","GNV","1","228","147","1,935.73"
"2023 Jul 11 12:00:00 AM","2,023","7","11","15,152","BOYACA","DUITAMA","58,906,025,887","-730,670,928,955","ESTACION DE SERVICIO DE GNCV","GNV","2","183","138","1.827"
"2023 Jul 06 12:00:00 AM","2,023","7","6","15,151","BOYACA","CHIQUINQUIRA","56,224,880,219","-738,042,449,951","ESTACION DE SERVICIO DE GNCV","GNV","1","407","283","3,230.49"
"2023 Jul 13 12:00:00 AM","2,023","7","13","15,152","BOYACA","DUITAMA","58,906,025,887","-730,670,928,955","ESTACION DE SERVICIO DE GNCV","GNV","2","187","148","2,542.96"
"2023 Jul 29 12:00:00 AM","2,023","7","29","15,150","BOYACA","TUNJA","55,184,726,715","-733,780,212,402","ESTACION DE SERVICIO DE GNCV","GNV","2","441","309","4,493.72"
"2023 Jul 30 12:00:00 AM","2,023","7","30","15,151","BOYACA","CHIQUINQUIRA","56,224,880,219","-738,042,449,951","ESTACION DE SERVICIO DE GNCV","GNV","2","343","240","2,740.64"
"2023 Jul 17 12:00:00 AM","2,023","7","17","15,150","BOYACA","TUNJA","55,184,726,715","-733,780,212,402","ESTACION DE SERVICIO DE GNCV","GNV","2","418","320","4,720.59"
"2023 Jul 12 12:00:00 AM","2,023","7","12","15,150","BOYACA","TUNJA","55,184,726,715","-733,780,212,402","ESTACION DE SERVICIO DE GNCV","GNV","2","329","204","3,621.29"
"2023 Jul 09 12:00:00 AM","2,023","7","9","15,152","BOYACA","DUITAMA","58,906,025,887","-730,670,928,955","ESTACION DE SERVICIO DE GNCV","GNV","2","171","118","1,646.75"
"2023 Jul 25 12:00:00 AM","2,023","7","25","15,157","BOYACA","SOGAMOSO","56,466,722,488","-728,709,564,209","ESTACION DE SERVICIO DE GNCV","GNV","1","233","171","1,995.69"
"2023 Jul 27 12:00:00 AM","2,023","7","27","15,152","BOYACA","DUITAMA","58,906,025,887","-730,670,928,955","ESTACION DE SERVICIO DE GNCV","GNV","2","196","149","2,811.24"
"2023 Jul 27 12:00:00 AM","2,023","7","27","15,150","BOYACA","TUNJA","55,184,726,715","-733,780,212,402","ESTACION DE SERVICIO DE GNCV","GNV","2","428","303","4,829.19"
"2023 Jul 09 12:00:00 AM","2,023","7","9","15,157","BOYACA","SOGAMOSO","56,466,722,488","-728,709,564,209","ESTACION DE SERVICIO DE GNCV","GNV","1","228","141","1,914.02"
"2023 Jul 06 12:00:00 AM","2,023","7","6","15,150","BOYACA","TUNJA","55,184,726,715","-733,780,212,402","ESTACION DE SERVICIO DE GNCV","GNV","2","396","284","4,268.01"
"2023 Jul 25 12:00:00 AM","2,023","7","25","15,150","BOYACA","TUNJA","55,184,726,715","-733,780,212,402","ESTACION DE SERVICIO DE GNCV","GNV","2","421","302","4,585.69"
"2023 Jul 01 12:00:00 AM","2,023","7","1","15,151","BOYACA","CHIQUINQUIRA","56,224,880,219","-738,042,449,951","ESTACION DE SERVICIO DE GNCV","GNV","2","591","389","4,884.77"
"2023 Jul 08 12:00:00 AM","2,023","7","8","15,151","BOYACA","CHIQUINQUIRA","56,224,880,219","-738,042,449,951","ESTACION DE SERVICIO DE GNCV","GNV","2","511","346","4,240.06"
"2023 Jul 01 12:00:00 AM","2,023","7","1","15,150","BOYACA","TUNJA","55,184,726,715","-733,780,212,402","ESTACION DE SERVICIO DE GNCV","GNV","2","480","367","4,723.05"
"2023 Jul 21 12:00:00 AM","2,023","7","21","15,150","BOYACA","TUNJA","55,184,726,715","-733,780,212,402","ESTACION DE SERVICIO DE GNCV","GNV","2","428","315","4,467.76"
"2023 Jul 08 12:00:00 AM","2,023","7","8","15,150","BOYACA","TUNJA","55,184,726,715","-733,780,212,402","ESTACION DE SERVICIO DE GNCV","GNV","2","434","316","4,346.77"
"2023 Jul 15 12:00:00 AM","2,023","7","15","15,152","BOYACA","DUITAMA","58,906,025,887","-730,670,928,955","ESTACION DE SERVICIO DE GNCV","GNV","2","202","149","2,092.76"
"2023 Jul 21 12:00:00 AM","2,023","7","21","15,151","BOYACA","CHIQUINQUIRA","56,224,880,219","-738,042,449,951","ESTACION DE SERVICIO DE GNCV","GNV","2","463","333","3,877.36"
"2023 Jul 07 12:00:00 AM","2,023","7","7","15,151","BOYACA","CHIQUINQUIRA","56,224,880,219","-738,042,449,951","ESTACION DE SERVICIO DE GNCV","GNV","2","425","287","3,278.01"
"2023 Jul 02 12:00:00 AM","2,023","7","2","15,150","BOYACA","TUNJA","55,184,726,715","-733,780,212,402","ESTACION DE SERVICIO DE GNCV","GNV","2","323","239","3,167.08"
"2023 Jul 08 12:00:00 AM","2,023","7","8","15,152","BOYACA","DUITAMA","58,906,025,887","-730,670,928,955","ESTACION DE SERVICIO DE GNCV","GNV","2","203","145","2,103.84"
"2023 Jul 26 12:00:00 AM","2,023","7","26","15,152","BOYACA","DUITAMA","58,906,025,887","-730,670,928,955","ESTACION DE SERVICIO DE GNCV","GNV","2","187","148","2,313.86"
"2023 Jul 25 12:00:00 AM","2,023","7","25","15,152","BOYACA","DUITAMA","58,906,025,887","-730,670,928,955","ESTACION DE SERVICIO DE GNCV","GNV","2","201","161","3,531.94"
"2023 Jul 30 12:00:00 AM","2,023","7","30","15,152","BOYACA","DUITAMA","58,906,025,887","-730,670,928,955","ESTACION DE SERVICIO DE GNCV","GNV","2","161","119","2,115.22"
"2023 Jul 14 12:00:00 AM","2,023","7","14","15,151","BOYACA","CHIQUINQUIRA","56,224,880,219","-738,042,449,951","ESTACION DE SERVICIO DE GNCV","GNV","2","498","337","4,115.93"
"2023 Jul 30 12:00:00 AM","2,023","7","30","15,150","BOYACA","TUNJA","55,184,726,715","-733,780,212,402","ESTACION DE SERVICIO DE GNCV","GNV","2","385","264","3,612.25"
"2023 Jul 30 12:00:00 AM","2,023","7","30","15,157","BOYACA","SOGAMOSO","56,466,722,488","-728,709,564,209","ESTACION DE SERVICIO DE GNCV","GNV","1","218","133","1,879.32"
"2023 Jul 16 12:00:00 AM","2,023","7","16","15,150","BOYACA","TUNJA","55,184,726,715","-733,780,212,402","ESTACION DE SERVICIO DE GNCV","GNV","2","314","220","3,001.08"
"2023 Jul 23 12:00:00 AM","2,023","7","23","15,157","BOYACA","SOGAMOSO","56,466,722,488","-728,709,564,209","ESTACION DE SERVICIO DE GNCV","GNV","1","213","143","1,737.29"
"2023 Jul 22 12:00:00 AM","2,023","7","22","15,157","BOYACA","SOGAMOSO","56,466,722,488","-728,709,564,209","ESTACION DE SERVICIO DE GNCV","GNV","1","245","164","2,404.23"
"2023 Jul 31 12:00:00 AM","2,023","7","31","15,150","BOYACA","TUNJA","55,184,726,715","-733,780,212,402","ESTACION DE SERVICIO DE GNCV","GNV","2","392","288","4,422.86"
"2023 Jul 05 12:00:00 AM","2,023","7","5","15,157","BOYACA","SOGAMOSO","56,466,722,488","-728,709,564,209","ESTACION DE SERVICIO DE GNCV","GNV","1","251","191","2,374.35"
"2023 Jul 16 12:00:00 AM","2,023","7","16","15,157","BOYACA","SOGAMOSO","56,466,722,488","-728,709,564,209","ESTACION DE SERVICIO DE GNCV","GNV","1","255","147","2,095.95"
"2023 Jul 05 12:00:00 AM","2,023","7","5","15,150","BOYACA","TUNJA","55,184,726,715","-733,780,212,402","ESTACION DE SERVICIO DE GNCV","GNV","2","402","288","4,215.05"
"2023 Jul 20 12:00:00 AM","2,023","7","20","15,151","BOYACA","CHIQUINQUIRA","56,224,880,219","-738,042,449,951","ESTACION DE SERVICIO DE GNCV","GNV","2","429","273","3,130.5"
"2023 Jul 04 12:00:00 AM","2,023","7","4","15,150","BOYACA","TUNJA","55,184,726,715","-733,780,212,402","ESTACION DE SERVICIO DE GNCV","GNV","2","431","320","5,088.01"
"2023 Jul 16 12:00:00 AM","2,023","7","16","15,151","BOYACA","CHIQUINQUIRA","56,224,880,219","-738,042,449,951","ESTACION DE SERVICIO DE GNCV","GNV","2","406","282","3,272.58"
"2023 Jul 07 12:00:00 AM","2,023","7","7","15,150","BOYACA","TUNJA","55,184,726,715","-733,780,212,402","ESTACION DE SERVICIO DE GNCV","GNV","2","408","299","4,066.71"
"2023 Jul 03 12:00:00 AM","2,023","7","3","15,152","BOYACA","DUITAMA","58,906,025,887","-730,670,928,955","ESTACION DE SERVICIO DE GNCV","GNV","2","179","134","2,327.44"
"2023 Jul 24 12:00:00 AM","2,023","7","24","15,152","BOYACA","DUITAMA","58,906,025,887","-730,670,928,955","ESTACION DE SERVICIO DE GNCV","GNV","2","188","143","2,191.83"
"2023 Jul 23 12:00:00 AM","2,023","7","23","15,151","BOYACA","CHIQUINQUIRA","56,224,880,219","-738,042,449,951","ESTACION DE SERVICIO DE GNCV","GNV","2","455","309","3,527.42"
"2023 Jul 11 12:00:00 AM","2,023","7","11","15,157","BOYACA","SOGAMOSO","56,466,722,488","-728,709,564,209","ESTACION DE SERVICIO DE GNCV","GNV","1","229","153","1,904.82"
"2023 Jul 02 12:00:00 AM","2,023","7","2","15,152","BOYACA","DUITAMA","58,906,025,887","-730,670,928,955","ESTACION DE SERVICIO DE GNCV","GNV","2","193","133","1,762.93"
"2023 Jul 22 12:00:00 AM","2,023","7","22","15,150","BOYACA","TUNJA","55,184,726,715","-733,780,212,402","ESTACION DE SERVICIO DE GNCV","GNV","2","407","295","4,093.86"
"2023 Jul 05 12:00:00 AM","2,023","7","5","15,152","BOYACA","DUITAMA","58,906,025,887","-730,670,928,955","ESTACION DE SERVICIO DE GNCV","GNV","2","221","169","3,768.12"
"2023 Jul 26 12:00:00 AM","2,023","7","26","15,150","BOYACA","TUNJA","55,184,726,715","-733,780,212,402","ESTACION DE SERVICIO DE GNCV","GNV","2","396","281","4,307.07"
"2023 Jul 10 12:00:00 AM","2,023","7","10","15,157","BOYACA","SOGAMOSO","56,466,722,488","-728,709,564,209","ESTACION DE SERVICIO DE GNCV","GNV","1","224","166","2,092.52"
"2023 Jul 23 12:00:00 AM","2,023","7","23","15,150","BOYACA","TUNJA","55,184,726,715","-733,780,212,402","ESTACION DE SERVICIO DE GNCV","GNV","2","339","253","3,341.53"
"2023 Jul 09 12:00:00 AM","2,023","7","9","15,151","BOYACA","CHIQUINQUIRA","56,224,880,219","-738,042,449,951","ESTACION DE SERVICIO DE GNCV","GNV","2","472","312","3,701.34"
"2023 Jul 10 12:00:00 AM","2,023","7","10","15,152","BOYACA","DUITAMA","58,906,025,887","-730,670,928,955","ESTACION DE SERVICIO DE GNCV","GNV","2","226","173","2,657.16"
"2023 Jul 17 12:00:00 AM","2,023","7","17","15,157","BOYACA","SOGAMOSO","56,466,722,488","-728,709,564,209","ESTACION DE SERVICIO DE GNCV","GNV","1","233","167","2,094.33"
"2023 Jul 13 12:00:00 AM","2,023","7","13","15,150","BOYACA","TUNJA","55,184,726,715","-733,780,212,402","ESTACION DE SERVICIO DE GNCV","GNV","2","461","343","4,837.22"
"2023 Jul 02 12:00:00 AM","2,023","7","2","15,151","BOYACA","CHIQUINQUIRA","56,224,880,219","-738,042,449,951","ESTACION DE SERVICIO DE GNCV","GNV","2","474","308","3,782.08"
"2023 Jul 10 12:00:00 AM","2,023","7","10","15,151","BOYACA","CHIQUINQUIRA","56,224,880,219","-738,042,449,951","ESTACION DE SERVICIO DE GNCV","GNV","2","480","344","4,134.5"
"2023 Jul 09 12:00:00 AM","2,023","7","9","15,150","BOYACA","TUNJA","55,184,726,715","-733,780,212,402","ESTACION DE SERVICIO DE GNCV","GNV","2","341","238","3,273.43"
"2023 Jul 17 12:00:00 AM","2,023","7","17","15,152","BOYACA","DUITAMA","58,906,025,887","-730,670,928,955","ESTACION DE SERVICIO DE GNCV","GNV","2","196","142","2,156.68"
"2023 Jul 15 12:00:00 AM","2,023","7","15","15,157","BOYACA","SOGAMOSO","56,466,722,488","-728,709,564,209","ESTACION DE SERVICIO DE GNCV","GNV","1","267","160","2,247.27"
"2023 Jul 31 12:00:00 AM","2,023","7","31","15,151","BOYACA","CHIQUINQUIRA","56,224,880,219","-738,042,449,951","ESTACION DE SERVICIO DE GNCV","GNV","2","396","286","3,353.67"
"2023 Jul 20 12:00:00 AM","2,023","7","20","15,152","BOYACA","DUITAMA","58,906,025,887","-730,670,928,955","ESTACION DE SERVICIO DE GNCV","GNV","2","130","108","1,535.65"
"2023 Jul 31 12:00:00 AM","2,023","7","31","15,152","BOYACA","DUITAMA","58,906,025,887","-730,670,928,955","ESTACION DE SERVICIO DE GNCV","GNV","2","183","137","1,918.85"
"2023 Jul 26 12:00:00 AM","2,023","7","26","15,157","BOYACA","SOGAMOSO","56,466,722,488","-728,709,564,209","ESTACION DE SERVICIO DE GNCV","GNV","1","255","177","2,474.05"
"2023 Jul 24 12:00:00 AM","2,023","7","24","15,151","BOYACA","CHIQUINQUIRA","56,224,880,219","-738,042,449,951","ESTACION DE SERVICIO DE GNCV","GNV","2","421","300","3,438.72"
"2023 Jul 19 12:00:00 AM","2,023","7","19","15,157","BOYACA","SOGAMOSO","56,466,722,488","-728,709,564,209","ESTACION DE SERVICIO DE GNCV","GNV","1","233","172","2,191.82"
"2023 Jul 27 12:00:00 AM","2,023","7","27","15,151","BOYACA","CHIQUINQUIRA","56,224,880,219","-738,042,449,951","ESTACION DE SERVICIO DE GNCV","GNV","2","415","289","3,494.14"
"2023 Jul 19 12:00:00 AM","2,023","7","19","15,152","BOYACA","DUITAMA","58,906,025,887","-730,670,928,955","ESTACION DE SERVICIO DE GNCV","GNV","2","210","160","2,565.49"
"2023 Jul 04 12:00:00 AM","2,023","7","4","15,157","BOYACA","SOGAMOSO","56,466,722,488","-728,709,564,209","ESTACION DE SERVICIO DE GNCV","GNV","1","225","170","2,097.76"
"2023 Jul 07 12:00:00 AM","2,023","7","7","15,152","BOYACA","DUITAMA","58,906,025,887","-730,670,928,955","ESTACION DE SERVICIO DE GNCV","GNV","2","215","153","2,280.72"
"2023 Jul 06 12:00:00 AM","2,023","7","6","15,157","BOYACA","SOGAMOSO","56,466,722,488","-728,709,564,209","ESTACION DE SERVICIO DE GNCV","GNV","1","230","170","1,984.58"
"2023 Jul 10 12:00:00 AM","2,023","7","10","15,150","BOYACA","TUNJA","55,184,726,715","-733,780,212,402","ESTACION DE SERVICIO DE GNCV","GNV","2","385","280","4,360.42"
"2023 Jul 01 12:00:00 AM","2,023","7","1","15,157","BOYACA","SOGAMOSO","56,466,722,488","-728,709,564,209","ESTACION DE SERVICIO DE GNCV","GNV","1","285","179","2,175.72"
"2023 Jul 23 12:00:00 AM","2,023","7","23","15,152","BOYACA","DUITAMA","58,906,025,887","-730,670,928,955","ESTACION DE SERVICIO DE GNCV","GNV","2","182","134","3,220.01"
"2023 Jul 28 12:00:00 AM","2,023","7","28","15,150","BOYACA","TUNJA","55,184,726,715","-733,780,212,402","ESTACION DE SERVICIO DE GNCV","GNV","2","452","305","4,643.19"
"2023 Jul 17 12:00:00 AM","2,023","7","17","15,151","BOYACA","CHIQUINQUIRA","56,224,880,219","-738,042,449,951","ESTACION DE SERVICIO DE GNCV","GNV","2","486","344","4,234.52"
"2023 Jul 15 12:00:00 AM","2,023","7","15","15,151","BOYACA","CHIQUINQUIRA","56,224,880,219","-738,042,449,951","ESTACION DE SERVICIO DE GNCV","GNV","2","481","327","3,923.89"
"2023 Jul 03 12:00:00 AM","2,023","7","3","15,157","BOYACA","SOGAMOSO","56,466,722,488","-728,709,564,209","ESTACION DE SERVICIO DE GNCV","GNV","1","207","152","1,995.51"
"2023 Jul 21 12:00:00 AM","2,023","7","21","15,152","BOYACA","DUITAMA","58,906,025,887","-730,670,928,955","ESTACION DE SERVICIO DE GNCV","GNV","2","234","182","3,234.85"
"2023 Jul 01 12:00:00 AM","2,023","7","1","15,152","BOYACA","DUITAMA","58,906,025,887","-730,670,928,955","ESTACION DE SERVICIO DE GNCV","GNV","2","251","177","4,254.09"
"2023 Jul 14 12:00:00 AM","2,023","7","14","15,150","BOYACA","TUNJA","55,184,726,715","-733,780,212,402","ESTACION DE SERVICIO DE GNCV","GNV","2","430","306","4,540.14"
"2023 Jul 12 12:00:00 AM","2,023","7","12","15,152","BOYACA","DUITAMA","58,906,025,887","-730,670,928,955","ESTACION DE SERVICIO DE GNCV","GNV","2","196","142","2,072.52"
"2023 Jul 21 12:00:00 AM","2,023","7","21","15,157","BOYACA","SOGAMOSO","56,466,722,488","-728,709,564,209","ESTACION DE SERVICIO DE GNCV","GNV","1","222","162","2,092.99"
"2023 Jul 03 12:00:00 AM","2,023","7","3","15,151","BOYACA","CHIQUINQUIRA","56,224,880,219","-738,042,449,951","ESTACION DE SERVICIO DE GNCV","GNV","2","368","274","3,023.66"
"2023 Jul 18 12:00:00 AM","2,023","7","18","15,157","BOYACA","SOGAMOSO","56,466,722,488","-728,709,564,209","ESTACION DE SERVICIO DE GNCV","GNV","1","260","188","2,205.87"
"2023 Jul 18 12:00:00 AM","2,023","7","18","15,152","BOYACA","DUITAMA","58,906,025,887","-730,670,928,955","ESTACION DE SERVICIO DE GNCV","GNV","2","191","142","2,451.42"
"2023 Jul 13 12:00:00 AM","2,023","7","13","15,157","BOYACA","SOGAMOSO","56,466,722,488","-728,709,564,209","ESTACION DE SERVICIO DE GNCV","GNV","1","266","165","2,374.34"
"2023 Jun 07 12:00:00 AM","2,023","6","7","15,151","BOYACA","CHIQUINQUIRA","56,224,880,219","-738,042,449,951","ESTACION DE SERVICIO DE GNCV","GNV","2","481","335","3,891.58"
"2023 Jun 20 12:00:00 AM","2,023","6","20","15,157","BOYACA","SOGAMOSO","56,466,722,488","-728,709,564,209","ESTACION DE SERVICIO DE GNCV","GNV","1","222","164","2,092.11"
"2023 Jun 21 12:00:00 AM","2,023","6","21","15,157","BOYACA","SOGAMOSO","56,466,722,488","-728,709,564,209","ESTACION DE SERVICIO DE GNCV","GNV","1","218","157","1,995.98"
"2023 Jun 17 12:00:00 AM","2,023","6","17","15,152","BOYACA","DUITAMA","58,906,025,887","-730,670,928,955","ESTACION DE SERVICIO DE GNCV","GNV","2","262","190","7,212.95"
"2023 Jun 19 12:00:00 AM","2,023","6","19","15,157","BOYACA","SOGAMOSO","56,466,722,488","-728,709,564,209","ESTACION DE SERVICIO DE GNCV","GNV","1","178","139","1,804.94"
"2023 Jun 28 12:00:00 AM","2,023","6","28","15,152","BOYACA","DUITAMA","58,906,025,887","-730,670,928,955","ESTACION DE SERVICIO DE GNCV","GNV","2","234","174","8,810.01"
"2023 Jun 22 12:00:00 AM","2,023","6","22","15,151","BOYACA","CHIQUINQUIRA","56,224,880,219","-738,042,449,951","ESTACION DE SERVICIO DE GNCV","GNV","2","502","346","4,076.51"
"2023 Jun 20 12:00:00 AM","2,023","6","20","15,152","BOYACA","DUITAMA","58,906,025,887","-730,670,928,955","ESTACION DE SERVICIO DE GNCV","GNV","2","227","184","7,628.31"
"2023 Jun 26 12:00:00 AM","2,023","6","26","15,151","BOYACA","CHIQUINQUIRA","56,224,880,219","-738,042,449,951","ESTACION DE SERVICIO DE GNCV","GNV","2","451","331","3,872.36"
"2023 Jun 17 12:00:00 AM","2,023","6","17","15,151","BOYACA","CHIQUINQUIRA","56,224,880,219","-738,042,449,951","ESTACION DE SERVICIO DE GNCV","GNV","2","543","349","4,386.68"
"2023 Jun 01 12:00:00 AM","2,023","6","1","15,150","BOYACA","TUNJA","55,184,726,715","-733,780,212,402","ESTACION DE SERVICIO DE GNCV","GNV","2","426","306","4,355.96"
"2023 Jun 14 12:00:00 AM","2,023","6","14","15,157","BOYACA","SOGAMOSO","56,466,722,488","-728,709,564,209","ESTACION DE SERVICIO DE GNCV","GNV","1","255","185","2,382.18"
"2023 Jun 26 12:00:00 AM","2,023","6","26","15,157","BOYACA","SOGAMOSO","56,466,722,488","-728,709,564,209","ESTACION DE SERVICIO DE GNCV","GNV","1","236","171","2,153.09"
"2023 Jun 02 12:00:00 AM","2,023","6","2","15,152","BOYACA","DUITAMA","58,906,025,887","-730,670,928,955","ESTACION DE SERVICIO DE GNCV","GNV","1","81","75","1,341.5"
"2023 Jun 30 12:00:00 AM","2,023","6","30","15,150","BOYACA","TUNJA","55,184,726,715","-733,780,212,402","ESTACION DE SERVICIO DE GNCV","GNV","2","477","340","5,086.12"
"2023 Jun 04 12:00:00 AM","2,023","6","4","15,151","BOYACA","CHIQUINQUIRA","56,224,880,219","-738,042,449,951","ESTACION DE SERVICIO DE GNCV","GNV","2","436","283","3,200.05"
"2023 Jun 07 12:00:00 AM","2,023","6","7","15,157","BOYACA","SOGAMOSO","56,466,722,488","-728,709,564,209","ESTACION DE SERVICIO DE GNCV","GNV","1","218","162","2,008.14"
"2023 Jun 08 12:00:00 AM","2,023","6","8","15,150","BOYACA","TUNJA","55,184,726,715","-733,780,212,402","ESTACION DE SERVICIO DE GNCV","GNV","2","435","296","4,398.56"
"2023 Jun 15 12:00:00 AM","2,023","6","15","15,151","BOYACA","CHIQUINQUIRA","56,224,880,219","-738,042,449,951","ESTACION DE SERVICIO DE GNCV","GNV","2","485","345","4,040.07"
"2023 Jun 14 12:00:00 AM","2,023","6","14","15,152","BOYACA","DUITAMA","58,906,025,887","-730,670,928,955","ESTACION DE SERVICIO DE GNCV","GNV","2","239","190","9,296.46"
"2023 Jun 12 12:00:00 AM","2,023","6","12","15,157","BOYACA","SOGAMOSO","56,466,722,488","-728,709,564,209","ESTACION DE SERVICIO DE GNCV","GNV","1","183","132","1,826.3"
"2023 Jun 20 12:00:00 AM","2,023","6","20","15,151","BOYACA","CHIQUINQUIRA","56,224,880,219","-738,042,449,951","ESTACION DE SERVICIO DE GNCV","GNV","2","482","338","3,996.76"
"2023 Jun 03 12:00:00 AM","2,023","6","3","15,157","BOYACA","SOGAMOSO","56,466,722,488","-728,709,564,209","ESTACION DE SERVICIO DE GNCV","GNV","1","267","177","2,343.55"
"2023 Jun 26 12:00:00 AM","2,023","6","26","15,150","BOYACA","TUNJA","55,184,726,715","-733,780,212,402","ESTACION DE SERVICIO DE GNCV","GNV","2","400","296","4,325.73"
"2023 Jun 28 12:00:00 AM","2,023","6","28","15,151","BOYACA","CHIQUINQUIRA","56,224,880,219","-738,042,449,951","ESTACION DE SERVICIO DE GNCV","GNV","2","469","329","3,860.04"
"2023 Jun 16 12:00:00 AM","2,023","6","16","15,151","BOYACA","CHIQUINQUIRA","56,224,880,219","-738,042,449,951","ESTACION DE SERVICIO DE GNCV","GNV","2","523","351","4,329.68"
"2023 Jun 12 12:00:00 AM","2,023","6","12","15,151","BOYACA","CHIQUINQUIRA","56,224,880,219","-738,042,449,951","ESTACION DE SERVICIO DE GNCV","GNV","2","420","298","3,542.93"
"2023 Jun 21 12:00:00 AM","2,023","6","21","15,152","BOYACA","DUITAMA","58,906,025,887","-730,670,928,955","ESTACION DE SERVICIO DE GNCV","GNV","2","251","185","9,227.05"
"2023 Jun 18 12:00:00 AM","2,023","6","18","15,157","BOYACA","SOGAMOSO","56,466,722,488","-728,709,564,209","ESTACION DE SERVICIO DE GNCV","GNV","1","194","138","1,573.15"
"2023 Jun 11 12:00:00 AM","2,023","6","11","15,151","BOYACA","CHIQUINQUIRA","56,224,880,219","-738,042,449,951","ESTACION DE SERVICIO DE GNCV","GNV","2","463","295","3,392.23"
"2023 Jun 24 12:00:00 AM","2,023","6","24","15,151","BOYACA","CHIQUINQUIRA","56,224,880,219","-738,042,449,951","ESTACION DE SERVICIO DE GNCV","GNV","2","483","329","3,762.73"
"2023 Jun 18 12:00:00 AM","2,023","6","18","15,150","BOYACA","TUNJA","55,184,726,715","-733,780,212,402","ESTACION DE SERVICIO DE GNCV","GNV","3","415","290","4,031.23"
"2023 Jun 04 12:00:00 AM","2,023","6","4","15,150","BOYACA","TUNJA","55,184,726,715","-733,780,212,402","ESTACION DE SERVICIO DE GNCV","GNV","2","354","235","3,434.02"
"2023 Jun 09 12:00:00 AM","2,023","6","9","15,150","BOYACA","TUNJA","55,184,726,715","-733,780,212,402","ESTACION DE SERVICIO DE GNCV","GNV","3","511","342","5,043.67"
"2023 Jun 04 12:00:00 AM","2,023","6","4","15,157","BOYACA","SOGAMOSO","56,466,722,488","-728,709,564,209","ESTACION DE SERVICIO DE GNCV","GNV","1","197","133","2,043.35"
"2023 Jun 12 12:00:00 AM","2,023","6","12","15,150","BOYACA","TUNJA","55,184,726,715","-733,780,212,402","ESTACION DE SERVICIO DE GNCV","GNV","3","432","310","4,314.35"
"2023 Jun 15 12:00:00 AM","2,023","6","15","15,150","BOYACA","TUNJA","55,184,726,715","-733,780,212,402","ESTACION DE SERVICIO DE GNCV","GNV","3","574","401","6,025.45"
"2023 Jun 19 12:00:00 AM","2,023","6","19","15,152","BOYACA","DUITAMA","58,906,025,887","-730,670,928,955","ESTACION DE SERVICIO DE GNCV","GNV","2","155","127","2,592.53"
"2023 Jun 10 12:00:00 AM","2,023","6","10","15,157","BOYACA","SOGAMOSO","56,466,722,488","-728,709,564,209","ESTACION DE SERVICIO DE GNCV","GNV","1","273","175","2,269.86"
"2023 Jun 11 12:00:00 AM","2,023","6","11","15,150","BOYACA","TUNJA","55,184,726,715","-733,780,212,402","ESTACION DE SERVICIO DE GNCV","GNV","3","433","302","4,215.98"
"2023 Jun 03 12:00:00 AM","2,023","6","3","15,151","BOYACA","CHIQUINQUIRA","56,224,880,219","-738,042,449,951","ESTACION DE SERVICIO DE GNCV","GNV","2","489","320","3,911.06"
"2023 Jun 22 12:00:00 AM","2,023","6","22","15,157","BOYACA","SOGAMOSO","56,466,722,488","-728,709,564,209","ESTACION DE SERVICIO DE GNCV","GNV","1","232","175","2,060.32"
"2023 Jun 21 12:00:00 AM","2,023","6","21","15,151","BOYACA","CHIQUINQUIRA","56,224,880,219","-738,042,449,951","ESTACION DE SERVICIO DE GNCV","GNV","2","483","331","3,884.07"
"2023 Jun 09 12:00:00 AM","2,023","6","9","15,151","BOYACA","CHIQUINQUIRA","56,224,880,219","-738,042,449,951","ESTACION DE SERVICIO DE GNCV","GNV","2","497","341","4,102.81"
"2023 Jun 08 12:00:00 AM","2,023","6","8","15,151","BOYACA","CHIQUINQUIRA","56,224,880,219","-738,042,449,951","ESTACION DE SERVICIO DE GNCV","GNV","2","474","329","3,814.99"
"2023 Jun 27 12:00:00 AM","2,023","6","27","15,151","BOYACA","CHIQUINQUIRA","56,224,880,219","-738,042,449,951","ESTACION DE SERVICIO DE GNCV","GNV","2","440","309","3,754.17"
"2023 Jun 28 12:00:00 AM","2,023","6","28","15,150","BOYACA","TUNJA","55,184,726,715","-733,780,212,402","ESTACION DE SERVICIO DE GNCV","GNV","2","380","288","4,264.17"
"2023 Jun 23 12:00:00 AM","2,023","6","23","15,157","BOYACA","SOGAMOSO","56,466,722,488","-728,709,564,209","ESTACION DE SERVICIO DE GNCV","GNV","1","249","176","2,288.88"
"2023 Jun 25 12:00:00 AM","2,023","6","25","15,150","BOYACA","TUNJA","55,184,726,715","-733,780,212,402","ESTACION DE SERVICIO DE GNCV","GNV","2","343","243","3,305.64"
"2023 Jun 23 12:00:00 AM","2,023","6","23","15,152","BOYACA","DUITAMA","58,906,025,887","-730,670,928,955","ESTACION DE SERVICIO DE GNCV","GNV","2","250","192","8,533.32"
"2023 Jun 25 12:00:00 AM","2,023","6","25","15,151","BOYACA","CHIQUINQUIRA","56,224,880,219","-738,042,449,951","ESTACION DE SERVICIO DE GNCV","GNV","2","428","295","3,278.36"
"2023 Jun 22 12:00:00 AM","2,023","6","22","15,152","BOYACA","DUITAMA","58,906,025,887","-730,670,928,955","ESTACION DE SERVICIO DE GNCV","GNV","2","235","184","8,738.03"
"2023 Jun 10 12:00:00 AM","2,023","6","10","15,150","BOYACA","TUNJA","55,184,726,715","-733,780,212,402","ESTACION DE SERVICIO DE GNCV","GNV","3","583","389","5,941.01"
"2023 Jun 27 12:00:00 AM","2,023","6","27","15,152","BOYACA","DUITAMA","58,906,025,887","-730,670,928,955","ESTACION DE SERVICIO DE GNCV","GNV","2","234","183","8,809.11"
"2023 Jun 19 12:00:00 AM","2,023","6","19","15,150","BOYACA","TUNJA","55,184,726,715","-733,780,212,402","ESTACION DE SERVICIO DE GNCV","GNV","3","454","336","4,496.41"
"2023 Jun 05 12:00:00 AM","2,023","6","5","15,151","BOYACA","CHIQUINQUIRA","56,224,880,219","-738,042,449,951","ESTACION DE SERVICIO DE GNCV","GNV","2","495","345","4,044.44"
"2023 Jun 16 12:00:00 AM","2,023","6","16","15,157","BOYACA","SOGAMOSO","56,466,722,488","-728,709,564,209","ESTACION DE SERVICIO DE GNCV","GNV","1","233","173","2,128.88"
"2023 Jun 07 12:00:00 AM","2,023","6","7","15,150","BOYACA","TUNJA","55,184,726,715","-733,780,212,402","ESTACION DE SERVICIO DE GNCV","GNV","2","438","285","4,272.07"
"2023 Jun 13 12:00:00 AM","2,023","6","13","15,151","BOYACA","CHIQUINQUIRA","56,224,880,219","-738,042,449,951","ESTACION DE SERVICIO DE GNCV","GNV","2","494","348","4,049.42"
"2023 Jun 01 12:00:00 AM","2,023","6","1","15,152","BOYACA","DUITAMA","58,906,025,887","-730,670,928,955","ESTACION DE SERVICIO DE GNCV","GNV","1","74","67","811.99"
"2023 Jun 29 12:00:00 AM","2,023","6","29","15,152","BOYACA","DUITAMA","58,906,025,887","-730,670,928,955","ESTACION DE SERVICIO DE GNCV","GNV","2","234","181","8,055.89"
"2023 Jun 05 12:00:00 AM","2,023","6","5","15,152","BOYACA","DUITAMA","58,906,025,887","-730,670,928,955","ESTACION DE SERVICIO DE GNCV","GNV","2","132","116","4,453.87"
"2023 Jun 28 12:00:00 AM","2,023","6","28","15,157","BOYACA","SOGAMOSO","56,466,722,488","-728,709,564,209","ESTACION DE SERVICIO DE GNCV","GNV","1","239","168","2,090.61"
"2023 Jun 24 12:00:00 AM","2,023","6","24","15,152","BOYACA","DUITAMA","58,906,025,887","-730,670,928,955","ESTACION DE SERVICIO DE GNCV","GNV","2","244","189","8,086.64"
"2023 Jun 18 12:00:00 AM","2,023","6","18","15,151","BOYACA","CHIQUINQUIRA","56,224,880,219","-738,042,449,951","ESTACION DE SERVICIO DE GNCV","GNV","2","489","312","3,860.39"
"2023 Jun 01 12:00:00 AM","2,023","6","1","15,157","BOYACA","SOGAMOSO","56,466,722,488","-728,709,564,209","ESTACION DE SERVICIO DE GNCV","GNV","1","244","172","2,201.06"
"2023 Jun 27 12:00:00 AM","2,023","6","27","15,150","BOYACA","TUNJA","55,184,726,715","-733,780,212,402","ESTACION DE SERVICIO DE GNCV","GNV","2","391","276","4,145.02"
"2023 Jun 24 12:00:00 AM","2,023","6","24","15,150","BOYACA","TUNJA","55,184,726,715","-733,780,212,402","ESTACION DE SERVICIO DE GNCV","GNV","2","403","290","4,879.42"
"2023 Jun 29 12:00:00 AM","2,023","6","29","15,151","BOYACA","CHIQUINQUIRA","56,224,880,219","-738,042,449,951","ESTACION DE SERVICIO DE GNCV","GNV","2","500","344","4,187.94"
"2023 Jun 05 12:00:00 AM","2,023","6","5","15,150","BOYACA","TUNJA","55,184,726,715","-733,780,212,402","ESTACION DE SERVICIO DE GNCV","GNV","2","439","294","4,286.37"
"2023 Jun 05 12:00:00 AM","2,023","6","5","15,157","BOYACA","SOGAMOSO","56,466,722,488","-728,709,564,209","ESTACION DE SERVICIO DE GNCV","GNV","1","238","177","2,247.14"
"2023 Jun 14 12:00:00 AM","2,023","6","14","15,150","BOYACA","TUNJA","55,184,726,715","-733,780,212,402","ESTACION DE SERVICIO DE GNCV","GNV","3","531","362","5,404.2"
"2023 Jun 17 12:00:00 AM","2,023","6","17","15,150","BOYACA","TUNJA","55,184,726,715","-733,780,212,402","ESTACION DE SERVICIO DE GNCV","GNV","3","589","395","5,854.33"
"2023 Jun 21 12:00:00 AM","2,023","6","21","15,150","BOYACA","TUNJA","55,184,726,715","-733,780,212,402","ESTACION DE SERVICIO DE GNCV","GNV","3","557","367","5,381.2"
"2023 Jun 11 12:00:00 AM","2,023","6","11","15,152","BOYACA","DUITAMA","58,906,025,887","-730,670,928,955","ESTACION DE SERVICIO DE GNCV","GNV","2","170","118","1,830.6"
"2023 Jun 23 12:00:00 AM","2,023","6","23","15,150","BOYACA","TUNJA","55,184,726,715","-733,780,212,402","ESTACION DE SERVICIO DE GNCV","GNV","3","522","354","5,042.65"
"2023 Jun 15 12:00:00 AM","2,023","6","15","15,152","BOYACA","DUITAMA","58,906,025,887","-730,670,928,955","ESTACION DE SERVICIO DE GNCV","GNV","2","235","187","7,720.01"
"2023 Jun 29 12:00:00 AM","2,023","6","29","15,157","BOYACA","SOGAMOSO","56,466,722,488","-728,709,564,209","ESTACION DE SERVICIO DE GNCV","GNV","1","230","163","2,080.94"
"2023 Jun 17 12:00:00 AM","2,023","6","17","15,157","BOYACA","SOGAMOSO","56,466,722,488","-728,709,564,209","ESTACION DE SERVICIO DE GNCV","GNV","1","247","168","2,141.78"
"2023 Jun 06 12:00:00 AM","2,023","6","6","15,157","BOYACA","SOGAMOSO","56,466,722,488","-728,709,564,209","ESTACION DE SERVICIO DE GNCV","GNV","1","247","172","2,192.78"
"2023 Jun 03 12:00:00 AM","2,023","6","3","15,152","BOYACA","DUITAMA","58,906,025,887","-730,670,928,955","ESTACION DE SERVICIO DE GNCV","GNV","1","75","62","1,210.83"
"2023 Jun 13 12:00:00 AM","2,023","6","13","15,157","BOYACA","SOGAMOSO","56,466,722,488","-728,709,564,209","ESTACION DE SERVICIO DE GNCV","GNV","1","257","192","2,339.17"
"2023 Jun 29 12:00:00 AM","2,023","6","29","15,150","BOYACA","TUNJA","55,184,726,715","-733,780,212,402","ESTACION DE SERVICIO DE GNCV","GNV","2","412","283","4,202.6"
"2023 Jun 11 12:00:00 AM","2,023","6","11","15,157","BOYACA","SOGAMOSO","56,466,722,488","-728,709,564,209","ESTACION DE SERVICIO DE GNCV","GNV","1","262","172","2,145.21"
"2023 Jun 30 12:00:00 AM","2,023","6","30","15,152","BOYACA","DUITAMA","58,906,025,887","-730,670,928,955","ESTACION DE SERVICIO DE GNCV","GNV","2","246","186","6,444.61"
"2023 Jun 20 12:00:00 AM","2,023","6","20","15,150","BOYACA","TUNJA","55,184,726,715","-733,780,212,402","ESTACION DE SERVICIO DE GNCV","GNV","3","583","384","5,709.95"
"2023 Jun 16 12:00:00 AM","2,023","6","16","15,150","BOYACA","TUNJA","55,184,726,715","-733,780,212,402","ESTACION DE SERVICIO DE GNCV","GNV","3","612","397","6,000.03"
"2023 Jun 25 12:00:00 AM","2,023","6","25","15,157","BOYACA","SOGAMOSO","56,466,722,488","-728,709,564,209","ESTACION DE SERVICIO DE GNCV","GNV","1","213","136","1,719.91"
"2023 Jun 02 12:00:00 AM","2,023","6","2","15,157","BOYACA","SOGAMOSO","56,466,722,488","-728,709,564,209","ESTACION DE SERVICIO DE GNCV","GNV","1","259","177","2,195.53"
"2023 Jun 06 12:00:00 AM","2,023","6","6","15,150","BOYACA","TUNJA","55,184,726,715","-733,780,212,402","ESTACION DE SERVICIO DE GNCV","GNV","2","447","304","4,539.4"
"2023 Jun 01 12:00:00 AM","2,023","6","1","15,151","BOYACA","CHIQUINQUIRA","56,224,880,219","-738,042,449,951","ESTACION DE SERVICIO DE GNCV","GNV","2","453","310","3,594.38"
"2023 Jun 08 12:00:00 AM","2,023","6","8","15,157","BOYACA","SOGAMOSO","56,466,722,488","-728,709,564,209","ESTACION DE SERVICIO DE GNCV","GNV","1","224","157","2,069.7"
"2023 Jun 02 12:00:00 AM","2,023","6","2","15,151","BOYACA","CHIQUINQUIRA","56,224,880,219","-738,042,449,951","ESTACION DE SERVICIO DE GNCV","GNV","2","508","342","4,077.28"
"2023 Jun 25 12:00:00 AM","2,023","6","25","15,152","BOYACA","DUITAMA","58,906,025,887","-730,670,928,955","ESTACION DE SERVICIO DE GNCV","GNV","2","185","135","4,076.41"
"2023 Jun 06 12:00:00 AM","2,023","6","6","15,152","BOYACA","DUITAMA","58,906,025,887","-730,670,928,955","ESTACION DE SERVICIO DE GNCV","GNV","2","232","178","9,095.57"
"2023 Jun 30 12:00:00 AM","2,023","6","30","15,157","BOYACA","SOGAMOSO","56,466,722,488","-728,709,564,209","ESTACION DE SERVICIO DE GNCV","GNV","1","259","178","2,616.11"
"2023 Jun 24 12:00:00 AM","2,023","6","24","15,157","BOYACA","SOGAMOSO","56,466,722,488","-728,709,564,209","ESTACION DE SERVICIO DE GNCV","GNV","1","256","170","2,190.45"
"2023 Jun 23 12:00:00 AM","2,023","6","23","15,151","BOYACA","CHIQUINQUIRA","56,224,880,219","-738,042,449,951","ESTACION DE SERVICIO DE GNCV","GNV","2","487","333","3,920.54"
"2023 Jun 18 12:00:00 AM","2,023","6","18","15,152","BOYACA","DUITAMA","58,906,025,887","-730,670,928,955","ESTACION DE SERVICIO DE GNCV","GNV","2","171","118","1,479.07"
"2023 Jun 06 12:00:00 AM","2,023","6","6","15,151","BOYACA","CHIQUINQUIRA","56,224,880,219","-738,042,449,951","ESTACION DE SERVICIO DE GNCV","GNV","2","491","337","3,904.18"
"2023 Jun 27 12:00:00 AM","2,023","6","27","15,157","BOYACA","SOGAMOSO","56,466,722,488","-728,709,564,209","ESTACION DE SERVICIO DE GNCV","GNV","1","232","167","2,045.03"
"2023 Jun 12 12:00:00 AM","2,023","6","12","15,152","BOYACA","DUITAMA","58,906,025,887","-730,670,928,955","ESTACION DE SERVICIO DE GNCV","GNV","2","152","116","2,169.83"
"2023 Jun 10 12:00:00 AM","2,023","6","10","15,152","BOYACA","DUITAMA","58,906,025,887","-730,670,928,955","ESTACION DE SERVICIO DE GNCV","GNV","2","248","186","7,450.21"
"2023 Jun 08 12:00:00 AM","2,023","6","8","15,152","BOYACA","DUITAMA","58,906,025,887","-730,670,928,955","ESTACION DE SERVICIO DE GNCV","GNV","2","213","162","7,855.8"
"2023 Jun 26 12:00:00 AM","2,023","6","26","15,152","BOYACA","DUITAMA","58,906,025,887","-730,670,928,955","ESTACION DE SERVICIO DE GNCV","GNV","2","236","188","8,097.22"
"2023 Jun 09 12:00:00 AM","2,023","6","9","15,152","BOYACA","DUITAMA","58,906,025,887","-730,670,928,955","ESTACION DE SERVICIO DE GNCV","GNV","2","267","211","9,716.7"
"2023 Jun 02 12:00:00 AM","2,023","6","2","15,150","BOYACA","TUNJA","55,184,726,715","-733,780,212,402","ESTACION DE SERVICIO DE GNCV","GNV","2","483","299","4,751.63"
"2023 Jun 03 12:00:00 AM","2,023","6","3","15,150","BOYACA","TUNJA","55,184,726,715","-733,780,212,402","ESTACION DE SERVICIO DE GNCV","GNV","2","464","309","4,367.07"
"2023 Jun 10 12:00:00 AM","2,023","6","10","15,151","BOYACA","CHIQUINQUIRA","56,224,880,219","-738,042,449,951","ESTACION DE SERVICIO DE GNCV","GNV","2","504","337","4,078.99"
"2023 Jun 19 12:00:00 AM","2,023","6","19","15,151","BOYACA","CHIQUINQUIRA","56,224,880,219","-738,042,449,951","ESTACION DE SERVICIO DE GNCV","GNV","2","428","303","3,392.86"
"2023 Jun 14 12:00:00 AM","2,023","6","14","15,151","BOYACA","CHIQUINQUIRA","56,224,880,219","-738,042,449,951","ESTACION DE SERVICIO DE GNCV","GNV","2","477","328","3,914.8"
"2023 Jun 07 12:00:00 AM","2,023","6","7","15,152","BOYACA","DUITAMA","58,906,025,887","-730,670,928,955","ESTACION DE SERVICIO DE GNCV","GNV","2","215","174","8,104.96"
"2023 Jun 04 12:00:00 AM","2,023","6","4","15,152","BOYACA","DUITAMA","58,906,025,887","-730,670,928,955","ESTACION DE SERVICIO DE GNCV","GNV","1","63","55","812.03"
"2023 Jun 16 12:00:00 AM","2,023","6","16","15,152","BOYACA","DUITAMA","58,906,025,887","-730,670,928,955","ESTACION DE SERVICIO DE GNCV","GNV","2","234","180","8,113.12"
"2023 Jun 13 12:00:00 AM","2,023","6","13","15,150","BOYACA","TUNJA","55,184,726,715","-733,780,212,402","ESTACION DE SERVICIO DE GNCV","GNV","3","547","381","6,016.82"
"2023 Jun 22 12:00:00 AM","2,023","6","22","15,150","BOYACA","TUNJA","55,184,726,715","-733,780,212,402","ESTACION DE SERVICIO DE GNCV","GNV","3","589","395","5,840.72"
"2023 Jun 09 12:00:00 AM","2,023","6","9","15,157","BOYACA","SOGAMOSO","56,466,722,488","-728,709,564,209","ESTACION DE SERVICIO DE GNCV","GNV","1","243","167","2,199.13"
"2023 Jun 30 12:00:00 AM","2,023","6","30","15,151","BOYACA","CHIQUINQUIRA","56,224,880,219","-738,042,449,951","ESTACION DE SERVICIO DE GNCV","GNV","2","510","368","4,274.11"
"2023 Jun 13 12:00:00 AM","2,023","6","13","15,152","BOYACA","DUITAMA","58,906,025,887","-730,670,928,955","ESTACION DE SERVICIO DE GNCV","GNV","2","245","187","8,643.12"
"2023 Jun 15 12:00:00 AM","2,023","6","15","15,157","BOYACA","SOGAMOSO","56,466,722,488","-728,709,564,209","ESTACION DE SERVICIO DE GNCV","GNV","1","243","166","2,140.15"
"2023 May 22 12:00:00 AM","2,023","5","22","15,151","BOYACA","CHIQUINQUIRA","56,224,880,219","-738,042,449,951","ESTACION DE SERVICIO DE GNCV","GNV","2","398","287","3,277.39"
"2023 May 28 12:00:00 AM","2,023","5","28","15,151","BOYACA","CHIQUINQUIRA","56,224,880,219","-738,042,449,951","ESTACION DE SERVICIO DE GNCV","GNV","2","434","296","3,141.19"
"2023 May 06 12:00:00 AM","2,023","5","6","15,157","BOYACA","SOGAMOSO","56,466,722,488","-728,709,564,209","ESTACION DE SERVICIO DE GNCV","GNV","1","249","155","1,895.86"
"2023 May 27 12:00:00 AM","2,023","5","27","15,152","BOYACA","DUITAMA","58,906,025,887","-730,670,928,955","ESTACION DE SERVICIO DE GNCV","GNV","1","79","67","1.851"
"2023 May 25 12:00:00 AM","2,023","5","25","15,150","BOYACA","TUNJA","55,184,726,715","-733,780,212,402","ESTACION DE SERVICIO DE GNCV","GNV","2","392","278","3,916.64"
"2023 May 09 12:00:00 AM","2,023","5","9","15,150","BOYACA","TUNJA","55,184,726,715","-733,780,212,402","ESTACION DE SERVICIO DE GNCV","GNV","2","419","291","4,579.34"
"2023 May 02 12:00:00 AM","2,023","5","2","15,151","BOYACA","CHIQUINQUIRA","56,224,880,219","-738,042,449,951","ESTACION DE SERVICIO DE GNCV","GNV","2","440","301","3,758.04"
"2023 May 30 12:00:00 AM","2,023","5","30","15,152","BOYACA","DUITAMA","58,906,025,887","-730,670,928,955","ESTACION DE SERVICIO DE GNCV","GNV","1","76","65","1,905.97"
"2023 May 14 12:00:00 AM","2,023","5","14","15,152","BOYACA","DUITAMA","58,906,025,887","-730,670,928,955","ESTACION DE SERVICIO DE GNCV","GNV","1","78","64","1,121.12"
"2023 May 31 12:00:00 AM","2,023","5","31","15,151","BOYACA","CHIQUINQUIRA","56,224,880,219","-738,042,449,951","ESTACION DE SERVICIO DE GNCV","GNV","2","434","299","3,397.23"
"2023 May 21 12:00:00 AM","2,023","5","21","15,157","BOYACA","SOGAMOSO","56,466,722,488","-728,709,564,209","ESTACION DE SERVICIO DE GNCV","GNV","1","145","101","1,246.62"
"2023 May 19 12:00:00 AM","2,023","5","19","15,152","BOYACA","DUITAMA","58,906,025,887","-730,670,928,955","ESTACION DE SERVICIO DE GNCV","GNV","1","95","82","1,498.59"
"2023 May 22 12:00:00 AM","2,023","5","22","15,157","BOYACA","SOGAMOSO","56,466,722,488","-728,709,564,209","ESTACION DE SERVICIO DE GNCV","GNV","1","181","143","1,907.99"
"2023 May 31 12:00:00 AM","2,023","5","31","15,152","BOYACA","DUITAMA","58,906,025,887","-730,670,928,955","ESTACION DE SERVICIO DE GNCV","GNV","1","78","69","874.6"
"2023 May 15 12:00:00 AM","2,023","5","15","15,152","BOYACA","DUITAMA","58,906,025,887","-730,670,928,955","ESTACION DE SERVICIO DE GNCV","GNV","1","72","64","1,163.2"
"2023 May 23 12:00:00 AM","2,023","5","23","15,151","BOYACA","CHIQUINQUIRA","56,224,880,219","-738,042,449,951","ESTACION DE SERVICIO DE GNCV","GNV","2","499","334","4,023.37"
"2023 May 15 12:00:00 AM","2,023","5","15","15,157","BOYACA","SOGAMOSO","56,466,722,488","-728,709,564,209","ESTACION DE SERVICIO DE GNCV","GNV","1","232","176","2,155.07"
"2023 May 24 12:00:00 AM","2,023","5","24","15,152","BOYACA","DUITAMA","58,906,025,887","-730,670,928,955","ESTACION DE SERVICIO DE GNCV","GNV","1","63","54","779.69"
"2023 May 19 12:00:00 AM","2,023","5","19","15,150","BOYACA","TUNJA","55,184,726,715","-733,780,212,402","ESTACION DE SERVICIO DE GNCV","GNV","2","427","299","4,152.03"
"2023 May 23 12:00:00 AM","2,023","5","23","15,152","BOYACA","DUITAMA","58,906,025,887","-730,670,928,955","ESTACION DE SERVICIO DE GNCV","GNV","1","82","73","1,642.52"
"2023 May 14 12:00:00 AM","2,023","5","14","15,157","BOYACA","SOGAMOSO","56,466,722,488","-728,709,564,209","ESTACION DE SERVICIO DE GNCV","GNV","1","235","151","2,147.01"
"2023 May 20 12:00:00 AM","2,023","5","20","15,157","BOYACA","SOGAMOSO","56,466,722,488","-728,709,564,209","ESTACION DE SERVICIO DE GNCV","GNV","1","269","173","2,244.13"
"2023 May 07 12:00:00 AM","2,023","5","7","15,150","BOYACA","TUNJA","55,184,726,715","-733,780,212,402","ESTACION DE SERVICIO DE GNCV","GNV","2","355","239","3,298.31"
"2023 May 01 12:00:00 AM","2,023","5","1","15,150","BOYACA","TUNJA","55,184,726,715","-733,780,212,402","ESTACION DE SERVICIO DE GNCV","GNV","2","341","244","3,342.63"
"2023 May 04 12:00:00 AM","2,023","5","4","15,151","BOYACA","CHIQUINQUIRA","56,224,880,219","-738,042,449,951","ESTACION DE SERVICIO DE GNCV","GNV","2","473","322","3,854.64"
"2023 May 06 12:00:00 AM","2,023","5","6","15,151","BOYACA","CHIQUINQUIRA","56,224,880,219","-738,042,449,951","ESTACION DE SERVICIO DE GNCV","GNV","2","486","328","3,893.85"
"2023 May 24 12:00:00 AM","2,023","5","24","15,151","BOYACA","CHIQUINQUIRA","56,224,880,219","-738,042,449,951","ESTACION DE SERVICIO DE GNCV","GNV","2","471","320","3,808.26"
"2023 May 12 12:00:00 AM","2,023","5","12","15,152","BOYACA","DUITAMA","58,906,025,887","-730,670,928,955","ESTACION DE SERVICIO DE GNCV","GNV","1","78","70","986.98"
"2023 May 17 12:00:00 AM","2,023","5","17","15,152","BOYACA","DUITAMA","58,906,025,887","-730,670,928,955","ESTACION DE SERVICIO DE GNCV","GNV","1","72","59","1,202.56"
"2023 May 05 12:00:00 AM","2,023","5","5","15,157","BOYACA","SOGAMOSO","56,466,722,488","-728,709,564,209","ESTACION DE SERVICIO DE GNCV","GNV","1","289","185","2,312.12"
"2023 May 29 12:00:00 AM","2,023","5","29","15,150","BOYACA","TUNJA","55,184,726,715","-733,780,212,402","ESTACION DE SERVICIO DE GNCV","GNV","2","424","300","4,079.64"
"2023 May 03 12:00:00 AM","2,023","5","3","15,151","BOYACA","CHIQUINQUIRA","56,224,880,219","-738,042,449,951","ESTACION DE SERVICIO DE GNCV","GNV","2","494","342","3,988.09"
"2023 May 06 12:00:00 AM","2,023","5","6","15,152","BOYACA","DUITAMA","58,906,025,887","-730,670,928,955","ESTACION DE SERVICIO DE GNCV","GNV","1","70","58","955.55"
"2023 May 31 12:00:00 AM","2,023","5","31","15,150","BOYACA","TUNJA","55,184,726,715","-733,780,212,402","ESTACION DE SERVICIO DE GNCV","GNV","2","446","305","4,465.04"
"2023 May 04 12:00:00 AM","2,023","5","4","15,157","BOYACA","SOGAMOSO","56,466,722,488","-728,709,564,209","ESTACION DE SERVICIO DE GNCV","GNV","1","218","154","1,702.05"
"2023 May 14 12:00:00 AM","2,023","5","14","15,151","BOYACA","CHIQUINQUIRA","56,224,880,219","-738,042,449,951","ESTACION DE SERVICIO DE GNCV","GNV","2","419","285","3,317.44"
"2023 May 11 12:00:00 AM","2,023","5","11","15,151","BOYACA","CHIQUINQUIRA","56,224,880,219","-738,042,449,951","ESTACION DE SERVICIO DE GNCV","GNV","2","471","325","3,642.52"
"2023 May 09 12:00:00 AM","2,023","5","9","15,152","BOYACA","DUITAMA","58,906,025,887","-730,670,928,955","ESTACION DE SERVICIO DE GNCV","GNV","1","77","68","1,100.7"
"2023 May 28 12:00:00 AM","2,023","5","28","15,150","BOYACA","TUNJA","55,184,726,715","-733,780,212,402","ESTACION DE SERVICIO DE GNCV","GNV","2","320","202","2,893.02"
"2023 May 22 12:00:00 AM","2,023","5","22","15,150","BOYACA","TUNJA","55,184,726,715","-733,780,212,402","ESTACION DE SERVICIO DE GNCV","GNV","2","296","232","3,007.84"
"2023 May 01 12:00:00 AM","2,023","5","1","15,152","BOYACA","DUITAMA","58,906,025,887","-730,670,928,955","ESTACION DE SERVICIO DE GNCV","GNV","1","46","42","817.49"
"2023 May 07 12:00:00 AM","2,023","5","7","15,152","BOYACA","DUITAMA","58,906,025,887","-730,670,928,955","ESTACION DE SERVICIO DE GNCV","GNV","1","63","54","1,342.91"
"2023 May 31 12:00:00 AM","2,023","5","31","15,157","BOYACA","SOGAMOSO","56,466,722,488","-728,709,564,209","ESTACION DE SERVICIO DE GNCV","GNV","1","240","171","1,968.25"
"2023 May 04 12:00:00 AM","2,023","5","4","15,152","BOYACA","DUITAMA","58,906,025,887","-730,670,928,955","ESTACION DE SERVICIO DE GNCV","GNV","1","89","83","1,673.39"
"2023 May 21 12:00:00 AM","2,023","5","21","15,150","BOYACA","TUNJA","55,184,726,715","-733,780,212,402","ESTACION DE SERVICIO DE GNCV","GNV","2","279","195","2,600.06"
"2023 May 18 12:00:00 AM","2,023","5","18","15,152","BOYACA","DUITAMA","58,906,025,887","-730,670,928,955","ESTACION DE SERVICIO DE GNCV","GNV","1","78","65","1,486.03"
"2023 May 21 12:00:00 AM","2,023","5","21","15,151","BOYACA","CHIQUINQUIRA","56,224,880,219","-738,042,449,951","ESTACION DE SERVICIO DE GNCV","GNV","2","435","281","3,406.1"
"2023 May 17 12:00:00 AM","2,023","5","17","15,150","BOYACA","TUNJA","55,184,726,715","-733,780,212,402","ESTACION DE SERVICIO DE GNCV","GNV","2","418","283","4,242.24"
"2023 May 29 12:00:00 AM","2,023","5","29","15,152","BOYACA","DUITAMA","58,906,025,887","-730,670,928,955","ESTACION DE SERVICIO DE GNCV","GNV","1","84","70","891.55"
"2023 May 11 12:00:00 AM","2,023","5","11","15,152","BOYACA","DUITAMA","58,906,025,887","-730,670,928,955","ESTACION DE SERVICIO DE GNCV","GNV","1","88","72","2,467.86"
"2023 May 28 12:00:00 AM","2,023","5","28","15,152","BOYACA","DUITAMA","58,906,025,887","-730,670,928,955","ESTACION DE SERVICIO DE GNCV","GNV","1","57","47","1,182.52"
"2023 May 23 12:00:00 AM","2,023","5","23","15,150","BOYACA","TUNJA","55,184,726,715","-733,780,212,402","ESTACION DE SERVICIO DE GNCV","GNV","2","389","274","3,800.89"
"2023 May 10 12:00:00 AM","2,023","5","10","15,157","BOYACA","SOGAMOSO","56,466,722,488","-728,709,564,209","ESTACION DE SERVICIO DE GNCV","GNV","1","232","161","1,997.96"
"2023 May 21 12:00:00 AM","2,023","5","21","15,152","BOYACA","DUITAMA","58,906,025,887","-730,670,928,955","ESTACION DE SERVICIO DE GNCV","GNV","1","60","46","780.93"
"2023 May 25 12:00:00 AM","2,023","5","25","15,152","BOYACA","DUITAMA","58,906,025,887","-730,670,928,955","ESTACION DE SERVICIO DE GNCV","GNV","1","86","69","2,542.73"
"2023 May 11 12:00:00 AM","2,023","5","11","15,157","BOYACA","SOGAMOSO","56,466,722,488","-728,709,564,209","ESTACION DE SERVICIO DE GNCV","GNV","1","227","167","1,971.72"
"2023 May 20 12:00:00 AM","2,023","5","20","15,150","BOYACA","TUNJA","55,184,726,715","-733,780,212,402","ESTACION DE SERVICIO DE GNCV","GNV","2","442","306","4,589.46"
"2023 May 16 12:00:00 AM","2,023","5","16","15,150","BOYACA","TUNJA","55,184,726,715","-733,780,212,402","ESTACION DE SERVICIO DE GNCV","GNV","2","462","316","4,816.68"
"2023 May 17 12:00:00 AM","2,023","5","17","15,157","BOYACA","SOGAMOSO","56,466,722,488","-728,709,564,209","ESTACION DE SERVICIO DE GNCV","GNV","1","235","165","1,949.28"
"2023 May 05 12:00:00 AM","2,023","5","5","15,152","BOYACA","DUITAMA","58,906,025,887","-730,670,928,955","ESTACION DE SERVICIO DE GNCV","GNV","1","82","70","1,645.72"
"2023 May 08 12:00:00 AM","2,023","5","8","15,157","BOYACA","SOGAMOSO","56,466,722,488","-728,709,564,209","ESTACION DE SERVICIO DE GNCV","GNV","1","227","172","1.917"
"2023 May 29 12:00:00 AM","2,023","5","29","15,157","BOYACA","SOGAMOSO","56,466,722,488","-728,709,564,209","ESTACION DE SERVICIO DE GNCV","GNV","1","222","175","2,115.36"
"2023 May 01 12:00:00 AM","2,023","5","1","15,157","BOYACA","SOGAMOSO","56,466,722,488","-728,709,564,209","ESTACION DE SERVICIO DE GNCV","GNV","1","189","137","1,632.71"
"2023 May 30 12:00:00 AM","2,023","5","30","15,151","BOYACA","CHIQUINQUIRA","56,224,880,219","-738,042,449,951","ESTACION DE SERVICIO DE GNCV","GNV","2","482","332","3,902.94"
"2023 May 08 12:00:00 AM","2,023","5","8","15,151","BOYACA","CHIQUINQUIRA","56,224,880,219","-738,042,449,951","ESTACION DE SERVICIO DE GNCV","GNV","2","476","345","4,065.47"
"2023 May 02 12:00:00 AM","2,023","5","2","15,152","BOYACA","DUITAMA","58,906,025,887","-730,670,928,955","ESTACION DE SERVICIO DE GNCV","GNV","1","77","70","1,711.91"
"2023 May 18 12:00:00 AM","2,023","5","18","15,150","BOYACA","TUNJA","55,184,726,715","-733,780,212,402","ESTACION DE SERVICIO DE GNCV","GNV","2","448","298","4,758.22"
"2023 May 26 12:00:00 AM","2,023","5","26","15,152","BOYACA","DUITAMA","58,906,025,887","-730,670,928,955","ESTACION DE SERVICIO DE GNCV","GNV","1","77","64","1,914.49"
"2023 May 24 12:00:00 AM","2,023","5","24","15,157","BOYACA","SOGAMOSO","56,466,722,488","-728,709,564,209","ESTACION DE SERVICIO DE GNCV","GNV","1","228","163","2,212.84"
"2023 May 14 12:00:00 AM","2,023","5","14","15,150","BOYACA","TUNJA","55,184,726,715","-733,780,212,402","ESTACION DE SERVICIO DE GNCV","GNV","2","349","230","3,295.14"
"2023 May 29 12:00:00 AM","2,023","5","29","15,151","BOYACA","CHIQUINQUIRA","56,224,880,219","-738,042,449,951","ESTACION DE SERVICIO DE GNCV","GNV","2","486","334","3,916.58"
"2023 May 03 12:00:00 AM","2,023","5","3","15,157","BOYACA","SOGAMOSO","56,466,722,488","-728,709,564,209","ESTACION DE SERVICIO DE GNCV","GNV","1","251","179","2,136.38"
"2023 May 17 12:00:00 AM","2,023","5","17","15,151","BOYACA","CHIQUINQUIRA","56,224,880,219","-738,042,449,951","ESTACION DE SERVICIO DE GNCV","GNV","2","480","332","3,709.13"
"2023 May 13 12:00:00 AM","2,023","5","13","15,157","BOYACA","SOGAMOSO","56,466,722,488","-728,709,564,209","ESTACION DE SERVICIO DE GNCV","GNV","1","249","163","2,086.57"
"2023 May 19 12:00:00 AM","2,023","5","19","15,151","BOYACA","CHIQUINQUIRA","56,224,880,219","-738,042,449,951","ESTACION DE SERVICIO DE GNCV","GNV","2","494","339","4,119.59"
"2023 May 02 12:00:00 AM","2,023","5","2","15,157","BOYACA","SOGAMOSO","56,466,722,488","-728,709,564,209","ESTACION DE SERVICIO DE GNCV","GNV","1","270","179","2,231.13"
"2023 May 13 12:00:00 AM","2,023","5","13","15,152","BOYACA","DUITAMA","58,906,025,887","-730,670,928,955","ESTACION DE SERVICIO DE GNCV","GNV","1","96","80","1,406.68"
"2023 May 08 12:00:00 AM","2,023","5","8","15,152","BOYACA","DUITAMA","58,906,025,887","-730,670,928,955","ESTACION DE SERVICIO DE GNCV","GNV","1","62","56","1,054.81"
"2023 May 26 12:00:00 AM","2,023","5","26","15,151","BOYACA","CHIQUINQUIRA","56,224,880,219","-738,042,449,951","ESTACION DE SERVICIO DE GNCV","GNV","2","506","352","4,199.96"
"2023 May 09 12:00:00 AM","2,023","5","9","15,151","BOYACA","CHIQUINQUIRA","56,224,880,219","-738,042,449,951","ESTACION DE SERVICIO DE GNCV","GNV","2","451","313","3,557.57"
"2023 May 10 12:00:00 AM","2,023","5","10","15,152","BOYACA","DUITAMA","58,906,025,887","-730,670,928,955","ESTACION DE SERVICIO DE GNCV","GNV","1","81","66","1,023.46"
"2023 May 03 12:00:00 AM","2,023","5","3","15,152","BOYACA","DUITAMA","58,906,025,887","-730,670,928,955","ESTACION DE SERVICIO DE GNCV","GNV","1","86","73","1,298.89"
"2023 May 10 12:00:00 AM","2,023","5","10","15,150","BOYACA","TUNJA","55,184,726,715","-733,780,212,402","ESTACION DE SERVICIO DE GNCV","GNV","2","431","300","4,484.43"
"2023 May 30 12:00:00 AM","2,023","5","30","15,157","BOYACA","SOGAMOSO","56,466,722,488","-728,709,564,209","ESTACION DE SERVICIO DE GNCV","GNV","1","243","174","2,022.47"
"2023 May 07 12:00:00 AM","2,023","5","7","15,157","BOYACA","SOGAMOSO","56,466,722,488","-728,709,564,209","ESTACION DE SERVICIO DE GNCV","GNV","1","228","134","1,730.79"
"2023 May 04 12:00:00 AM","2,023","5","4","15,150","BOYACA","TUNJA","55,184,726,715","-733,780,212,402","ESTACION DE SERVICIO DE GNCV","GNV","2","442","294","4,609.87"
"2023 May 07 12:00:00 AM","2,023","5","7","15,151","BOYACA","CHIQUINQUIRA","56,224,880,219","-738,042,449,951","ESTACION DE SERVICIO DE GNCV","GNV","2","416","279","3,240.12"
"2023 May 27 12:00:00 AM","2,023","5","27","15,151","BOYACA","CHIQUINQUIRA","56,224,880,219","-738,042,449,951","ESTACION DE SERVICIO DE GNCV","GNV","2","495","328","3,963.8"
"2023 May 23 12:00:00 AM","2,023","5","23","15,157","BOYACA","SOGAMOSO","56,466,722,488","-728,709,564,209","ESTACION DE SERVICIO DE GNCV","GNV","1","256","176","2,319.84"
"2023 May 22 12:00:00 AM","2,023","5","22","15,152","BOYACA","DUITAMA","58,906,025,887","-730,670,928,955","ESTACION DE SERVICIO DE GNCV","GNV","1","74","59","862.6"
"2023 May 09 12:00:00 AM","2,023","5","9","15,157","BOYACA","SOGAMOSO","56,466,722,488","-728,709,564,209","ESTACION DE SERVICIO DE GNCV","GNV","1","243","172","2,001.24"
"2023 May 25 12:00:00 AM","2,023","5","25","15,151","BOYACA","CHIQUINQUIRA","56,224,880,219","-738,042,449,951","ESTACION DE SERVICIO DE GNCV","GNV","2","490","331","3,972.69"
"2023 May 30 12:00:00 AM","2,023","5","30","15,150","BOYACA","TUNJA","55,184,726,715","-733,780,212,402","ESTACION DE SERVICIO DE GNCV","GNV","2","454","296","4,365.15"
"2023 May 18 12:00:00 AM","2,023","5","18","15,151","BOYACA","CHIQUINQUIRA","56,224,880,219","-738,042,449,951","ESTACION DE SERVICIO DE GNCV","GNV","2","475","324","3,880.29"
"2023 May 16 12:00:00 AM","2,023","5","16","15,151","BOYACA","CHIQUINQUIRA","56,224,880,219","-738,042,449,951","ESTACION DE SERVICIO DE GNCV","GNV","2","441","318","3,700.72"
"2023 May 12 12:00:00 AM","2,023","5","12","15,151","BOYACA","CHIQUINQUIRA","56,224,880,219","-738,042,449,951","ESTACION DE SERVICIO DE GNCV","GNV","2","478","331","3,903.63"
"2023 May 11 12:00:00 AM","2,023","5","11","15,150","BOYACA","TUNJA","55,184,726,715","-733,780,212,402","ESTACION DE SERVICIO DE GNCV","GNV","2","452","305","4,634.98"
"2023 May 12 12:00:00 AM","2,023","5","12","15,157","BOYACA","SOGAMOSO","56,466,722,488","-728,709,564,209","ESTACION DE SERVICIO DE GNCV","GNV","1","247","174","2,230.18"
"2023 May 27 12:00:00 AM","2,023","5","27","15,150","BOYACA","TUNJA","55,184,726,715","-733,780,212,402","ESTACION DE SERVICIO DE GNCV","GNV","2","399","268","3,891.04"
"2023 May 05 12:00:00 AM","2,023","5","5","15,150","BOYACA","TUNJA","55,184,726,715","-733,780,212,402","ESTACION DE SERVICIO DE GNCV","GNV","2","460","304","4,591.38"
"2023 May 20 12:00:00 AM","2,023","5","20","15,151","BOYACA","CHIQUINQUIRA","56,224,880,219","-738,042,449,951","ESTACION DE SERVICIO DE GNCV","GNV","2","527","361","4,524.4"
"2023 May 05 12:00:00 AM","2,023","5","5","15,151","BOYACA","CHIQUINQUIRA","56,224,880,219","-738,042,449,951","ESTACION DE SERVICIO DE GNCV","GNV","2","460","318","3,619.28"
"2023 May 10 12:00:00 AM","2,023","5","10","15,151","BOYACA","CHIQUINQUIRA","56,224,880,219","-738,042,449,951","ESTACION DE SERVICIO DE GNCV","GNV","2","460","317","3,824.09"
"2023 May 18 12:00:00 AM","2,023","5","18","15,157","BOYACA","SOGAMOSO","56,466,722,488","-728,709,564,209","ESTACION DE SERVICIO DE GNCV","GNV","1","226","162","1,761.21"
"2023 May 08 12:00:00 AM","2,023","5","8","15,150","BOYACA","TUNJA","55,184,726,715","-733,780,212,402","ESTACION DE SERVICIO DE GNCV","GNV","2","437","297","4,416.89"
"2023 May 27 12:00:00 AM","2,023","5","27","15,157","BOYACA","SOGAMOSO","56,466,722,488","-728,709,564,209","ESTACION DE SERVICIO DE GNCV","GNV","1","233","160","2,008.72"
"2023 May 28 12:00:00 AM","2,023","5","28","15,157","BOYACA","SOGAMOSO","56,466,722,488","-728,709,564,209","ESTACION DE SERVICIO DE GNCV","GNV","1","160","109","1,409.93"
"2023 May 13 12:00:00 AM","2,023","5","13","15,151","BOYACA","CHIQUINQUIRA","56,224,880,219","-738,042,449,951","ESTACION DE SERVICIO DE GNCV","GNV","2","509","341","4,236.14"
"2023 May 16 12:00:00 AM","2,023","5","16","15,157","BOYACA","SOGAMOSO","56,466,722,488","-728,709,564,209","ESTACION DE SERVICIO DE GNCV","GNV","1","233","172","2,018.48"
"2023 May 19 12:00:00 AM","2,023","5","19","15,157","BOYACA","SOGAMOSO","56,466,722,488","-728,709,564,209","ESTACION DE SERVICIO DE GNCV","GNV","1","267","173","2,353.19"
"2023 May 26 12:00:00 AM","2,023","5","26","15,157","BOYACA","SOGAMOSO","56,466,722,488","-728,709,564,209","ESTACION DE SERVICIO DE GNCV","GNV","1","270","186","2,410.32"
"2023 May 01 12:00:00 AM","2,023","5","1","15,151","BOYACA","CHIQUINQUIRA","56,224,880,219","-738,042,449,951","ESTACION DE SERVICIO DE GNCV","GNV","1","340","245","2,756.81"
"2023 May 02 12:00:00 AM","2,023","5","2","15,150","BOYACA","TUNJA","55,184,726,715","-733,780,212,402","ESTACION DE SERVICIO DE GNCV","GNV","2","443","303","4,465.07"
"2023 May 12 12:00:00 AM","2,023","5","12","15,150","BOYACA","TUNJA","55,184,726,715","-733,780,212,402","ESTACION DE SERVICIO DE GNCV","GNV","2","485","304","4,794.36"
"2023 May 13 12:00:00 AM","2,023","5","13","15,150","BOYACA","TUNJA","55,184,726,715","-733,780,212,402","ESTACION DE SERVICIO DE GNCV","GNV","2","446","301","4,553.41"
"2023 May 16 12:00:00 AM","2,023","5","16","15,152","BOYACA","DUITAMA","58,906,025,887","-730,670,928,955","ESTACION DE SERVICIO DE GNCV","GNV","1","70","61","908.79"
"2023 May 20 12:00:00 AM","2,023","5","20","15,152","BOYACA","DUITAMA","58,906,025,887","-730,670,928,955","ESTACION DE SERVICIO DE GNCV","GNV","1","88","70","1,138.44"
"2023 May 06 12:00:00 AM","2,023","5","6","15,150","BOYACA","TUNJA","55,184,726,715","-733,780,212,402","ESTACION DE SERVICIO DE GNCV","GNV","2","468","313","4,809.72"
"2023 May 15 12:00:00 AM","2,023","5","15","15,150","BOYACA","TUNJA","55,184,726,715","-733,780,212,402","ESTACION DE SERVICIO DE GNCV","GNV","2","417","288","4,258.39"
"2023 May 15 12:00:00 AM","2,023","5","15","15,151","BOYACA","CHIQUINQUIRA","56,224,880,219","-738,042,449,951","ESTACION DE SERVICIO DE GNCV","GNV","2","472","333","3,885.29"
"2023 May 03 12:00:00 AM","2,023","5","3","15,150","BOYACA","TUNJA","55,184,726,715","-733,780,212,402","ESTACION DE SERVICIO DE GNCV","GNV","2","437","295","4,474.8"
"2023 May 26 12:00:00 AM","2,023","5","26","15,150","BOYACA","TUNJA","55,184,726,715","-733,780,212,402","ESTACION DE SERVICIO DE GNCV","GNV","2","409","279","4,063.76"
"2023 May 24 12:00:00 AM","2,023","5","24","15,150","BOYACA","TUNJA","55,184,726,715","-733,780,212,402","ESTACION DE SERVICIO DE GNCV","GNV","2","390","278","4,087.64"
"2023 May 25 12:00:00 AM","2,023","5","25","15,157","BOYACA","SOGAMOSO","56,466,722,488","-728,709,564,209","ESTACION DE SERVICIO DE GNCV","GNV","1","237","155","1,980.83"
"2023 Apr 02 12:00:00 AM","2,023","4","2","15,152","BOYACA","DUITAMA","58,906,025,887","-730,670,928,955","ESTACION DE SERVICIO DE GNCV","GNV","1","84","66","1,583.95"
"2023 Apr 12 12:00:00 AM","2,023","4","12","15,152","BOYACA","DUITAMA","58,906,025,887","-730,670,928,955","ESTACION DE SERVICIO DE GNCV","GNV","1","75","67","1,742.33"
"2023 Apr 08 12:00:00 AM","2,023","4","8","15,151","BOYACA","CHIQUINQUIRA","56,224,880,219","-738,042,449,951","ESTACION DE SERVICIO DE GNCV","GNV","2","441","305","3,485.96"
"2023 Apr 03 12:00:00 AM","2,023","4","3","15,151","BOYACA","CHIQUINQUIRA","56,224,880,219","-738,042,449,951","ESTACION DE SERVICIO DE GNCV","GNV","2","452","329","3,800.46"
"2023 Apr 17 12:00:00 AM","2,023","4","17","15,151","BOYACA","CHIQUINQUIRA","56,224,880,219","-738,042,449,951","ESTACION DE SERVICIO DE GNCV","GNV","2","500","341","4,254.93"
"2023 Apr 04 12:00:00 AM","2,023","4","4","15,152","BOYACA","DUITAMA","58,906,025,887","-730,670,928,955","ESTACION DE SERVICIO DE GNCV","GNV","1","86","76","1,372.98"
"2023 Apr 23 12:00:00 AM","2,023","4","23","15,151","BOYACA","CHIQUINQUIRA","56,224,880,219","-738,042,449,951","ESTACION DE SERVICIO DE GNCV","GNV","2","424","289","3,389.86"
"2023 Apr 06 12:00:00 AM","2,023","4","6","15,150","BOYACA","TUNJA","55,184,726,715","-733,780,212,402","ESTACION DE SERVICIO DE GNCV","GNV","2","301","206","3,071.25"
"2023 Apr 06 12:00:00 AM","2,023","4","6","15,152","BOYACA","DUITAMA","58,906,025,887","-730,670,928,955","ESTACION DE SERVICIO DE GNCV","GNV","1","72","64","737.22"
"2023 Apr 22 12:00:00 AM","2,023","4","22","15,151","BOYACA","CHIQUINQUIRA","56,224,880,219","-738,042,449,951","ESTACION DE SERVICIO DE GNCV","GNV","2","479","323","3,780.21"
"2023 Apr 29 12:00:00 AM","2,023","4","29","15,150","BOYACA","TUNJA","55,184,726,715","-733,780,212,402","ESTACION DE SERVICIO DE GNCV","GNV","2","454","314","4,662.37"
"2023 Apr 02 12:00:00 AM","2,023","4","2","15,151","BOYACA","CHIQUINQUIRA","56,224,880,219","-738,042,449,951","ESTACION DE SERVICIO DE GNCV","GNV","2","441","307","3,475.63"
"2023 Apr 11 12:00:00 AM","2,023","4","11","15,150","BOYACA","TUNJA","55,184,726,715","-733,780,212,402","ESTACION DE SERVICIO DE GNCV","GNV","2","437","306","4,303.01"
"2023 Apr 21 12:00:00 AM","2,023","4","21","15,157","BOYACA","SOGAMOSO","56,466,722,488","-728,709,564,209","ESTACION DE SERVICIO DE GNCV","GNV","1","255","179","1,949.41"
"2023 Apr 20 12:00:00 AM","2,023","4","20","15,157","BOYACA","SOGAMOSO","56,466,722,488","-728,709,564,209","ESTACION DE SERVICIO DE GNCV","GNV","1","229","163","2,147.34"
"2023 Apr 04 12:00:00 AM","2,023","4","4","15,157","BOYACA","SOGAMOSO","56,466,722,488","-728,709,564,209","ESTACION DE SERVICIO DE GNCV","GNV","1","303","204","2,459.49"
"2023 Apr 17 12:00:00 AM","2,023","4","17","15,150","BOYACA","TUNJA","55,184,726,715","-733,780,212,402","ESTACION DE SERVICIO DE GNCV","GNV","2","407","292","4,210.31"
"2023 Apr 08 12:00:00 AM","2,023","4","8","15,150","BOYACA","TUNJA","55,184,726,715","-733,780,212,402","ESTACION DE SERVICIO DE GNCV","GNV","2","293","222","3,029.28"
"2023 Apr 15 12:00:00 AM","2,023","4","15","15,151","BOYACA","CHIQUINQUIRA","56,224,880,219","-738,042,449,951","ESTACION DE SERVICIO DE GNCV","GNV","2","466","317","3,674.21"
"2023 Apr 13 12:00:00 AM","2,023","4","13","15,152","BOYACA","DUITAMA","58,906,025,887","-730,670,928,955","ESTACION DE SERVICIO DE GNCV","GNV","1","76","65","2,136.9"
"2023 Apr 12 12:00:00 AM","2,023","4","12","15,151","BOYACA","CHIQUINQUIRA","56,224,880,219","-738,042,449,951","ESTACION DE SERVICIO DE GNCV","GNV","1","390","267","2,959.33"
"2023 Apr 23 12:00:00 AM","2,023","4","23","15,150","BOYACA","TUNJA","55,184,726,715","-733,780,212,402","ESTACION DE SERVICIO DE GNCV","GNV","2","318","214","2,911.66"
"2023 Apr 16 12:00:00 AM","2,023","4","16","15,150","BOYACA","TUNJA","55,184,726,715","-733,780,212,402","ESTACION DE SERVICIO DE GNCV","GNV","2","354","223","3,242.09"
"2023 Apr 01 12:00:00 AM","2,023","4","1","15,151","BOYACA","CHIQUINQUIRA","56,224,880,219","-738,042,449,951","ESTACION DE SERVICIO DE GNCV","GNV","2","475","331","3,801.41"
"2023 Apr 15 12:00:00 AM","2,023","4","15","15,152","BOYACA","DUITAMA","58,906,025,887","-730,670,928,955","ESTACION DE SERVICIO DE GNCV","GNV","1","53","46","1,156.69"
"2023 Apr 17 12:00:00 AM","2,023","4","17","15,152","BOYACA","DUITAMA","58,906,025,887","-730,670,928,955","ESTACION DE SERVICIO DE GNCV","GNV","1","81","70","1,930.18"
"2023 Apr 17 12:00:00 AM","2,023","4","17","15,157","BOYACA","SOGAMOSO","56,466,722,488","-728,709,564,209","ESTACION DE SERVICIO DE GNCV","GNV","1","250","178","2,164.76"
"2023 Apr 28 12:00:00 AM","2,023","4","28","15,157","BOYACA","SOGAMOSO","56,466,722,488","-728,709,564,209","ESTACION DE SERVICIO DE GNCV","GNV","1","263","179","2,258.38"
"2023 Apr 13 12:00:00 AM","2,023","4","13","15,157","BOYACA","SOGAMOSO","56,466,722,488","-728,709,564,209","ESTACION DE SERVICIO DE GNCV","GNV","1","238","164","1,850.76"
"2023 Apr 27 12:00:00 AM","2,023","4","27","15,150","BOYACA","TUNJA","55,184,726,715","-733,780,212,402","ESTACION DE SERVICIO DE GNCV","GNV","2","445","307","4,607.49"
"2023 Apr 25 12:00:00 AM","2,023","4","25","15,150","BOYACA","TUNJA","55,184,726,715","-733,780,212,402","ESTACION DE SERVICIO DE GNCV","GNV","2","379","252","3,857.41"
"2023 Apr 07 12:00:00 AM","2,023","4","7","15,151","BOYACA","CHIQUINQUIRA","56,224,880,219","-738,042,449,951","ESTACION DE SERVICIO DE GNCV","GNV","1","193","140","1,376.95"
"2023 Apr 14 12:00:00 AM","2,023","4","14","15,157","BOYACA","SOGAMOSO","56,466,722,488","-728,709,564,209","ESTACION DE SERVICIO DE GNCV","GNV","1","221","169","1,793.28"
"2023 Apr 26 12:00:00 AM","2,023","4","26","15,152","BOYACA","DUITAMA","58,906,025,887","-730,670,928,955","ESTACION DE SERVICIO DE GNCV","GNV","1","77","67","2,392.84"
"2023 Apr 12 12:00:00 AM","2,023","4","12","15,157","BOYACA","SOGAMOSO","56,466,722,488","-728,709,564,209","ESTACION DE SERVICIO DE GNCV","GNV","1","223","167","1,903.48"
"2023 Apr 21 12:00:00 AM","2,023","4","21","15,150","BOYACA","TUNJA","55,184,726,715","-733,780,212,402","ESTACION DE SERVICIO DE GNCV","GNV","2","449","297","4,348.51"
"2023 Apr 03 12:00:00 AM","2,023","4","3","15,152","BOYACA","DUITAMA","58,906,025,887","-730,670,928,955","ESTACION DE SERVICIO DE GNCV","GNV","1","98","85","2,131.35"
"2023 Apr 07 12:00:00 AM","2,023","4","7","15,150","BOYACA","TUNJA","55,184,726,715","-733,780,212,402","ESTACION DE SERVICIO DE GNCV","GNV","2","172","116","1,654.69"
"2023 Apr 11 12:00:00 AM","2,023","4","11","15,151","BOYACA","CHIQUINQUIRA","56,224,880,219","-738,042,449,951","ESTACION DE SERVICIO DE GNCV","GNV","1","402","282","3,249.58"
"2023 Apr 19 12:00:00 AM","2,023","4","19","15,150","BOYACA","TUNJA","55,184,726,715","-733,780,212,402","ESTACION DE SERVICIO DE GNCV","GNV","2","425","288","4,255.24"
"2023 Apr 01 12:00:00 AM","2,023","4","1","15,150","BOYACA","TUNJA","55,184,726,715","-733,780,212,402","ESTACION DE SERVICIO DE GNCV","GNV","2","516","331","4,783.3"
"2023 Apr 18 12:00:00 AM","2,023","4","18","15,152","BOYACA","DUITAMA","58,906,025,887","-730,670,928,955","ESTACION DE SERVICIO DE GNCV","GNV","1","70","63","1,994.47"
"2023 Apr 03 12:00:00 AM","2,023","4","3","15,157","BOYACA","SOGAMOSO","56,466,722,488","-728,709,564,209","ESTACION DE SERVICIO DE GNCV","GNV","1","249","179","1,901.02"
"2023 Apr 22 12:00:00 AM","2,023","4","22","15,152","BOYACA","DUITAMA","58,906,025,887","-730,670,928,955","ESTACION DE SERVICIO DE GNCV","GNV","1","80","69","1,381.18"
"2023 Apr 29 12:00:00 AM","2,023","4","29","15,151","BOYACA","CHIQUINQUIRA","56,224,880,219","-738,042,449,951","ESTACION DE SERVICIO DE GNCV","GNV","1","452","293","3,474.01"
"2023 Apr 21 12:00:00 AM","2,023","4","21","15,151","BOYACA","CHIQUINQUIRA","56,224,880,219","-738,042,449,951","ESTACION DE SERVICIO DE GNCV","GNV","2","464","311","3,757.66"
"2023 Apr 20 12:00:00 AM","2,023","4","20","15,152","BOYACA","DUITAMA","58,906,025,887","-730,670,928,955","ESTACION DE SERVICIO DE GNCV","GNV","1","67","60","1,420.75"
"2023 Apr 30 12:00:00 AM","2,023","4","30","15,152","BOYACA","DUITAMA","58,906,025,887","-730,670,928,955","ESTACION DE SERVICIO DE GNCV","GNV","1","54","45","823.96"
"2023 Apr 04 12:00:00 AM","2,023","4","4","15,150","BOYACA","TUNJA","55,184,726,715","-733,780,212,402","ESTACION DE SERVICIO DE GNCV","GNV","2","424","296","4,372.74"
"2023 Apr 28 12:00:00 AM","2,023","4","28","15,150","BOYACA","TUNJA","55,184,726,715","-733,780,212,402","ESTACION DE SERVICIO DE GNCV","GNV","2","465","309","4,585.35"
"2023 Apr 03 12:00:00 AM","2,023","4","3","15,150","BOYACA","TUNJA","55,184,726,715","-733,780,212,402","ESTACION DE SERVICIO DE GNCV","GNV","2","434","311","4,438.46"
"2023 Apr 29 12:00:00 AM","2,023","4","29","15,152","BOYACA","DUITAMA","58,906,025,887","-730,670,928,955","ESTACION DE SERVICIO DE GNCV","GNV","1","95","77","900.09"
"2023 Apr 14 12:00:00 AM","2,023","4","14","15,151","BOYACA","CHIQUINQUIRA","56,224,880,219","-738,042,449,951","ESTACION DE SERVICIO DE GNCV","GNV","2","467","329","3,816.22"
"2023 Apr 09 12:00:00 AM","2,023","4","9","15,151","BOYACA","CHIQUINQUIRA","56,224,880,219","-738,042,449,951","ESTACION DE SERVICIO DE GNCV","GNV","2","478","331","3,831.9"
"2023 Apr 24 12:00:00 AM","2,023","4","24","15,157","BOYACA","SOGAMOSO","56,466,722,488","-728,709,564,209","ESTACION DE SERVICIO DE GNCV","GNV","1","261","185","2,180.49"
"2023 Apr 23 12:00:00 AM","2,023","4","23","15,152","BOYACA","DUITAMA","58,906,025,887","-730,670,928,955","ESTACION DE SERVICIO DE GNCV","GNV","1","58","48","1,345.41"
"2023 Apr 22 12:00:00 AM","2,023","4","22","15,157","BOYACA","SOGAMOSO","56,466,722,488","-728,709,564,209","ESTACION DE SERVICIO DE GNCV","GNV","1","216","112","1,545.72"
"2023 Apr 22 12:00:00 AM","2,023","4","22","15,150","BOYACA","TUNJA","55,184,726,715","-733,780,212,402","ESTACION DE SERVICIO DE GNCV","GNV","2","431","297","4,491.94"
"2023 Apr 19 12:00:00 AM","2,023","4","19","15,152","BOYACA","DUITAMA","58,906,025,887","-730,670,928,955","ESTACION DE SERVICIO DE GNCV","GNV","1","85","72","2,670.9"
"2023 Apr 01 12:00:00 AM","2,023","4","1","15,157","BOYACA","SOGAMOSO","56,466,722,488","-728,709,564,209","ESTACION DE SERVICIO DE GNCV","GNV","1","297","177","2,341.08"
"2023 Apr 27 12:00:00 AM","2,023","4","27","15,151","BOYACA","CHIQUINQUIRA","56,224,880,219","-738,042,449,951","ESTACION DE SERVICIO DE GNCV","GNV","2","461","319","3,742.07"
"2023 Apr 09 12:00:00 AM","2,023","4","9","15,150","BOYACA","TUNJA","55,184,726,715","-733,780,212,402","ESTACION DE SERVICIO DE GNCV","GNV","2","387","286","3,711.52"
"2023 Apr 29 12:00:00 AM","2,023","4","29","15,157","BOYACA","SOGAMOSO","56,466,722,488","-728,709,564,209","ESTACION DE SERVICIO DE GNCV","GNV","1","250","160","2,088.68"
"2023 Apr 25 12:00:00 AM","2,023","4","25","15,152","BOYACA","DUITAMA","58,906,025,887","-730,670,928,955","ESTACION DE SERVICIO DE GNCV","GNV","1","80","67","1,777.76"
"2023 Apr 26 12:00:00 AM","2,023","4","26","15,157","BOYACA","SOGAMOSO","56,466,722,488","-728,709,564,209","ESTACION DE SERVICIO DE GNCV","GNV","1","248","174","1,988.28"
"2023 Apr 21 12:00:00 AM","2,023","4","21","15,152","BOYACA","DUITAMA","58,906,025,887","-730,670,928,955","ESTACION DE SERVICIO DE GNCV","GNV","1","84","71","1,476.16"
"2023 Apr 25 12:00:00 AM","2,023","4","25","15,151","BOYACA","CHIQUINQUIRA","56,224,880,219","-738,042,449,951","ESTACION DE SERVICIO DE GNCV","GNV","2","438","309","3,683.92"
"2023 Apr 14 12:00:00 AM","2,023","4","14","15,150","BOYACA","TUNJA","55,184,726,715","-733,780,212,402","ESTACION DE SERVICIO DE GNCV","GNV","2","456","293","4,558.46"
"2023 Apr 26 12:00:00 AM","2,023","4","26","15,150","BOYACA","TUNJA","55,184,726,715","-733,780,212,402","ESTACION DE SERVICIO DE GNCV","GNV","2","446","299","4,770.91"
"2023 Apr 11 12:00:00 AM","2,023","4","11","15,152","BOYACA","DUITAMA","58,906,025,887","-730,670,928,955","ESTACION DE SERVICIO DE GNCV","GNV","1","91","78","1,729.43"
"2023 Apr 09 12:00:00 AM","2,023","4","9","15,157","BOYACA","SOGAMOSO","56,466,722,488","-728,709,564,209","ESTACION DE SERVICIO DE GNCV","GNV","1","225","148","1,763.24"
"2023 Apr 30 12:00:00 AM","2,023","4","30","15,150","BOYACA","TUNJA","55,184,726,715","-733,780,212,402","ESTACION DE SERVICIO DE GNCV","GNV","2","331","222","3.248"
"2023 Apr 01 12:00:00 AM","2,023","4","1","15,152","BOYACA","DUITAMA","58,906,025,887","-730,670,928,955","ESTACION DE SERVICIO DE GNCV","GNV","1","80","66","1,689.67"
"2023 Apr 02 12:00:00 AM","2,023","4","2","15,150","BOYACA","TUNJA","55,184,726,715","-733,780,212,402","ESTACION DE SERVICIO DE GNCV","GNV","2","337","222","3,070.66"
"2023 Apr 19 12:00:00 AM","2,023","4","19","15,157","BOYACA","SOGAMOSO","56,466,722,488","-728,709,564,209","ESTACION DE SERVICIO DE GNCV","GNV","1","230","165","1,814.91"
"2023 Apr 24 12:00:00 AM","2,023","4","24","15,151","BOYACA","CHIQUINQUIRA","56,224,880,219","-738,042,449,951","ESTACION DE SERVICIO DE GNCV","GNV","2","480","337","4,019.35"
"2023 Apr 10 12:00:00 AM","2,023","4","10","15,152","BOYACA","DUITAMA","58,906,025,887","-730,670,928,955","ESTACION DE SERVICIO DE GNCV","GNV","1","92","80","2,337.08"
"2023 Apr 10 12:00:00 AM","2,023","4","10","15,157","BOYACA","SOGAMOSO","56,466,722,488","-728,709,564,209","ESTACION DE SERVICIO DE GNCV","GNV","1","256","179","2,169.03"
"2023 Apr 05 12:00:00 AM","2,023","4","5","15,151","BOYACA","CHIQUINQUIRA","56,224,880,219","-738,042,449,951","ESTACION DE SERVICIO DE GNCV","GNV","1","472","320","3,713.3"
"2023 Apr 15 12:00:00 AM","2,023","4","15","15,150","BOYACA","TUNJA","55,184,726,715","-733,780,212,402","ESTACION DE SERVICIO DE GNCV","GNV","2","441","293","4,438.15"
"2023 Apr 06 12:00:00 AM","2,023","4","6","15,151","BOYACA","CHIQUINQUIRA","56,224,880,219","-738,042,449,951","ESTACION DE SERVICIO DE GNCV","GNV","1","415","286","3,226.09"
"2023 Apr 20 12:00:00 AM","2,023","4","20","15,150","BOYACA","TUNJA","55,184,726,715","-733,780,212,402","ESTACION DE SERVICIO DE GNCV","GNV","2","468","311","4,705.89"
"2023 Apr 27 12:00:00 AM","2,023","4","27","15,157","BOYACA","SOGAMOSO","56,466,722,488","-728,709,564,209","ESTACION DE SERVICIO DE GNCV","GNV","1","232","162","2,118.68"
"2023 Apr 10 12:00:00 AM","2,023","4","10","15,151","BOYACA","CHIQUINQUIRA","56,224,880,219","-738,042,449,951","ESTACION DE SERVICIO DE GNCV","GNV","2","432","302","3,533.77"
"2023 Apr 23 12:00:00 AM","2,023","4","23","15,157","BOYACA","SOGAMOSO","56,466,722,488","-728,709,564,209","ESTACION DE SERVICIO DE GNCV","GNV","1","229","148","1,678.08"
"2023 Apr 13 12:00:00 AM","2,023","4","13","15,151","BOYACA","CHIQUINQUIRA","56,224,880,219","-738,042,449,951","ESTACION DE SERVICIO DE GNCV","GNV","2","402","284","3,156.61"
"2023 Apr 08 12:00:00 AM","2,023","4","8","15,157","BOYACA","SOGAMOSO","56,466,722,488","-728,709,564,209","ESTACION DE SERVICIO DE GNCV","GNV","1","226","164","1,860.81"
"2023 Apr 04 12:00:00 AM","2,023","4","4","15,151","BOYACA","CHIQUINQUIRA","56,224,880,219","-738,042,449,951","ESTACION DE SERVICIO DE GNCV","GNV","1","410","295","3,428.55"
"2023 Apr 09 12:00:00 AM","2,023","4","9","15,152","BOYACA","DUITAMA","58,906,025,887","-730,670,928,955","ESTACION DE SERVICIO DE GNCV","GNV","1","87","81","1,610.7"
"2023 Apr 18 12:00:00 AM","2,023","4","18","15,151","BOYACA","CHIQUINQUIRA","56,224,880,219","-738,042,449,951","ESTACION DE SERVICIO DE GNCV","GNV","2","440","321","3,720.31"
"2023 Apr 16 12:00:00 AM","2,023","4","16","15,152","BOYACA","DUITAMA","58,906,025,887","-730,670,928,955","ESTACION DE SERVICIO DE GNCV","GNV","1","72","67","1,780.62"
"2023 Apr 13 12:00:00 AM","2,023","4","13","15,150","BOYACA","TUNJA","55,184,726,715","-733,780,212,402","ESTACION DE SERVICIO DE GNCV","GNV","2","444","305","4,459.15"
"2023 Apr 06 12:00:00 AM","2,023","4","6","15,157","BOYACA","SOGAMOSO","56,466,722,488","-728,709,564,209","ESTACION DE SERVICIO DE GNCV","GNV","1","222","137","1,643.77"
"2023 Apr 10 12:00:00 AM","2,023","4","10","15,150","BOYACA","TUNJA","55,184,726,715","-733,780,212,402","ESTACION DE SERVICIO DE GNCV","GNV","2","446","314","4,534.51"
"2023 Apr 25 12:00:00 AM","2,023","4","25","15,157","BOYACA","SOGAMOSO","56,466,722,488","-728,709,564,209","ESTACION DE SERVICIO DE GNCV","GNV","1","270","179","2,183.25"
"2023 Apr 30 12:00:00 AM","2,023","4","30","15,157","BOYACA","SOGAMOSO","56,466,722,488","-728,709,564,209","ESTACION DE SERVICIO DE GNCV","GNV","1","234","145","1,912.01"
"2023 Apr 27 12:00:00 AM","2,023","4","27","15,152","BOYACA","DUITAMA","58,906,025,887","-730,670,928,955","ESTACION DE SERVICIO DE GNCV","GNV","1","69","60","1,837.35"
"2023 Apr 18 12:00:00 AM","2,023","4","18","15,150","BOYACA","TUNJA","55,184,726,715","-733,780,212,402","ESTACION DE SERVICIO DE GNCV","GNV","2","434","292","4,320.87"
"2023 Apr 16 12:00:00 AM","2,023","4","16","15,157","BOYACA","SOGAMOSO","56,466,722,488","-728,709,564,209","ESTACION DE SERVICIO DE GNCV","GNV","1","219","139","1,678.12"
"2023 Apr 07 12:00:00 AM","2,023","4","7","15,157","BOYACA","SOGAMOSO","56,466,722,488","-728,709,564,209","ESTACION DE SERVICIO DE GNCV","GNV","1","120","80","938.63"
"2023 Apr 16 12:00:00 AM","2,023","4","16","15,151","BOYACA","CHIQUINQUIRA","56,224,880,219","-738,042,449,951","ESTACION DE SERVICIO DE GNCV","GNV","2","434","295","3.513"
"2023 Apr 07 12:00:00 AM","2,023","4","7","15,152","BOYACA","DUITAMA","58,906,025,887","-730,670,928,955","ESTACION DE SERVICIO DE GNCV","GNV","1","38","36","344.18"
"2023 Apr 05 12:00:00 AM","2,023","4","5","15,157","BOYACA","SOGAMOSO","56,466,722,488","-728,709,564,209","ESTACION DE SERVICIO DE GNCV","GNV","1","330","218","2,772.32"
"2023 Apr 18 12:00:00 AM","2,023","4","18","15,157","BOYACA","SOGAMOSO","56,466,722,488","-728,709,564,209","ESTACION DE SERVICIO DE GNCV","GNV","1","238","168","1,952.02"
"2023 Apr 24 12:00:00 AM","2,023","4","24","15,150","BOYACA","TUNJA","55,184,726,715","-733,780,212,402","ESTACION DE SERVICIO DE GNCV","GNV","2","428","300","4,320.62"
"2023 Apr 02 12:00:00 AM","2,023","4","2","15,157","BOYACA","SOGAMOSO","56,466,722,488","-728,709,564,209","ESTACION DE SERVICIO DE GNCV","GNV","1","260","154","1,883.37"
"2023 Apr 11 12:00:00 AM","2,023","4","11","15,157","BOYACA","SOGAMOSO","56,466,722,488","-728,709,564,209","ESTACION DE SERVICIO DE GNCV","GNV","1","252","177","2,035.88"
"2023 Apr 28 12:00:00 AM","2,023","4","28","15,151","BOYACA","CHIQUINQUIRA","56,224,880,219","-738,042,449,951","ESTACION DE SERVICIO DE GNCV","GNV","1","436","288","3,549.26"
"2023 Apr 26 12:00:00 AM","2,023","4","26","15,151","BOYACA","CHIQUINQUIRA","56,224,880,219","-738,042,449,951","ESTACION DE SERVICIO DE GNCV","GNV","2","487","332","3,906.67"
"2023 Apr 05 12:00:00 AM","2,023","4","5","15,150","BOYACA","TUNJA","55,184,726,715","-733,780,212,402","ESTACION DE SERVICIO DE GNCV","GNV","2","471","325","4,623.81"
"2023 Apr 28 12:00:00 AM","2,023","4","28","15,152","BOYACA","DUITAMA","58,906,025,887","-730,670,928,955","ESTACION DE SERVICIO DE GNCV","GNV","1","77","65","1,050.56"
"2023 Apr 19 12:00:00 AM","2,023","4","19","15,151","BOYACA","CHIQUINQUIRA","56,224,880,219","-738,042,449,951","ESTACION DE SERVICIO DE GNCV","GNV","2","443","317","3,597.36"
"2023 Apr 30 12:00:00 AM","2,023","4","30","15,151","BOYACA","CHIQUINQUIRA","56,224,880,219","-738,042,449,951","ESTACION DE SERVICIO DE GNCV","GNV","1","391","257","3,023.23"
"2023 Apr 15 12:00:00 AM","2,023","4","15","15,157","BOYACA","SOGAMOSO","56,466,722,488","-728,709,564,209","ESTACION DE SERVICIO DE GNCV","GNV","1","173","127","1,338.1"
"2023 Apr 08 12:00:00 AM","2,023","4","8","15,152","BOYACA","DUITAMA","58,906,025,887","-730,670,928,955","ESTACION DE SERVICIO DE GNCV","GNV","1","75","66","1,191.13"
"2023 Apr 20 12:00:00 AM","2,023","4","20","15,151","BOYACA","CHIQUINQUIRA","56,224,880,219","-738,042,449,951","ESTACION DE SERVICIO DE GNCV","GNV","2","444","315","3,618.42"
"2023 Apr 14 12:00:00 AM","2,023","4","14","15,152","BOYACA","DUITAMA","58,906,025,887","-730,670,928,955","ESTACION DE SERVICIO DE GNCV","GNV","1","61","52","1,620.69"
"2023 Apr 24 12:00:00 AM","2,023","4","24","15,152","BOYACA","DUITAMA","58,906,025,887","-730,670,928,955","ESTACION DE SERVICIO DE GNCV","GNV","1","82","71","1,673.53"
"2023 Apr 12 12:00:00 AM","2,023","4","12","15,150","BOYACA","TUNJA","55,184,726,715","-733,780,212,402","ESTACION DE SERVICIO DE GNCV","GNV","2","441","312","4,594.38"
"2023 Apr 05 12:00:00 AM","2,023","4","5","15,152","BOYACA","DUITAMA","58,906,025,887","-730,670,928,955","ESTACION DE SERVICIO DE GNCV","GNV","1","101","87","1,826.05"
"2023 Mar 04 12:00:00 AM","2,023","3","4","15,151","BOYACA","CHIQUINQUIRA","56,224,880,219","-738,042,449,951","ESTACION DE SERVICIO DE GNCV","GNV","1","415","270","3,072.35"
"2023 Mar 23 12:00:00 AM","2,023","3","23","15,157","BOYACA","SOGAMOSO","56,466,722,488","-728,709,564,209","ESTACION DE SERVICIO DE GNCV","GNV","1","270","188","2,244.28"
"2023 Mar 20 12:00:00 AM","2,023","3","20","15,152","BOYACA","DUITAMA","58,906,025,887","-730,670,928,955","ESTACION DE SERVICIO DE GNCV","GNV","1","70","60","1,741.26"
"2023 Mar 25 12:00:00 AM","2,023","3","25","15,152","BOYACA","DUITAMA","58,906,025,887","-730,670,928,955","ESTACION DE SERVICIO DE GNCV","GNV","1","71","60","1,646.27"
"2023 Mar 18 12:00:00 AM","2,023","3","18","15,150","BOYACA","TUNJA","55,184,726,715","-733,780,212,402","ESTACION DE SERVICIO DE GNCV","GNV","2","331","228","3,168.96"
"2023 Mar 31 12:00:00 AM","2,023","3","31","15,150","BOYACA","TUNJA","55,184,726,715","-733,780,212,402","ESTACION DE SERVICIO DE GNCV","GNV","2","517","325","4,840.03"
"2023 Mar 05 12:00:00 AM","2,023","3","5","15,151","BOYACA","CHIQUINQUIRA","56,224,880,219","-738,042,449,951","ESTACION DE SERVICIO DE GNCV","GNV","1","375","245","2,764.04"
"2023 Mar 21 12:00:00 AM","2,023","3","21","15,157","BOYACA","SOGAMOSO","56,466,722,488","-728,709,564,209","ESTACION DE SERVICIO DE GNCV","GNV","1","282","193","2,237.31"
"2023 Mar 28 12:00:00 AM","2,023","3","28","15,157","BOYACA","SOGAMOSO","56,466,722,488","-728,709,564,209","ESTACION DE SERVICIO DE GNCV","GNV","1","250","175","1,905.32"
"2023 Mar 02 12:00:00 AM","2,023","3","2","15,152","BOYACA","DUITAMA","58,906,025,887","-730,670,928,955","ESTACION DE SERVICIO DE GNCV","GNV","1","78","68","1,377.16"
"2023 Mar 15 12:00:00 AM","2,023","3","15","15,150","BOYACA","TUNJA","55,184,726,715","-733,780,212,402","ESTACION DE SERVICIO DE GNCV","GNV","2","424","288","4,362.91"
"2023 Mar 13 12:00:00 AM","2,023","3","13","15,152","BOYACA","DUITAMA","58,906,025,887","-730,670,928,955","ESTACION DE SERVICIO DE GNCV","GNV","1","78","65","1,403.72"
"2023 Mar 12 12:00:00 AM","2,023","3","12","15,151","BOYACA","CHIQUINQUIRA","56,224,880,219","-738,042,449,951","ESTACION DE SERVICIO DE GNCV","GNV","2","408","282","3,130.38"
"2023 Mar 17 12:00:00 AM","2,023","3","17","15,150","BOYACA","TUNJA","55,184,726,715","-733,780,212,402","ESTACION DE SERVICIO DE GNCV","GNV","2","464","306","4,732.69"
"2023 Mar 13 12:00:00 AM","2,023","3","13","15,157","BOYACA","SOGAMOSO","56,466,722,488","-728,709,564,209","ESTACION DE SERVICIO DE GNCV","GNV","1","240","173","1,936.84"
"2023 Mar 10 12:00:00 AM","2,023","3","10","15,152","BOYACA","DUITAMA","58,906,025,887","-730,670,928,955","ESTACION DE SERVICIO DE GNCV","GNV","1","88","72","1,838.65"
"2023 Mar 27 12:00:00 AM","2,023","3","27","15,152","BOYACA","DUITAMA","58,906,025,887","-730,670,928,955","ESTACION DE SERVICIO DE GNCV","GNV","1","85","74","1,711.33"
"2023 Mar 27 12:00:00 AM","2,023","3","27","15,150","BOYACA","TUNJA","55,184,726,715","-733,780,212,402","ESTACION DE SERVICIO DE GNCV","GNV","2","441","301","4,534.94"
"2023 Mar 12 12:00:00 AM","2,023","3","12","15,150","BOYACA","TUNJA","55,184,726,715","-733,780,212,402","ESTACION DE SERVICIO DE GNCV","GNV","2","335","228","3,152.94"
"2023 Mar 28 12:00:00 AM","2,023","3","28","15,150","BOYACA","TUNJA","55,184,726,715","-733,780,212,402","ESTACION DE SERVICIO DE GNCV","GNV","2","423","291","4,038.09"
"2023 Mar 08 12:00:00 AM","2,023","3","8","15,150","BOYACA","TUNJA","55,184,726,715","-733,780,212,402","ESTACION DE SERVICIO DE GNCV","GNV","2","408","281","4,075.16"
"2023 Mar 02 12:00:00 AM","2,023","3","2","15,157","BOYACA","SOGAMOSO","56,466,722,488","-728,709,564,209","ESTACION DE SERVICIO DE GNCV","GNV","1","276","195","2,248.89"
"2023 Mar 25 12:00:00 AM","2,023","3","25","15,151","BOYACA","CHIQUINQUIRA","56,224,880,219","-738,042,449,951","ESTACION DE SERVICIO DE GNCV","GNV","2","446","318","3,572.92"
"2023 Mar 26 12:00:00 AM","2,023","3","26","15,151","BOYACA","CHIQUINQUIRA","56,224,880,219","-738,042,449,951","ESTACION DE SERVICIO DE GNCV","GNV","2","380","273","2,975.67"
"2023 Mar 10 12:00:00 AM","2,023","3","10","15,157","BOYACA","SOGAMOSO","56,466,722,488","-728,709,564,209","ESTACION DE SERVICIO DE GNCV","GNV","1","240","171","1,923.71"
"2023 Mar 29 12:00:00 AM","2,023","3","29","15,151","BOYACA","CHIQUINQUIRA","56,224,880,219","-738,042,449,951","ESTACION DE SERVICIO DE GNCV","GNV","2","462","309","3,661.35"
"2023 Mar 06 12:00:00 AM","2,023","3","6","15,152","BOYACA","DUITAMA","58,906,025,887","-730,670,928,955","ESTACION DE SERVICIO DE GNCV","GNV","1","102","83","1,936.98"
"2023 Mar 11 12:00:00 AM","2,023","3","11","15,150","BOYACA","TUNJA","55,184,726,715","-733,780,212,402","ESTACION DE SERVICIO DE GNCV","GNV","2","407","274","3,937.78"
"2023 Mar 18 12:00:00 AM","2,023","3","18","15,151","BOYACA","CHIQUINQUIRA","56,224,880,219","-738,042,449,951","ESTACION DE SERVICIO DE GNCV","GNV","2","491","343","3,971.55"
"2023 Mar 14 12:00:00 AM","2,023","3","14","15,150","BOYACA","TUNJA","55,184,726,715","-733,780,212,402","ESTACION DE SERVICIO DE GNCV","GNV","2","426","287","4,109.21"
"2023 Mar 16 12:00:00 AM","2,023","3","16","15,157","BOYACA","SOGAMOSO","56,466,722,488","-728,709,564,209","ESTACION DE SERVICIO DE GNCV","GNV","1","282","196","2,251.86"
"2023 Mar 11 12:00:00 AM","2,023","3","11","15,152","BOYACA","DUITAMA","58,906,025,887","-730,670,928,955","ESTACION DE SERVICIO DE GNCV","GNV","1","86","73","1,456.03"
"2023 Mar 13 12:00:00 AM","2,023","3","13","15,151","BOYACA","CHIQUINQUIRA","56,224,880,219","-738,042,449,951","ESTACION DE SERVICIO DE GNCV","GNV","2","457","312","3,736.19"
"2023 Mar 16 12:00:00 AM","2,023","3","16","15,150","BOYACA","TUNJA","55,184,726,715","-733,780,212,402","ESTACION DE SERVICIO DE GNCV","GNV","2","434","284","4,534.4"
"2023 Mar 21 12:00:00 AM","2,023","3","21","15,152","BOYACA","DUITAMA","58,906,025,887","-730,670,928,955","ESTACION DE SERVICIO DE GNCV","GNV","1","85","72","1,116.19"
"2023 Mar 14 12:00:00 AM","2,023","3","14","15,151","BOYACA","CHIQUINQUIRA","56,224,880,219","-738,042,449,951","ESTACION DE SERVICIO DE GNCV","GNV","2","433","306","3,582.04"
"2023 Mar 07 12:00:00 AM","2,023","3","7","15,157","BOYACA","SOGAMOSO","56,466,722,488","-728,709,564,209","ESTACION DE SERVICIO DE GNCV","GNV","1","278","192","2,310.63"
"2023 Mar 26 12:00:00 AM","2,023","3","26","15,150","BOYACA","TUNJA","55,184,726,715","-733,780,212,402","ESTACION DE SERVICIO DE GNCV","GNV","2","330","218","2,917.6"
"2023 Mar 28 12:00:00 AM","2,023","3","28","15,151","BOYACA","CHIQUINQUIRA","56,224,880,219","-738,042,449,951","ESTACION DE SERVICIO DE GNCV","GNV","2","450","328","3,699.74"
"2023 Mar 06 12:00:00 AM","2,023","3","6","15,150","BOYACA","TUNJA","55,184,726,715","-733,780,212,402","ESTACION DE SERVICIO DE GNCV","GNV","2","412","299","4,269.87"
"2023 Mar 06 12:00:00 AM","2,023","3","6","15,151","BOYACA","CHIQUINQUIRA","56,224,880,219","-738,042,449,951","ESTACION DE SERVICIO DE GNCV","GNV","1","420","294","3,321.8"
"2023 Mar 18 12:00:00 AM","2,023","3","18","15,152","BOYACA","DUITAMA","58,906,025,887","-730,670,928,955","ESTACION DE SERVICIO DE GNCV","GNV","1","74","61","1,377.81"
"2023 Mar 26 12:00:00 AM","2,023","3","26","15,157","BOYACA","SOGAMOSO","56,466,722,488","-728,709,564,209","ESTACION DE SERVICIO DE GNCV","GNV","1","224","138","1,581.89"
"2023 Mar 17 12:00:00 AM","2,023","3","17","15,152","BOYACA","DUITAMA","58,906,025,887","-730,670,928,955","ESTACION DE SERVICIO DE GNCV","GNV","1","78","70","1,069.96"
"2023 Mar 19 12:00:00 AM","2,023","3","19","15,150","BOYACA","TUNJA","55,184,726,715","-733,780,212,402","ESTACION DE SERVICIO DE GNCV","GNV","2","286","203","2,686.67"
"2023 Mar 24 12:00:00 AM","2,023","3","24","15,152","BOYACA","DUITAMA","58,906,025,887","-730,670,928,955","ESTACION DE SERVICIO DE GNCV","GNV","1","72","60","1,315.32"
"2023 Mar 17 12:00:00 AM","2,023","3","17","15,151","BOYACA","CHIQUINQUIRA","56,224,880,219","-738,042,449,951","ESTACION DE SERVICIO DE GNCV","GNV","2","475","327","4,061.11"
"2023 Mar 05 12:00:00 AM","2,023","3","5","15,152","BOYACA","DUITAMA","58,906,025,887","-730,670,928,955","ESTACION DE SERVICIO DE GNCV","GNV","1","53","45","1,226.64"
"2023 Mar 07 12:00:00 AM","2,023","3","7","15,151","BOYACA","CHIQUINQUIRA","56,224,880,219","-738,042,449,951","ESTACION DE SERVICIO DE GNCV","GNV","1","403","279","3,029.39"
"2023 Mar 23 12:00:00 AM","2,023","3","23","15,151","BOYACA","CHIQUINQUIRA","56,224,880,219","-738,042,449,951","ESTACION DE SERVICIO DE GNCV","GNV","1","388","267","3,171.22"
"2023 Mar 01 12:00:00 AM","2,023","3","1","15,150","BOYACA","TUNJA","55,184,726,715","-733,780,212,402","ESTACION DE SERVICIO DE GNCV","GNV","2","440","303","4,876.94"
"2023 Mar 09 12:00:00 AM","2,023","3","9","15,157","BOYACA","SOGAMOSO","56,466,722,488","-728,709,564,209","ESTACION DE SERVICIO DE GNCV","GNV","1","276","191","2,290.17"
"2023 Mar 04 12:00:00 AM","2,023","3","4","15,157","BOYACA","SOGAMOSO","56,466,722,488","-728,709,564,209","ESTACION DE SERVICIO DE GNCV","GNV","1","302","185","2,615.81"
"2023 Mar 20 12:00:00 AM","2,023","3","20","15,150","BOYACA","TUNJA","55,184,726,715","-733,780,212,402","ESTACION DE SERVICIO DE GNCV","GNV","2","320","247","3,312.08"
"2023 Mar 21 12:00:00 AM","2,023","3","21","15,150","BOYACA","TUNJA","55,184,726,715","-733,780,212,402","ESTACION DE SERVICIO DE GNCV","GNV","2","430","298","4,378.11"
"2023 Mar 20 12:00:00 AM","2,023","3","20","15,151","BOYACA","CHIQUINQUIRA","56,224,880,219","-738,042,449,951","ESTACION DE SERVICIO DE GNCV","GNV","2","368","272","3,047.56"
"2023 Mar 07 12:00:00 AM","2,023","3","7","15,152","BOYACA","DUITAMA","58,906,025,887","-730,670,928,955","ESTACION DE SERVICIO DE GNCV","GNV","1","89","77","1,306.18"
"2023 Mar 20 12:00:00 AM","2,023","3","20","15,157","BOYACA","SOGAMOSO","56,466,722,488","-728,709,564,209","ESTACION DE SERVICIO DE GNCV","GNV","1","209","162","1,720.08"
"2023 Mar 25 12:00:00 AM","2,023","3","25","15,157","BOYACA","SOGAMOSO","56,466,722,488","-728,709,564,209","ESTACION DE SERVICIO DE GNCV","GNV","1","265","177","1,995.11"
"2023 Mar 01 12:00:00 AM","2,023","3","1","15,152","BOYACA","DUITAMA","58,906,025,887","-730,670,928,955","ESTACION DE SERVICIO DE GNCV","GNV","1","95","79","1,968.34"
"2023 Mar 05 12:00:00 AM","2,023","3","5","15,150","BOYACA","TUNJA","55,184,726,715","-733,780,212,402","ESTACION DE SERVICIO DE GNCV","GNV","2","331","221","3,006.99"
"2023 Mar 22 12:00:00 AM","2,023","3","22","15,152","BOYACA","DUITAMA","58,906,025,887","-730,670,928,955","ESTACION DE SERVICIO DE GNCV","GNV","1","80","72","1,586.2"
"2023 Mar 29 12:00:00 AM","2,023","3","29","15,152","BOYACA","DUITAMA","58,906,025,887","-730,670,928,955","ESTACION DE SERVICIO DE GNCV","GNV","1","88","83","2,419.6"
"2023 Mar 09 12:00:00 AM","2,023","3","9","15,150","BOYACA","TUNJA","55,184,726,715","-733,780,212,402","ESTACION DE SERVICIO DE GNCV","GNV","2","443","293","4,493.58"
"2023 Mar 27 12:00:00 AM","2,023","3","27","15,151","BOYACA","CHIQUINQUIRA","56,224,880,219","-738,042,449,951","ESTACION DE SERVICIO DE GNCV","GNV","2","481","337","3,958.2"
"2023 Mar 03 12:00:00 AM","2,023","3","3","15,152","BOYACA","DUITAMA","58,906,025,887","-730,670,928,955","ESTACION DE SERVICIO DE GNCV","GNV","1","102","88","1,525.67"
"2023 Mar 31 12:00:00 AM","2,023","3","31","15,157","BOYACA","SOGAMOSO","56,466,722,488","-728,709,564,209","ESTACION DE SERVICIO DE GNCV","GNV","1","280","184","2,180.41"
"2023 Mar 23 12:00:00 AM","2,023","3","23","15,152","BOYACA","DUITAMA","58,906,025,887","-730,670,928,955","ESTACION DE SERVICIO DE GNCV","GNV","1","80","70","2,112.48"
"2023 Mar 10 12:00:00 AM","2,023","3","10","15,150","BOYACA","TUNJA","55,184,726,715","-733,780,212,402","ESTACION DE SERVICIO DE GNCV","GNV","2","443","289","4,288.24"
"2023 Mar 29 12:00:00 AM","2,023","3","29","15,150","BOYACA","TUNJA","55,184,726,715","-733,780,212,402","ESTACION DE SERVICIO DE GNCV","GNV","2","430","291","4,362.16"
"2023 Mar 01 12:00:00 AM","2,023","3","1","15,151","BOYACA","CHIQUINQUIRA","56,224,880,219","-738,042,449,951","ESTACION DE SERVICIO DE GNCV","GNV","1","402","275","3,131.52"
"2023 Mar 02 12:00:00 AM","2,023","3","2","15,150","BOYACA","TUNJA","55,184,726,715","-733,780,212,402","ESTACION DE SERVICIO DE GNCV","GNV","2","409","279","3,937.51"
"2023 Mar 24 12:00:00 AM","2,023","3","24","15,157","BOYACA","SOGAMOSO","56,466,722,488","-728,709,564,209","ESTACION DE SERVICIO DE GNCV","GNV","1","274","188","2,197.54"
"2023 Mar 30 12:00:00 AM","2,023","3","30","15,151","BOYACA","CHIQUINQUIRA","56,224,880,219","-738,042,449,951","ESTACION DE SERVICIO DE GNCV","GNV","2","458","313","3,675.64"
"2023 Mar 18 12:00:00 AM","2,023","3","18","15,157","BOYACA","SOGAMOSO","56,466,722,488","-728,709,564,209","ESTACION DE SERVICIO DE GNCV","GNV","1","307","200","2,472.72"
"2023 Mar 11 12:00:00 AM","2,023","3","11","15,151","BOYACA","CHIQUINQUIRA","56,224,880,219","-738,042,449,951","ESTACION DE SERVICIO DE GNCV","GNV","2","487","331","4,030.1"
"2023 Mar 15 12:00:00 AM","2,023","3","15","15,152","BOYACA","DUITAMA","58,906,025,887","-730,670,928,955","ESTACION DE SERVICIO DE GNCV","GNV","1","84","74","1,745.03"
"2023 Mar 08 12:00:00 AM","2,023","3","8","15,151","BOYACA","CHIQUINQUIRA","56,224,880,219","-738,042,449,951","ESTACION DE SERVICIO DE GNCV","GNV","2","440","303","3,428.02"
"2023 Mar 24 12:00:00 AM","2,023","3","24","15,151","BOYACA","CHIQUINQUIRA","56,224,880,219","-738,042,449,951","ESTACION DE SERVICIO DE GNCV","GNV","2","445","314","3,656.98"
"2023 Mar 08 12:00:00 AM","2,023","3","8","15,152","BOYACA","DUITAMA","58,906,025,887","-730,670,928,955","ESTACION DE SERVICIO DE GNCV","GNV","1","93","77","2,219.93"
"2023 Mar 11 12:00:00 AM","2,023","3","11","15,157","BOYACA","SOGAMOSO","56,466,722,488","-728,709,564,209","ESTACION DE SERVICIO DE GNCV","GNV","1","228","166","1,737.6"
"2023 Mar 08 12:00:00 AM","2,023","3","8","15,157","BOYACA","SOGAMOSO","56,466,722,488","-728,709,564,209","ESTACION DE SERVICIO DE GNCV","GNV","1","268","180","2,229.89"
"2023 Mar 03 12:00:00 AM","2,023","3","3","15,150","BOYACA","TUNJA","55,184,726,715","-733,780,212,402","ESTACION DE SERVICIO DE GNCV","GNV","2","450","296","4,534.21"
"2023 Mar 13 12:00:00 AM","2,023","3","13","15,150","BOYACA","TUNJA","55,184,726,715","-733,780,212,402","ESTACION DE SERVICIO DE GNCV","GNV","2","420","297","4,456.48"
"2023 Mar 04 12:00:00 AM","2,023","3","4","15,150","BOYACA","TUNJA","55,184,726,715","-733,780,212,402","ESTACION DE SERVICIO DE GNCV","GNV","2","440","299","4,406.08"
"2023 Mar 30 12:00:00 AM","2,023","3","30","15,150","BOYACA","TUNJA","55,184,726,715","-733,780,212,402","ESTACION DE SERVICIO DE GNCV","GNV","2","454","307","4,667.94"
"2023 Mar 12 12:00:00 AM","2,023","3","12","15,157","BOYACA","SOGAMOSO","56,466,722,488","-728,709,564,209","ESTACION DE SERVICIO DE GNCV","GNV","1","150","113","1,172.56"
"2023 Mar 22 12:00:00 AM","2,023","3","22","15,150","BOYACA","TUNJA","55,184,726,715","-733,780,212,402","ESTACION DE SERVICIO DE GNCV","GNV","2","422","282","4.076"
"2023 Mar 14 12:00:00 AM","2,023","3","14","15,152","BOYACA","DUITAMA","58,906,025,887","-730,670,928,955","ESTACION DE SERVICIO DE GNCV","GNV","1","62","52","874.93"
"2023 Mar 09 12:00:00 AM","2,023","3","9","15,152","BOYACA","DUITAMA","58,906,025,887","-730,670,928,955","ESTACION DE SERVICIO DE GNCV","GNV","1","78","65","1,428.92"
"2023 Mar 31 12:00:00 AM","2,023","3","31","15,151","BOYACA","CHIQUINQUIRA","56,224,880,219","-738,042,449,951","ESTACION DE SERVICIO DE GNCV","GNV","2","475","328","3,863.2"
"2023 Mar 06 12:00:00 AM","2,023","3","6","15,157","BOYACA","SOGAMOSO","56,466,722,488","-728,709,564,209","ESTACION DE SERVICIO DE GNCV","GNV","1","278","203","2,463.59"
"2023 Mar 03 12:00:00 AM","2,023","3","3","15,151","BOYACA","CHIQUINQUIRA","56,224,880,219","-738,042,449,951","ESTACION DE SERVICIO DE GNCV","GNV","1","403","279","3,048.75"
"2023 Mar 26 12:00:00 AM","2,023","3","26","15,152","BOYACA","DUITAMA","58,906,025,887","-730,670,928,955","ESTACION DE SERVICIO DE GNCV","GNV","1","67","58","1,439.14"
"2023 Mar 17 12:00:00 AM","2,023","3","17","15,157","BOYACA","SOGAMOSO","56,466,722,488","-728,709,564,209","ESTACION DE SERVICIO DE GNCV","GNV","1","308","198","2,664.5"
"2023 Mar 02 12:00:00 AM","2,023","3","2","15,151","BOYACA","CHIQUINQUIRA","56,224,880,219","-738,042,449,951","ESTACION DE SERVICIO DE GNCV","GNV","1","406","274","3,078.99"
"2023 Mar 28 12:00:00 AM","2,023","3","28","15,152","BOYACA","DUITAMA","58,906,025,887","-730,670,928,955","ESTACION DE SERVICIO DE GNCV","GNV","1","71","60","2,526.83"
"2023 Mar 24 12:00:00 AM","2,023","3","24","15,150","BOYACA","TUNJA","55,184,726,715","-733,780,212,402","ESTACION DE SERVICIO DE GNCV","GNV","2","476","310","4,972.57"
"2023 Mar 19 12:00:00 AM","2,023","3","19","15,152","BOYACA","DUITAMA","58,906,025,887","-730,670,928,955","ESTACION DE SERVICIO DE GNCV","GNV","1","59","50","502.26"
"2023 Mar 31 12:00:00 AM","2,023","3","31","15,152","BOYACA","DUITAMA","58,906,025,887","-730,670,928,955","ESTACION DE SERVICIO DE GNCV","GNV","1","94","79","1,854.18"
"2023 Mar 07 12:00:00 AM","2,023","3","7","15,150","BOYACA","TUNJA","55,184,726,715","-733,780,212,402","ESTACION DE SERVICIO DE GNCV","GNV","2","443","317","4,625.71"
"2023 Mar 30 12:00:00 AM","2,023","3","30","15,152","BOYACA","DUITAMA","58,906,025,887","-730,670,928,955","ESTACION DE SERVICIO DE GNCV","GNV","1","82","72","2,544.97"
"2023 Mar 01 12:00:00 AM","2,023","3","1","15,157","BOYACA","SOGAMOSO","56,466,722,488","-728,709,564,209","ESTACION DE SERVICIO DE GNCV","GNV","1","262","175","2,279.72"
"2023 Mar 22 12:00:00 AM","2,023","3","22","15,157","BOYACA","SOGAMOSO","56,466,722,488","-728,709,564,209","ESTACION DE SERVICIO DE GNCV","GNV","1","285","196","2,387.93"
"2023 Mar 15 12:00:00 AM","2,023","3","15","15,157","BOYACA","SOGAMOSO","56,466,722,488","-728,709,564,209","ESTACION DE SERVICIO DE GNCV","GNV","1","245","179","2,011.49"
"2023 Mar 19 12:00:00 AM","2,023","3","19","15,157","BOYACA","SOGAMOSO","56,466,722,488","-728,709,564,209","ESTACION DE SERVICIO DE GNCV","GNV","1","255","158","1,982.94"
"2023 Mar 16 12:00:00 AM","2,023","3","16","15,151","BOYACA","CHIQUINQUIRA","56,224,880,219","-738,042,449,951","ESTACION DE SERVICIO DE GNCV","GNV","2","454","318","3,797.86"
"2023 Mar 12 12:00:00 AM","2,023","3","12","15,152","BOYACA","DUITAMA","58,906,025,887","-730,670,928,955","ESTACION DE SERVICIO DE GNCV","GNV","1","65","57","921.83"
"2023 Mar 21 12:00:00 AM","2,023","3","21","15,151","BOYACA","CHIQUINQUIRA","56,224,880,219","-738,042,449,951","ESTACION DE SERVICIO DE GNCV","GNV","2","460","330","3,992.25"
"2023 Mar 10 12:00:00 AM","2,023","3","10","15,151","BOYACA","CHIQUINQUIRA","56,224,880,219","-738,042,449,951","ESTACION DE SERVICIO DE GNCV","GNV","2","482","318","3,866.39"
"2023 Mar 05 12:00:00 AM","2,023","3","5","15,157","BOYACA","SOGAMOSO","56,466,722,488","-728,709,564,209","ESTACION DE SERVICIO DE GNCV","GNV","1","260","160","2,050.51"
"2023 Mar 25 12:00:00 AM","2,023","3","25","15,150","BOYACA","TUNJA","55,184,726,715","-733,780,212,402","ESTACION DE SERVICIO DE GNCV","GNV","2","429","287","4,127.38"
"2023 Mar 29 12:00:00 AM","2,023","3","29","15,157","BOYACA","SOGAMOSO","56,466,722,488","-728,709,564,209","ESTACION DE SERVICIO DE GNCV","GNV","1","250","181","2,147.6"
"2023 Mar 22 12:00:00 AM","2,023","3","22","15,151","BOYACA","CHIQUINQUIRA","56,224,880,219","-738,042,449,951","ESTACION DE SERVICIO DE GNCV","GNV","1","384","265","3,132.67"
"2023 Mar 03 12:00:00 AM","2,023","3","3","15,157","BOYACA","SOGAMOSO","56,466,722,488","-728,709,564,209","ESTACION DE SERVICIO DE GNCV","GNV","1","276","186","2,333.3"
"2023 Mar 16 12:00:00 AM","2,023","3","16","15,152","BOYACA","DUITAMA","58,906,025,887","-730,670,928,955","ESTACION DE SERVICIO DE GNCV","GNV","1","75","64","1,353.98"
"2023 Mar 19 12:00:00 AM","2,023","3","19","15,151","BOYACA","CHIQUINQUIRA","56,224,880,219","-738,042,449,951","ESTACION DE SERVICIO DE GNCV","GNV","2","382","265","3,096.95"
"2023 Mar 04 12:00:00 AM","2,023","3","4","15,152","BOYACA","DUITAMA","58,906,025,887","-730,670,928,955","ESTACION DE SERVICIO DE GNCV","GNV","1","86","72","1,213.55"
"2023 Mar 30 12:00:00 AM","2,023","3","30","15,157","BOYACA","SOGAMOSO","56,466,722,488","-728,709,564,209","ESTACION DE SERVICIO DE GNCV","GNV","1","252","182","2,029.26"
"2023 Mar 27 12:00:00 AM","2,023","3","27","15,157","BOYACA","SOGAMOSO","56,466,722,488","-728,709,564,209","ESTACION DE SERVICIO DE GNCV","GNV","1","275","204","2,281.47"
"2023 Mar 15 12:00:00 AM","2,023","3","15","15,151","BOYACA","CHIQUINQUIRA","56,224,880,219","-738,042,449,951","ESTACION DE SERVICIO DE GNCV","GNV","2","460","313","3,787.22"
"2023 Mar 23 12:00:00 AM","2,023","3","23","15,150","BOYACA","TUNJA","55,184,726,715","-733,780,212,402","ESTACION DE SERVICIO DE GNCV","GNV","2","419","284","4,334.13"
"2023 Mar 09 12:00:00 AM","2,023","3","9","15,151","BOYACA","CHIQUINQUIRA","56,224,880,219","-738,042,449,951","ESTACION DE SERVICIO DE GNCV","GNV","2","483","342","3,959.89"
"2023 Mar 14 12:00:00 AM","2,023","3","14","15,157","BOYACA","SOGAMOSO","56,466,722,488","-728,709,564,209","ESTACION DE SERVICIO DE GNCV","GNV","1","258","182","2,008.17"
"2023 Feb 20 12:00:00 AM","2,023","2","20","15,152","BOYACA","DUITAMA","58,906,025,887","-730,670,928,955","ESTACION DE SERVICIO DE GNCV","GNV","1","86","70","1,129.09"
"2023 Feb 23 12:00:00 AM","2,023","2","23","15,157","BOYACA","SOGAMOSO","56,466,722,488","-728,709,564,209","ESTACION DE SERVICIO DE GNCV","GNV","1","254","178","2,184.42"
"2023 Feb 24 12:00:00 AM","2,023","2","24","15,150","BOYACA","TUNJA","55,184,726,715","-733,780,212,402","ESTACION DE SERVICIO DE GNCV","GNV","2","472","317","4,572.11"
"2023 Feb 15 12:00:00 AM","2,023","2","15","15,151","BOYACA","CHIQUINQUIRA","56,224,880,219","-738,042,449,951","ESTACION DE SERVICIO DE GNCV","GNV","1","394","270","3,098.06"
"2023 Feb 22 12:00:00 AM","2,023","2","22","15,152","BOYACA","DUITAMA","58,906,025,887","-730,670,928,955","ESTACION DE SERVICIO DE GNCV","GNV","1","79","68","1,469.98"
"2023 Feb 27 12:00:00 AM","2,023","2","27","15,157","BOYACA","SOGAMOSO","56,466,722,488","-728,709,564,209","ESTACION DE SERVICIO DE GNCV","GNV","1","264","186","2,348.65"
"2023 Feb 16 12:00:00 AM","2,023","2","16","15,151","BOYACA","CHIQUINQUIRA","56,224,880,219","-738,042,449,951","ESTACION DE SERVICIO DE GNCV","GNV","1","415","273","3,146.07"
"2023 Feb 01 12:00:00 AM","2,023","2","1","15,150","BOYACA","TUNJA","55,184,726,715","-733,780,212,402","ESTACION DE SERVICIO DE GNCV","GNV","2","447","308","4,637.35"
"2023 Feb 11 12:00:00 AM","2,023","2","11","15,151","BOYACA","CHIQUINQUIRA","56,224,880,219","-738,042,449,951","ESTACION DE SERVICIO DE GNCV","GNV","1","409","279","3,103.93"
"2023 Feb 07 12:00:00 AM","2,023","2","7","15,150","BOYACA","TUNJA","55,184,726,715","-733,780,212,402","ESTACION DE SERVICIO DE GNCV","GNV","2","446","288","4,508.55"
"2023 Feb 08 12:00:00 AM","2,023","2","8","15,157","BOYACA","SOGAMOSO","56,466,722,488","-728,709,564,209","ESTACION DE SERVICIO DE GNCV","GNV","1","269","193","2,264.79"
"2023 Feb 21 12:00:00 AM","2,023","2","21","15,151","BOYACA","CHIQUINQUIRA","56,224,880,219","-738,042,449,951","ESTACION DE SERVICIO DE GNCV","GNV","1","421","280","3,258.99"
"2023 Feb 25 12:00:00 AM","2,023","2","25","15,150","BOYACA","TUNJA","55,184,726,715","-733,780,212,402","ESTACION DE SERVICIO DE GNCV","GNV","2","418","282","4,133.79"
"2023 Feb 26 12:00:00 AM","2,023","2","26","15,152","BOYACA","DUITAMA","58,906,025,887","-730,670,928,955","ESTACION DE SERVICIO DE GNCV","GNV","1","54","47","1,419.55"
"2023 Feb 23 12:00:00 AM","2,023","2","23","15,150","BOYACA","TUNJA","55,184,726,715","-733,780,212,402","ESTACION DE SERVICIO DE GNCV","GNV","2","422","290","4,230.65"
"2023 Feb 13 12:00:00 AM","2,023","2","13","15,152","BOYACA","DUITAMA","58,906,025,887","-730,670,928,955","ESTACION DE SERVICIO DE GNCV","GNV","1","94","85","1,683.43"
"2023 Feb 25 12:00:00 AM","2,023","2","25","15,152","BOYACA","DUITAMA","58,906,025,887","-730,670,928,955","ESTACION DE SERVICIO DE GNCV","GNV","1","69","62","992.37"
"2023 Feb 09 12:00:00 AM","2,023","2","9","15,151","BOYACA","CHIQUINQUIRA","56,224,880,219","-738,042,449,951","ESTACION DE SERVICIO DE GNCV","GNV","1","407","277","3,164.97"
"2023 Feb 27 12:00:00 AM","2,023","2","27","15,151","BOYACA","CHIQUINQUIRA","56,224,880,219","-738,042,449,951","ESTACION DE SERVICIO DE GNCV","GNV","1","383","268","2,999.01"
"2023 Feb 05 12:00:00 AM","2,023","2","5","15,151","BOYACA","CHIQUINQUIRA","56,224,880,219","-738,042,449,951","ESTACION DE SERVICIO DE GNCV","GNV","1","390","256","2,868.24"
"2023 Feb 20 12:00:00 AM","2,023","2","20","15,157","BOYACA","SOGAMOSO","56,466,722,488","-728,709,564,209","ESTACION DE SERVICIO DE GNCV","GNV","1","258","194","2,203.87"
"2023 Feb 17 12:00:00 AM","2,023","2","17","15,157","BOYACA","SOGAMOSO","56,466,722,488","-728,709,564,209","ESTACION DE SERVICIO DE GNCV","GNV","1","292","193","2,461.93"
"2023 Feb 09 12:00:00 AM","2,023","2","9","15,150","BOYACA","TUNJA","55,184,726,715","-733,780,212,402","ESTACION DE SERVICIO DE GNCV","GNV","2","457","300","4,453.85"
"2023 Feb 13 12:00:00 AM","2,023","2","13","15,150","BOYACA","TUNJA","55,184,726,715","-733,780,212,402","ESTACION DE SERVICIO DE GNCV","GNV","2","475","335","5,021.1"
"2023 Feb 12 12:00:00 AM","2,023","2","12","15,150","BOYACA","TUNJA","55,184,726,715","-733,780,212,402","ESTACION DE SERVICIO DE GNCV","GNV","2","302","206","2,826.43"
"2023 Feb 16 12:00:00 AM","2,023","2","16","15,150","BOYACA","TUNJA","55,184,726,715","-733,780,212,402","ESTACION DE SERVICIO DE GNCV","GNV","2","473","312","4,938.42"
"2023 Feb 07 12:00:00 AM","2,023","2","7","15,151","BOYACA","CHIQUINQUIRA","56,224,880,219","-738,042,449,951","ESTACION DE SERVICIO DE GNCV","GNV","1","399","279","3,145.45"
"2023 Feb 01 12:00:00 AM","2,023","2","1","15,152","BOYACA","DUITAMA","58,906,025,887","-730,670,928,955","ESTACION DE SERVICIO DE GNCV","GNV","1","84","71","1,831.25"
"2023 Feb 21 12:00:00 AM","2,023","2","21","15,150","BOYACA","TUNJA","55,184,726,715","-733,780,212,402","ESTACION DE SERVICIO DE GNCV","GNV","2","418","287","4,223.61"
"2023 Feb 08 12:00:00 AM","2,023","2","8","15,152","BOYACA","DUITAMA","58,906,025,887","-730,670,928,955","ESTACION DE SERVICIO DE GNCV","GNV","1","68","61","1,493.15"
"2023 Feb 17 12:00:00 AM","2,023","2","17","15,152","BOYACA","DUITAMA","58,906,025,887","-730,670,928,955","ESTACION DE SERVICIO DE GNCV","GNV","1","95","86","1,656.28"
"2023 Feb 26 12:00:00 AM","2,023","2","26","15,150","BOYACA","TUNJA","55,184,726,715","-733,780,212,402","ESTACION DE SERVICIO DE GNCV","GNV","2","307","202","2,722.91"
"2023 Feb 04 12:00:00 AM","2,023","2","4","15,157","BOYACA","SOGAMOSO","56,466,722,488","-728,709,564,209","ESTACION DE SERVICIO DE GNCV","GNV","1","310","195","2,443.26"
"2023 Feb 05 12:00:00 AM","2,023","2","5","15,157","BOYACA","SOGAMOSO","56,466,722,488","-728,709,564,209","ESTACION DE SERVICIO DE GNCV","GNV","1","269","166","1,935.33"
"2023 Feb 25 12:00:00 AM","2,023","2","25","15,151","BOYACA","CHIQUINQUIRA","56,224,880,219","-738,042,449,951","ESTACION DE SERVICIO DE GNCV","GNV","1","411","277","3,030.04"
"2023 Feb 11 12:00:00 AM","2,023","2","11","15,152","BOYACA","DUITAMA","58,906,025,887","-730,670,928,955","ESTACION DE SERVICIO DE GNCV","GNV","1","89","78","1,301.61"
"2023 Feb 14 12:00:00 AM","2,023","2","14","15,152","BOYACA","DUITAMA","58,906,025,887","-730,670,928,955","ESTACION DE SERVICIO DE GNCV","GNV","1","80","69","1,640.41"
"2023 Feb 08 12:00:00 AM","2,023","2","8","15,151","BOYACA","CHIQUINQUIRA","56,224,880,219","-738,042,449,951","ESTACION DE SERVICIO DE GNCV","GNV","1","416","284","3,401.75"
"2023 Feb 06 12:00:00 AM","2,023","2","6","15,150","BOYACA","TUNJA","55,184,726,715","-733,780,212,402","ESTACION DE SERVICIO DE GNCV","GNV","2","455","321","4,869.08"
"2023 Feb 14 12:00:00 AM","2,023","2","14","15,150","BOYACA","TUNJA","55,184,726,715","-733,780,212,402","ESTACION DE SERVICIO DE GNCV","GNV","2","428","294","4,388.3"
"2023 Feb 17 12:00:00 AM","2,023","2","17","15,150","BOYACA","TUNJA","55,184,726,715","-733,780,212,402","ESTACION DE SERVICIO DE GNCV","GNV","2","494","310","4,847.83"
"2023 Feb 27 12:00:00 AM","2,023","2","27","15,152","BOYACA","DUITAMA","58,906,025,887","-730,670,928,955","ESTACION DE SERVICIO DE GNCV","GNV","1","74","65","1,989.37"
"2023 Feb 12 12:00:00 AM","2,023","2","12","15,152","BOYACA","DUITAMA","58,906,025,887","-730,670,928,955","ESTACION DE SERVICIO DE GNCV","GNV","1","60","52","1,759.24"
"2023 Feb 07 12:00:00 AM","2,023","2","7","15,152","BOYACA","DUITAMA","58,906,025,887","-730,670,928,955","ESTACION DE SERVICIO DE GNCV","GNV","1","92","77","1,522.23"
"2023 Feb 12 12:00:00 AM","2,023","2","12","15,151","BOYACA","CHIQUINQUIRA","56,224,880,219","-738,042,449,951","ESTACION DE SERVICIO DE GNCV","GNV","1","372","248","2,689.37"
"2023 Feb 16 12:00:00 AM","2,023","2","16","15,152","BOYACA","DUITAMA","58,906,025,887","-730,670,928,955","ESTACION DE SERVICIO DE GNCV","GNV","1","79","72","1,875.21"
"2023 Feb 23 12:00:00 AM","2,023","2","23","15,151","BOYACA","CHIQUINQUIRA","56,224,880,219","-738,042,449,951","ESTACION DE SERVICIO DE GNCV","GNV","1","384","264","2,930.67"
"2023 Feb 28 12:00:00 AM","2,023","2","28","15,152","BOYACA","DUITAMA","58,906,025,887","-730,670,928,955","ESTACION DE SERVICIO DE GNCV","GNV","1","73","63","1,600.41"
"2023 Feb 04 12:00:00 AM","2,023","2","4","15,152","BOYACA","DUITAMA","58,906,025,887","-730,670,928,955","ESTACION DE SERVICIO DE GNCV","GNV","1","107","85","1,882.58"
"2023 Feb 28 12:00:00 AM","2,023","2","28","15,150","BOYACA","TUNJA","55,184,726,715","-733,780,212,402","ESTACION DE SERVICIO DE GNCV","GNV","2","442","296","4,552.8"
"2023 Feb 06 12:00:00 AM","2,023","2","6","15,157","BOYACA","SOGAMOSO","56,466,722,488","-728,709,564,209","ESTACION DE SERVICIO DE GNCV","GNV","1","295","203","2,504.93"
"2023 Feb 03 12:00:00 AM","2,023","2","3","15,157","BOYACA","SOGAMOSO","56,466,722,488","-728,709,564,209","ESTACION DE SERVICIO DE GNCV","GNV","1","291","201","2,379.17"
"2023 Feb 06 12:00:00 AM","2,023","2","6","15,152","BOYACA","DUITAMA","58,906,025,887","-730,670,928,955","ESTACION DE SERVICIO DE GNCV","GNV","1","92","78","2,004.05"
"2023 Feb 04 12:00:00 AM","2,023","2","4","15,150","BOYACA","TUNJA","55,184,726,715","-733,780,212,402","ESTACION DE SERVICIO DE GNCV","GNV","2","454","299","4,655.63"
"2023 Feb 12 12:00:00 AM","2,023","2","12","15,157","BOYACA","SOGAMOSO","56,466,722,488","-728,709,564,209","ESTACION DE SERVICIO DE GNCV","GNV","1","258","157","1,940.56"
"2023 Feb 21 12:00:00 AM","2,023","2","21","15,152","BOYACA","DUITAMA","58,906,025,887","-730,670,928,955","ESTACION DE SERVICIO DE GNCV","GNV","1","73","68","1,234.85"
"2023 Feb 16 12:00:00 AM","2,023","2","16","15,157","BOYACA","SOGAMOSO","56,466,722,488","-728,709,564,209","ESTACION DE SERVICIO DE GNCV","GNV","1","266","191","2,222.78"
"2023 Feb 23 12:00:00 AM","2,023","2","23","15,152","BOYACA","DUITAMA","58,906,025,887","-730,670,928,955","ESTACION DE SERVICIO DE GNCV","GNV","1","78","65","1,627.25"
"2023 Feb 01 12:00:00 AM","2,023","2","1","15,157","BOYACA","SOGAMOSO","56,466,722,488","-728,709,564,209","ESTACION DE SERVICIO DE GNCV","GNV","1","295","198","2,405.79"
"2023 Feb 10 12:00:00 AM","2,023","2","10","15,150","BOYACA","TUNJA","55,184,726,715","-733,780,212,402","ESTACION DE SERVICIO DE GNCV","GNV","2","481","322","4,846.6"
"2023 Feb 11 12:00:00 AM","2,023","2","11","15,150","BOYACA","TUNJA","55,184,726,715","-733,780,212,402","ESTACION DE SERVICIO DE GNCV","GNV","2","439","286","4,309.03"
"2023 Feb 11 12:00:00 AM","2,023","2","11","15,157","BOYACA","SOGAMOSO","56,466,722,488","-728,709,564,209","ESTACION DE SERVICIO DE GNCV","GNV","1","297","193","2,487.22"
"2023 Feb 02 12:00:00 AM","2,023","2","2","15,157","BOYACA","SOGAMOSO","56,466,722,488","-728,709,564,209","ESTACION DE SERVICIO DE GNCV","GNV","1","291","198","2,485.29"
"2023 Feb 21 12:00:00 AM","2,023","2","21","15,157","BOYACA","SOGAMOSO","56,466,722,488","-728,709,564,209","ESTACION DE SERVICIO DE GNCV","GNV","1","302","205","2,661.24"
"2023 Feb 15 12:00:00 AM","2,023","2","15","15,150","BOYACA","TUNJA","55,184,726,715","-733,780,212,402","ESTACION DE SERVICIO DE GNCV","GNV","2","412","278","4,082.58"
"2023 Feb 10 12:00:00 AM","2,023","2","10","15,151","BOYACA","CHIQUINQUIRA","56,224,880,219","-738,042,449,951","ESTACION DE SERVICIO DE GNCV","GNV","1","416","276","3,139.4"
"2023 Feb 15 12:00:00 AM","2,023","2","15","15,157","BOYACA","SOGAMOSO","56,466,722,488","-728,709,564,209","ESTACION DE SERVICIO DE GNCV","GNV","1","257","183","2,066.68"
"2023 Feb 24 12:00:00 AM","2,023","2","24","15,152","BOYACA","DUITAMA","58,906,025,887","-730,670,928,955","ESTACION DE SERVICIO DE GNCV","GNV","1","77","68","1,307.27"
"2023 Feb 26 12:00:00 AM","2,023","2","26","15,151","BOYACA","CHIQUINQUIRA","56,224,880,219","-738,042,449,951","ESTACION DE SERVICIO DE GNCV","GNV","1","344","238","2,439.87"
"2023 Feb 28 12:00:00 AM","2,023","2","28","15,151","BOYACA","CHIQUINQUIRA","56,224,880,219","-738,042,449,951","ESTACION DE SERVICIO DE GNCV","GNV","1","366","261","2,907.04"
"2023 Feb 10 12:00:00 AM","2,023","2","10","15,152","BOYACA","DUITAMA","58,906,025,887","-730,670,928,955","ESTACION DE SERVICIO DE GNCV","GNV","1","78","72","1,723.23"
"2023 Feb 19 12:00:00 AM","2,023","2","19","15,152","BOYACA","DUITAMA","58,906,025,887","-730,670,928,955","ESTACION DE SERVICIO DE GNCV","GNV","1","70","57","1,586.63"
"2023 Feb 20 12:00:00 AM","2,023","2","20","15,151","BOYACA","CHIQUINQUIRA","56,224,880,219","-738,042,449,951","ESTACION DE SERVICIO DE GNCV","GNV","1","396","270","3,079.87"
"2023 Feb 17 12:00:00 AM","2,023","2","17","15,151","BOYACA","CHIQUINQUIRA","56,224,880,219","-738,042,449,951","ESTACION DE SERVICIO DE GNCV","GNV","1","400","273","3,151.07"
"2023 Feb 08 12:00:00 AM","2,023","2","8","15,150","BOYACA","TUNJA","55,184,726,715","-733,780,212,402","ESTACION DE SERVICIO DE GNCV","GNV","2","446","293","4,701.16"
"2023 Feb 07 12:00:00 AM","2,023","2","7","15,157","BOYACA","SOGAMOSO","56,466,722,488","-728,709,564,209","ESTACION DE SERVICIO DE GNCV","GNV","1","302","206","2,483.41"
"2023 Feb 19 12:00:00 AM","2,023","2","19","15,150","BOYACA","TUNJA","55,184,726,715","-733,780,212,402","ESTACION DE SERVICIO DE GNCV","GNV","2","329","221","3,125.17"
"2023 Feb 15 12:00:00 AM","2,023","2","15","15,152","BOYACA","DUITAMA","58,906,025,887","-730,670,928,955","ESTACION DE SERVICIO DE GNCV","GNV","1","76","65","1,565.66"
"2023 Feb 13 12:00:00 AM","2,023","2","13","15,157","BOYACA","SOGAMOSO","56,466,722,488","-728,709,564,209","ESTACION DE SERVICIO DE GNCV","GNV","1","266","185","2.122"
"2023 Feb 22 12:00:00 AM","2,023","2","22","15,150","BOYACA","TUNJA","55,184,726,715","-733,780,212,402","ESTACION DE SERVICIO DE GNCV","GNV","2","163","141","1,863.61"
"2023 Feb 18 12:00:00 AM","2,023","2","18","15,157","BOYACA","SOGAMOSO","56,466,722,488","-728,709,564,209","ESTACION DE SERVICIO DE GNCV","GNV","1","295","190","2,246.88"
"2023 Feb 25 12:00:00 AM","2,023","2","25","15,157","BOYACA","SOGAMOSO","56,466,722,488","-728,709,564,209","ESTACION DE SERVICIO DE GNCV","GNV","1","291","186","2,370.98"
"2023 Feb 01 12:00:00 AM","2,023","2","1","15,151","BOYACA","CHIQUINQUIRA","56,224,880,219","-738,042,449,951","ESTACION DE SERVICIO DE GNCV","GNV","1","376","265","3,032.29"
"2023 Feb 24 12:00:00 AM","2,023","2","24","15,151","BOYACA","CHIQUINQUIRA","56,224,880,219","-738,042,449,951","ESTACION DE SERVICIO DE GNCV","GNV","1","397","279","2,994.33"
"2023 Feb 27 12:00:00 AM","2,023","2","27","15,150","BOYACA","TUNJA","55,184,726,715","-733,780,212,402","ESTACION DE SERVICIO DE GNCV","GNV","2","420","301","4,273.54"
"2023 Feb 19 12:00:00 AM","2,023","2","19","15,157","BOYACA","SOGAMOSO","56,466,722,488","-728,709,564,209","ESTACION DE SERVICIO DE GNCV","GNV","1","257","164","1,889.38"
"2023 Feb 05 12:00:00 AM","2,023","2","5","15,150","BOYACA","TUNJA","55,184,726,715","-733,780,212,402","ESTACION DE SERVICIO DE GNCV","GNV","2","344","246","3,401.35"
"2023 Feb 05 12:00:00 AM","2,023","2","5","15,152","BOYACA","DUITAMA","58,906,025,887","-730,670,928,955","ESTACION DE SERVICIO DE GNCV","GNV","1","72","59","1,230.51"
"2023 Feb 03 12:00:00 AM","2,023","2","3","15,152","BOYACA","DUITAMA","58,906,025,887","-730,670,928,955","ESTACION DE SERVICIO DE GNCV","GNV","1","113","90","1,724.36"
"2023 Feb 09 12:00:00 AM","2,023","2","9","15,157","BOYACA","SOGAMOSO","56,466,722,488","-728,709,564,209","ESTACION DE SERVICIO DE GNCV","GNV","1","257","188","2,124.16"
"2023 Feb 03 12:00:00 AM","2,023","2","3","15,150","BOYACA","TUNJA","55,184,726,715","-733,780,212,402","ESTACION DE SERVICIO DE GNCV","GNV","2","473","307","4,719.23"
"2023 Feb 19 12:00:00 AM","2,023","2","19","15,151","BOYACA","CHIQUINQUIRA","56,224,880,219","-738,042,449,951","ESTACION DE SERVICIO DE GNCV","GNV","1","389","256","2,813.17"
"2023 Feb 22 12:00:00 AM","2,023","2","22","15,157","BOYACA","SOGAMOSO","56,466,722,488","-728,709,564,209","ESTACION DE SERVICIO DE GNCV","GNV","1","246","183","2,167.83"
"2023 Feb 18 12:00:00 AM","2,023","2","18","15,152","BOYACA","DUITAMA","58,906,025,887","-730,670,928,955","ESTACION DE SERVICIO DE GNCV","GNV","1","85","72","1,100.89"
"2023 Feb 04 12:00:00 AM","2,023","2","4","15,151","BOYACA","CHIQUINQUIRA","56,224,880,219","-738,042,449,951","ESTACION DE SERVICIO DE GNCV","GNV","1","428","279","3,272.33"
"2023 Feb 09 12:00:00 AM","2,023","2","9","15,152","BOYACA","DUITAMA","58,906,025,887","-730,670,928,955","ESTACION DE SERVICIO DE GNCV","GNV","1","85","73","1,537.78"
"2023 Feb 14 12:00:00 AM","2,023","2","14","15,157","BOYACA","SOGAMOSO","56,466,722,488","-728,709,564,209","ESTACION DE SERVICIO DE GNCV","GNV","1","306","216","2,530.33"
"2023 Feb 18 12:00:00 AM","2,023","2","18","15,150","BOYACA","TUNJA","55,184,726,715","-733,780,212,402","ESTACION DE SERVICIO DE GNCV","GNV","2","428","287","4,190.89"
"2023 Feb 13 12:00:00 AM","2,023","2","13","15,151","BOYACA","CHIQUINQUIRA","56,224,880,219","-738,042,449,951","ESTACION DE SERVICIO DE GNCV","GNV","1","401","281","3,219.73"
"2023 Feb 18 12:00:00 AM","2,023","2","18","15,151","BOYACA","CHIQUINQUIRA","56,224,880,219","-738,042,449,951","ESTACION DE SERVICIO DE GNCV","GNV","1","422","274","3,121.77"
"2023 Feb 14 12:00:00 AM","2,023","2","14","15,151","BOYACA","CHIQUINQUIRA","56,224,880,219","-738,042,449,951","ESTACION DE SERVICIO DE GNCV","GNV","1","402","285","3,278.53"
"2023 Feb 10 12:00:00 AM","2,023","2","10","15,157","BOYACA","SOGAMOSO","56,466,722,488","-728,709,564,209","ESTACION DE SERVICIO DE GNCV","GNV","1","289","194","2,308.27"
"2023 Feb 22 12:00:00 AM","2,023","2","22","15,151","BOYACA","CHIQUINQUIRA","56,224,880,219","-738,042,449,951","ESTACION DE SERVICIO DE GNCV","GNV","1","406","282","3.255"
"2023 Feb 20 12:00:00 AM","2,023","2","20","15,150","BOYACA","TUNJA","55,184,726,715","-733,780,212,402","ESTACION DE SERVICIO DE GNCV","GNV","2","456","312","4,690.62"
"2023 Feb 26 12:00:00 AM","2,023","2","26","15,157","BOYACA","SOGAMOSO","56,466,722,488","-728,709,564,209","ESTACION DE SERVICIO DE GNCV","GNV","1","232","152","1,784.31"
"2023 Feb 24 12:00:00 AM","2,023","2","24","15,157","BOYACA","SOGAMOSO","56,466,722,488","-728,709,564,209","ESTACION DE SERVICIO DE GNCV","GNV","1","297","198","2,490.12"
"2023 Feb 03 12:00:00 AM","2,023","2","3","15,151","BOYACA","CHIQUINQUIRA","56,224,880,219","-738,042,449,951","ESTACION DE SERVICIO DE GNCV","GNV","1","425","299","3,432.36"
"2023 Feb 06 12:00:00 AM","2,023","2","6","15,151","BOYACA","CHIQUINQUIRA","56,224,880,219","-738,042,449,951","ESTACION DE SERVICIO DE GNCV","GNV","1","383","273","3,225.2"
"2023 Feb 28 12:00:00 AM","2,023","2","28","15,157","BOYACA","SOGAMOSO","56,466,722,488","-728,709,564,209","ESTACION DE SERVICIO DE GNCV","GNV","1","281","199","2,527.01"
"2023 Feb 02 12:00:00 AM","2,023","2","2","15,152","BOYACA","DUITAMA","58,906,025,887","-730,670,928,955","ESTACION DE SERVICIO DE GNCV","GNV","1","104","85","2,113.3"
"2023 Feb 02 12:00:00 AM","2,023","2","2","15,151","BOYACA","CHIQUINQUIRA","56,224,880,219","-738,042,449,951","ESTACION DE SERVICIO DE GNCV","GNV","1","393","274","2,950.81"
"2023 Feb 02 12:00:00 AM","2,023","2","2","15,150","BOYACA","TUNJA","55,184,726,715","-733,780,212,402","ESTACION DE SERVICIO DE GNCV","GNV","2","450","304","4,639.54"
"2023 Jan 12 12:00:00 AM","2,023","1","12","15,152","BOYACA","DUITAMA","58,906,025,887","-730,670,928,955","ESTACION DE SERVICIO DE GNCV","GNV","1","103","89","2,053.15"
"2023 Jan 20 12:00:00 AM","2,023","1","20","15,157","BOYACA","SOGAMOSO","56,466,722,488","-728,709,564,209","ESTACION DE SERVICIO DE GNCV","GNV","1","275","188","2,210.51"
"2023 Jan 20 12:00:00 AM","2,023","1","20","15,152","BOYACA","DUITAMA","58,906,025,887","-730,670,928,955","ESTACION DE SERVICIO DE GNCV","GNV","1","105","89","1,972.81"
"2023 Jan 27 12:00:00 AM","2,023","1","27","15,157","BOYACA","SOGAMOSO","56,466,722,488","-728,709,564,209","ESTACION DE SERVICIO DE GNCV","GNV","1","280","197","2,294.62"
"2023 Jan 25 12:00:00 AM","2,023","1","25","15,150","BOYACA","TUNJA","55,184,726,715","-733,780,212,402","ESTACION DE SERVICIO DE GNCV","GNV","2","416","278","3,915.33"
"2023 Jan 15 12:00:00 AM","2,023","1","15","15,157","BOYACA","SOGAMOSO","56,466,722,488","-728,709,564,209","ESTACION DE SERVICIO DE GNCV","GNV","1","265","165","2,039.49"
"2023 Jan 25 12:00:00 AM","2,023","1","25","15,152","BOYACA","DUITAMA","58,906,025,887","-730,670,928,955","ESTACION DE SERVICIO DE GNCV","GNV","1","88","81","2,444.52"
"2023 Jan 21 12:00:00 AM","2,023","1","21","15,150","BOYACA","TUNJA","55,184,726,715","-733,780,212,402","ESTACION DE SERVICIO DE GNCV","GNV","2","431","289","4,133.65"
"2023 Jan 07 12:00:00 AM","2,023","1","7","15,151","BOYACA","CHIQUINQUIRA","56,224,880,219","-738,042,449,951","ESTACION DE SERVICIO DE GNCV","GNV","2","478","335","3,937.46"
"2023 Jan 02 12:00:00 AM","2,023","1","2","15,150","BOYACA","TUNJA","55,184,726,715","-733,780,212,402","ESTACION DE SERVICIO DE GNCV","GNV","2","367","274","3,633.36"
"2023 Jan 27 12:00:00 AM","2,023","1","27","15,152","BOYACA","DUITAMA","58,906,025,887","-730,670,928,955","ESTACION DE SERVICIO DE GNCV","GNV","1","102","83","1,200.25"
"2023 Jan 09 12:00:00 AM","2,023","1","9","15,150","BOYACA","TUNJA","55,184,726,715","-733,780,212,402","ESTACION DE SERVICIO DE GNCV","GNV","2","311","234","3,021.44"
"2023 Jan 03 12:00:00 AM","2,023","1","3","15,151","BOYACA","CHIQUINQUIRA","56,224,880,219","-738,042,449,951","ESTACION DE SERVICIO DE GNCV","GNV","2","428","306","3,526.92"
"2023 Jan 10 12:00:00 AM","2,023","1","10","15,151","BOYACA","CHIQUINQUIRA","56,224,880,219","-738,042,449,951","ESTACION DE SERVICIO DE GNCV","GNV","2","485","341","4,169.07"
"2023 Jan 18 12:00:00 AM","2,023","1","18","15,157","BOYACA","SOGAMOSO","56,466,722,488","-728,709,564,209","ESTACION DE SERVICIO DE GNCV","GNV","1","281","196","2,325.36"
"2023 Jan 12 12:00:00 AM","2,023","1","12","15,150","BOYACA","TUNJA","55,184,726,715","-733,780,212,402","ESTACION DE SERVICIO DE GNCV","GNV","2","404","287","3,957.06"
"2023 Jan 15 12:00:00 AM","2,023","1","15","15,152","BOYACA","DUITAMA","58,906,025,887","-730,670,928,955","ESTACION DE SERVICIO DE GNCV","GNV","1","85","68","1,194.63"
"2023 Jan 11 12:00:00 AM","2,023","1","11","15,150","BOYACA","TUNJA","55,184,726,715","-733,780,212,402","ESTACION DE SERVICIO DE GNCV","GNV","2","382","282","3,849.18"
"2023 Jan 19 12:00:00 AM","2,023","1","19","15,151","BOYACA","CHIQUINQUIRA","56,224,880,219","-738,042,449,951","ESTACION DE SERVICIO DE GNCV","GNV","2","445","303","3,562.58"
"2023 Jan 12 12:00:00 AM","2,023","1","12","15,157","BOYACA","SOGAMOSO","56,466,722,488","-728,709,564,209","ESTACION DE SERVICIO DE GNCV","GNV","1","262","188","2,119.15"
"2023 Jan 28 12:00:00 AM","2,023","1","28","15,157","BOYACA","SOGAMOSO","56,466,722,488","-728,709,564,209","ESTACION DE SERVICIO DE GNCV","GNV","1","273","189","2,194.58"
"2023 Jan 14 12:00:00 AM","2,023","1","14","15,157","BOYACA","SOGAMOSO","56,466,722,488","-728,709,564,209","ESTACION DE SERVICIO DE GNCV","GNV","1","301","199","2,419.85"
"2023 Jan 26 12:00:00 AM","2,023","1","26","15,152","BOYACA","DUITAMA","58,906,025,887","-730,670,928,955","ESTACION DE SERVICIO DE GNCV","GNV","1","90","78","2,265.54"
"2023 Jan 08 12:00:00 AM","2,023","1","8","15,150","BOYACA","TUNJA","55,184,726,715","-733,780,212,402","ESTACION DE SERVICIO DE GNCV","GNV","2","307","224","2,973.26"
"2023 Jan 10 12:00:00 AM","2,023","1","10","15,150","BOYACA","TUNJA","55,184,726,715","-733,780,212,402","ESTACION DE SERVICIO DE GNCV","GNV","2","421","309","4,308.22"
"2023 Jan 27 12:00:00 AM","2,023","1","27","15,150","BOYACA","TUNJA","55,184,726,715","-733,780,212,402","ESTACION DE SERVICIO DE GNCV","GNV","2","325","231","3,142.25"
"2023 Jan 02 12:00:00 AM","2,023","1","2","15,151","BOYACA","CHIQUINQUIRA","56,224,880,219","-738,042,449,951","ESTACION DE SERVICIO DE GNCV","GNV","2","404","306","3,631.97"
"2023 Jan 11 12:00:00 AM","2,023","1","11","15,152","BOYACA","DUITAMA","58,906,025,887","-730,670,928,955","ESTACION DE SERVICIO DE GNCV","GNV","1","111","98","1,981.02"
"2023 Jan 23 12:00:00 AM","2,023","1","23","15,151","BOYACA","CHIQUINQUIRA","56,224,880,219","-738,042,449,951","ESTACION DE SERVICIO DE GNCV","GNV","2","469","329","3,829.79"
"2023 Jan 27 12:00:00 AM","2,023","1","27","15,151","BOYACA","CHIQUINQUIRA","56,224,880,219","-738,042,449,951","ESTACION DE SERVICIO DE GNCV","GNV","2","457","322","3,646.47"
"2023 Jan 14 12:00:00 AM","2,023","1","14","15,152","BOYACA","DUITAMA","58,906,025,887","-730,670,928,955","ESTACION DE SERVICIO DE GNCV","GNV","1","107","92","2,009.17"
"2023 Jan 11 12:00:00 AM","2,023","1","11","15,157","BOYACA","SOGAMOSO","56,466,722,488","-728,709,564,209","ESTACION DE SERVICIO DE GNCV","GNV","1","265","188","2,185.56"
"2023 Jan 25 12:00:00 AM","2,023","1","25","15,151","BOYACA","CHIQUINQUIRA","56,224,880,219","-738,042,449,951","ESTACION DE SERVICIO DE GNCV","GNV","2","431","309","3,504.86"
"2023 Jan 16 12:00:00 AM","2,023","1","16","15,152","BOYACA","DUITAMA","58,906,025,887","-730,670,928,955","ESTACION DE SERVICIO DE GNCV","GNV","1","102","84","1,744.03"
"2023 Jan 29 12:00:00 AM","2,023","1","29","15,157","BOYACA","SOGAMOSO","56,466,722,488","-728,709,564,209","ESTACION DE SERVICIO DE GNCV","GNV","1","253","162","1,850.67"
"2023 Jan 08 12:00:00 AM","2,023","1","8","15,152","BOYACA","DUITAMA","58,906,025,887","-730,670,928,955","ESTACION DE SERVICIO DE GNCV","GNV","1","81","65","836.26"
"2023 Jan 23 12:00:00 AM","2,023","1","23","15,152","BOYACA","DUITAMA","58,906,025,887","-730,670,928,955","ESTACION DE SERVICIO DE GNCV","GNV","1","96","78","2,119.19"
"2023 Jan 26 12:00:00 AM","2,023","1","26","15,157","BOYACA","SOGAMOSO","56,466,722,488","-728,709,564,209","ESTACION DE SERVICIO DE GNCV","GNV","1","252","187","2,097.28"
"2023 Jan 19 12:00:00 AM","2,023","1","19","15,150","BOYACA","TUNJA","55,184,726,715","-733,780,212,402","ESTACION DE SERVICIO DE GNCV","GNV","2","429","289","4,153.25"
"2023 Jan 01 12:00:00 AM","2,023","1","1","15,152","BOYACA","DUITAMA","58,906,025,887","-730,670,928,955","ESTACION DE SERVICIO DE GNCV","GNV","1","61","52","557.52"
"2023 Jan 11 12:00:00 AM","2,023","1","11","15,151","BOYACA","CHIQUINQUIRA","56,224,880,219","-738,042,449,951","ESTACION DE SERVICIO DE GNCV","GNV","2","442","314","3,785.77"
"2023 Jan 21 12:00:00 AM","2,023","1","21","15,157","BOYACA","SOGAMOSO","56,466,722,488","-728,709,564,209","ESTACION DE SERVICIO DE GNCV","GNV","1","296","193","2,307.86"
"2023 Jan 30 12:00:00 AM","2,023","1","30","15,152","BOYACA","DUITAMA","58,906,025,887","-730,670,928,955","ESTACION DE SERVICIO DE GNCV","GNV","1","85","76","2,204.09"
"2023 Jan 17 12:00:00 AM","2,023","1","17","15,152","BOYACA","DUITAMA","58,906,025,887","-730,670,928,955","ESTACION DE SERVICIO DE GNCV","GNV","1","114","91","1,932.75"
"2023 Jan 26 12:00:00 AM","2,023","1","26","15,150","BOYACA","TUNJA","55,184,726,715","-733,780,212,402","ESTACION DE SERVICIO DE GNCV","GNV","2","447","288","4,349.13"
"2023 Jan 19 12:00:00 AM","2,023","1","19","15,157","BOYACA","SOGAMOSO","56,466,722,488","-728,709,564,209","ESTACION DE SERVICIO DE GNCV","GNV","1","259","176","2,111.67"
"2023 Jan 28 12:00:00 AM","2,023","1","28","15,151","BOYACA","CHIQUINQUIRA","56,224,880,219","-738,042,449,951","ESTACION DE SERVICIO DE GNCV","GNV","2","472","325","3,891.72"
"2023 Jan 20 12:00:00 AM","2,023","1","20","15,150","BOYACA","TUNJA","55,184,726,715","-733,780,212,402","ESTACION DE SERVICIO DE GNCV","GNV","2","437","296","4,084.81"
"2023 Jan 16 12:00:00 AM","2,023","1","16","15,157","BOYACA","SOGAMOSO","56,466,722,488","-728,709,564,209","ESTACION DE SERVICIO DE GNCV","GNV","1","271","199","2,250.35"
"2023 Jan 05 12:00:00 AM","2,023","1","5","15,151","BOYACA","CHIQUINQUIRA","56,224,880,219","-738,042,449,951","ESTACION DE SERVICIO DE GNCV","GNV","2","446","314","3,630.3"
"2023 Jan 17 12:00:00 AM","2,023","1","17","15,157","BOYACA","SOGAMOSO","56,466,722,488","-728,709,564,209","ESTACION DE SERVICIO DE GNCV","GNV","1","284","198","2,476.76"
"2023 Jan 24 12:00:00 AM","2,023","1","24","15,157","BOYACA","SOGAMOSO","56,466,722,488","-728,709,564,209","ESTACION DE SERVICIO DE GNCV","GNV","1","274","197","2,290.87"
"2023 Jan 04 12:00:00 AM","2,023","1","4","15,152","BOYACA","DUITAMA","58,906,025,887","-730,670,928,955","ESTACION DE SERVICIO DE GNCV","GNV","1","110","100","1,379.18"
"2023 Jan 03 12:00:00 AM","2,023","1","3","15,150","BOYACA","TUNJA","55,184,726,715","-733,780,212,402","ESTACION DE SERVICIO DE GNCV","GNV","2","419","302","3,978.25"
"2023 Jan 30 12:00:00 AM","2,023","1","30","15,151","BOYACA","CHIQUINQUIRA","56,224,880,219","-738,042,449,951","ESTACION DE SERVICIO DE GNCV","GNV","2","444","296","3,482.33"
"2023 Jan 19 12:00:00 AM","2,023","1","19","15,152","BOYACA","DUITAMA","58,906,025,887","-730,670,928,955","ESTACION DE SERVICIO DE GNCV","GNV","1","111","92","3,348.93"
"2023 Jan 28 12:00:00 AM","2,023","1","28","15,152","BOYACA","DUITAMA","58,906,025,887","-730,670,928,955","ESTACION DE SERVICIO DE GNCV","GNV","1","82","63","890.73"
"2023 Jan 22 12:00:00 AM","2,023","1","22","15,157","BOYACA","SOGAMOSO","56,466,722,488","-728,709,564,209","ESTACION DE SERVICIO DE GNCV","GNV","1","255","157","1,914.12"
"2023 Jan 04 12:00:00 AM","2,023","1","4","15,157","BOYACA","SOGAMOSO","56,466,722,488","-728,709,564,209","ESTACION DE SERVICIO DE GNCV","GNV","1","258","186","2,105.3"
"2023 Jan 13 12:00:00 AM","2,023","1","13","15,150","BOYACA","TUNJA","55,184,726,715","-733,780,212,402","ESTACION DE SERVICIO DE GNCV","GNV","2","425","295","4,038.46"
"2023 Jan 31 12:00:00 AM","2,023","1","31","15,150","BOYACA","TUNJA","55,184,726,715","-733,780,212,402","ESTACION DE SERVICIO DE GNCV","GNV","2","447","295","4,349.11"
"2023 Jan 06 12:00:00 AM","2,023","1","6","15,157","BOYACA","SOGAMOSO","56,466,722,488","-728,709,564,209","ESTACION DE SERVICIO DE GNCV","GNV","1","276","200","2,363.47"
"2023 Jan 05 12:00:00 AM","2,023","1","5","15,152","BOYACA","DUITAMA","58,906,025,887","-730,670,928,955","ESTACION DE SERVICIO DE GNCV","GNV","1","90","82","1,336.25"
"2023 Jan 22 12:00:00 AM","2,023","1","22","15,150","BOYACA","TUNJA","55,184,726,715","-733,780,212,402","ESTACION DE SERVICIO DE GNCV","GNV","2","295","204","2,656.78"
"2023 Jan 07 12:00:00 AM","2,023","1","7","15,157","BOYACA","SOGAMOSO","56,466,722,488","-728,709,564,209","ESTACION DE SERVICIO DE GNCV","GNV","1","297","196","2,449.65"
"2023 Jan 25 12:00:00 AM","2,023","1","25","15,157","BOYACA","SOGAMOSO","56,466,722,488","-728,709,564,209","ESTACION DE SERVICIO DE GNCV","GNV","1","256","184","2,235.1"
"2023 Jan 14 12:00:00 AM","2,023","1","14","15,151","BOYACA","CHIQUINQUIRA","56,224,880,219","-738,042,449,951","ESTACION DE SERVICIO DE GNCV","GNV","2","514","359","4,132.8"
"2023 Jan 31 12:00:00 AM","2,023","1","31","15,151","BOYACA","CHIQUINQUIRA","56,224,880,219","-738,042,449,951","ESTACION DE SERVICIO DE GNCV","GNV","1","389","274","3,150.83"
"2023 Jan 29 12:00:00 AM","2,023","1","29","15,150","BOYACA","TUNJA","55,184,726,715","-733,780,212,402","ESTACION DE SERVICIO DE GNCV","GNV","2","327","221","2,995.65"
"2023 Jan 18 12:00:00 AM","2,023","1","18","15,152","BOYACA","DUITAMA","58,906,025,887","-730,670,928,955","ESTACION DE SERVICIO DE GNCV","GNV","1","116","95","2,095.21"
"2023 Jan 26 12:00:00 AM","2,023","1","26","15,151","BOYACA","CHIQUINQUIRA","56,224,880,219","-738,042,449,951","ESTACION DE SERVICIO DE GNCV","GNV","2","436","310","3,490.19"
"2023 Jan 07 12:00:00 AM","2,023","1","7","15,152","BOYACA","DUITAMA","58,906,025,887","-730,670,928,955","ESTACION DE SERVICIO DE GNCV","GNV","1","121","106","1,354.33"
"2023 Jan 13 12:00:00 AM","2,023","1","13","15,151","BOYACA","CHIQUINQUIRA","56,224,880,219","-738,042,449,951","ESTACION DE SERVICIO DE GNCV","GNV","2","454","320","3,786.74"
"2023 Jan 10 12:00:00 AM","2,023","1","10","15,157","BOYACA","SOGAMOSO","56,466,722,488","-728,709,564,209","ESTACION DE SERVICIO DE GNCV","GNV","1","299","210","2,548.54"
"2023 Jan 24 12:00:00 AM","2,023","1","24","15,150","BOYACA","TUNJA","55,184,726,715","-733,780,212,402","ESTACION DE SERVICIO DE GNCV","GNV","2","400","273","3,872.28"
"2023 Jan 12 12:00:00 AM","2,023","1","12","15,151","BOYACA","CHIQUINQUIRA","56,224,880,219","-738,042,449,951","ESTACION DE SERVICIO DE GNCV","GNV","2","427","313","3,447.4"
"2023 Jan 09 12:00:00 AM","2,023","1","9","15,152","BOYACA","DUITAMA","58,906,025,887","-730,670,928,955","ESTACION DE SERVICIO DE GNCV","GNV","1","84","75","1,416.72"
"2023 Jan 06 12:00:00 AM","2,023","1","6","15,152","BOYACA","DUITAMA","58,906,025,887","-730,670,928,955","ESTACION DE SERVICIO DE GNCV","GNV","1","127","113","1,874.21"
"2023 Jan 30 12:00:00 AM","2,023","1","30","15,150","BOYACA","TUNJA","55,184,726,715","-733,780,212,402","ESTACION DE SERVICIO DE GNCV","GNV","2","440","296","4,448.99"
"2023 Jan 22 12:00:00 AM","2,023","1","22","15,151","BOYACA","CHIQUINQUIRA","56,224,880,219","-738,042,449,951","ESTACION DE SERVICIO DE GNCV","GNV","2","431","293","3,345.76"
"2023 Jan 30 12:00:00 AM","2,023","1","30","15,157","BOYACA","SOGAMOSO","56,466,722,488","-728,709,564,209","ESTACION DE SERVICIO DE GNCV","GNV","1","282","205","2,395.31"
"2023 Jan 01 12:00:00 AM","2,023","1","1","15,150","BOYACA","TUNJA","55,184,726,715","-733,780,212,402","ESTACION DE SERVICIO DE GNCV","GNV","2","191","147","1,794.72"
"2023 Jan 09 12:00:00 AM","2,023","1","9","15,157","BOYACA","SOGAMOSO","56,466,722,488","-728,709,564,209","ESTACION DE SERVICIO DE GNCV","GNV","1","237","162","1,785.12"
"2023 Jan 06 12:00:00 AM","2,023","1","6","15,151","BOYACA","CHIQUINQUIRA","56,224,880,219","-738,042,449,951","ESTACION DE SERVICIO DE GNCV","GNV","2","467","334","3,969.92"
"2023 Jan 15 12:00:00 AM","2,023","1","15","15,150","BOYACA","TUNJA","55,184,726,715","-733,780,212,402","ESTACION DE SERVICIO DE GNCV","GNV","2","288","202","2,736.94"
"2023 Jan 13 12:00:00 AM","2,023","1","13","15,152","BOYACA","DUITAMA","58,906,025,887","-730,670,928,955","ESTACION DE SERVICIO DE GNCV","GNV","1","107","96","1,860.52"
"2023 Jan 10 12:00:00 AM","2,023","1","10","15,152","BOYACA","DUITAMA","58,906,025,887","-730,670,928,955","ESTACION DE SERVICIO DE GNCV","GNV","1","121","110","2,757.85"
"2023 Jan 21 12:00:00 AM","2,023","1","21","15,152","BOYACA","DUITAMA","58,906,025,887","-730,670,928,955","ESTACION DE SERVICIO DE GNCV","GNV","1","100","79","1,412.05"
"2023 Jan 16 12:00:00 AM","2,023","1","16","15,150","BOYACA","TUNJA","55,184,726,715","-733,780,212,402","ESTACION DE SERVICIO DE GNCV","GNV","2","415","285","3,933.65"
"2023 Jan 02 12:00:00 AM","2,023","1","2","15,157","BOYACA","SOGAMOSO","56,466,722,488","-728,709,564,209","ESTACION DE SERVICIO DE GNCV","GNV","1","234","176","1,909.56"
"2023 Jan 28 12:00:00 AM","2,023","1","28","15,150","BOYACA","TUNJA","55,184,726,715","-733,780,212,402","ESTACION DE SERVICIO DE GNCV","GNV","2","440","297","4,441.4"
"2023 Jan 29 12:00:00 AM","2,023","1","29","15,151","BOYACA","CHIQUINQUIRA","56,224,880,219","-738,042,449,951","ESTACION DE SERVICIO DE GNCV","GNV","2","422","298","3,246.3"
"2023 Jan 13 12:00:00 AM","2,023","1","13","15,157","BOYACA","SOGAMOSO","56,466,722,488","-728,709,564,209","ESTACION DE SERVICIO DE GNCV","GNV","1","287","190","2,456.98"
"2023 Jan 20 12:00:00 AM","2,023","1","20","15,151","BOYACA","CHIQUINQUIRA","56,224,880,219","-738,042,449,951","ESTACION DE SERVICIO DE GNCV","GNV","2","447","316","3,765.69"
"2023 Jan 09 12:00:00 AM","2,023","1","9","15,151","BOYACA","CHIQUINQUIRA","56,224,880,219","-738,042,449,951","ESTACION DE SERVICIO DE GNCV","GNV","2","395","296","3,543.43"
"2023 Jan 06 12:00:00 AM","2,023","1","6","15,150","BOYACA","TUNJA","55,184,726,715","-733,780,212,402","ESTACION DE SERVICIO DE GNCV","GNV","2","466","317","4,578.29"
"2023 Jan 18 12:00:00 AM","2,023","1","18","15,151","BOYACA","CHIQUINQUIRA","56,224,880,219","-738,042,449,951","ESTACION DE SERVICIO DE GNCV","GNV","2","436","306","3,577.75"
"2023 Jan 01 12:00:00 AM","2,023","1","1","15,151","BOYACA","CHIQUINQUIRA","56,224,880,219","-738,042,449,951","ESTACION DE SERVICIO DE GNCV","GNV","2","276","207","2,214.34"
"2023 Jan 24 12:00:00 AM","2,023","1","24","15,151","BOYACA","CHIQUINQUIRA","56,224,880,219","-738,042,449,951","ESTACION DE SERVICIO DE GNCV","GNV","2","438","316","3,651.7"
"2023 Jan 24 12:00:00 AM","2,023","1","24","15,152","BOYACA","DUITAMA","58,906,025,887","-730,670,928,955","ESTACION DE SERVICIO DE GNCV","GNV","1","100","80","2,448.06"
"2023 Jan 04 12:00:00 AM","2,023","1","4","15,150","BOYACA","TUNJA","55,184,726,715","-733,780,212,402","ESTACION DE SERVICIO DE GNCV","GNV","2","421","299","4,196.35"
"2023 Jan 23 12:00:00 AM","2,023","1","23","15,150","BOYACA","TUNJA","55,184,726,715","-733,780,212,402","ESTACION DE SERVICIO DE GNCV","GNV","2","393","278","3,992.39"
"2023 Jan 29 12:00:00 AM","2,023","1","29","15,152","BOYACA","DUITAMA","58,906,025,887","-730,670,928,955","ESTACION DE SERVICIO DE GNCV","GNV","1","97","75","1,942.04"
"2023 Jan 05 12:00:00 AM","2,023","1","5","15,157","BOYACA","SOGAMOSO","56,466,722,488","-728,709,564,209","ESTACION DE SERVICIO DE GNCV","GNV","1","262","184","2,094.39"
"2023 Jan 05 12:00:00 AM","2,023","1","5","15,150","BOYACA","TUNJA","55,184,726,715","-733,780,212,402","ESTACION DE SERVICIO DE GNCV","GNV","2","432","302","4,296.6"
"2023 Jan 07 12:00:00 AM","2,023","1","7","15,150","BOYACA","TUNJA","55,184,726,715","-733,780,212,402","ESTACION DE SERVICIO DE GNCV","GNV","2","400","291","4,070.88"
"2023 Jan 23 12:00:00 AM","2,023","1","23","15,157","BOYACA","SOGAMOSO","56,466,722,488","-728,709,564,209","ESTACION DE SERVICIO DE GNCV","GNV","1","246","181","2,134.32"
"2023 Jan 16 12:00:00 AM","2,023","1","16","15,151","BOYACA","CHIQUINQUIRA","56,224,880,219","-738,042,449,951","ESTACION DE SERVICIO DE GNCV","GNV","2","493","354","4,216.88"
"2023 Jan 17 12:00:00 AM","2,023","1","17","15,150","BOYACA","TUNJA","55,184,726,715","-733,780,212,402","ESTACION DE SERVICIO DE GNCV","GNV","2","448","304","4,386.86"
"2023 Jan 22 12:00:00 AM","2,023","1","22","15,152","BOYACA","DUITAMA","58,906,025,887","-730,670,928,955","ESTACION DE SERVICIO DE GNCV","GNV","1","101","76","1,553.56"
"2023 Jan 21 12:00:00 AM","2,023","1","21","15,151","BOYACA","CHIQUINQUIRA","56,224,880,219","-738,042,449,951","ESTACION DE SERVICIO DE GNCV","GNV","2","489","332","3,925.47"
"2023 Jan 04 12:00:00 AM","2,023","1","4","15,151","BOYACA","CHIQUINQUIRA","56,224,880,219","-738,042,449,951","ESTACION DE SERVICIO DE GNCV","GNV","2","460","337","3,947.3"
"2023 Jan 15 12:00:00 AM","2,023","1","15","15,151","BOYACA","CHIQUINQUIRA","56,224,880,219","-738,042,449,951","ESTACION DE SERVICIO DE GNCV","GNV","2","479","327","3.703"
"2023 Jan 31 12:00:00 AM","2,023","1","31","15,152","BOYACA","DUITAMA","58,906,025,887","-730,670,928,955","ESTACION DE SERVICIO DE GNCV","GNV","1","93","82","1,552.97"
"2023 Jan 03 12:00:00 AM","2,023","1","3","15,157","BOYACA","SOGAMOSO","56,466,722,488","-728,709,564,209","ESTACION DE SERVICIO DE GNCV","GNV","1","289","207","2,327.03"
"2023 Jan 08 12:00:00 AM","2,023","1","8","15,151","BOYACA","CHIQUINQUIRA","56,224,880,219","-738,042,449,951","ESTACION DE SERVICIO DE GNCV","GNV","2","426","299","3,486.78"
"2023 Jan 31 12:00:00 AM","2,023","1","31","15,157","BOYACA","SOGAMOSO","56,466,722,488","-728,709,564,209","ESTACION DE SERVICIO DE GNCV","GNV","1","296","207","2,389.76"
"2023 Jan 02 12:00:00 AM","2,023","1","2","15,152","BOYACA","DUITAMA","58,906,025,887","-730,670,928,955","ESTACION DE SERVICIO DE GNCV","GNV","1","103","93","2,378.46"
"2023 Jan 17 12:00:00 AM","2,023","1","17","15,151","BOYACA","CHIQUINQUIRA","56,224,880,219","-738,042,449,951","ESTACION DE SERVICIO DE GNCV","GNV","2","494","345","4,240.79"
"2023 Jan 01 12:00:00 AM","2,023","1","1","15,157","BOYACA","SOGAMOSO","56,466,722,488","-728,709,564,209","ESTACION DE SERVICIO DE GNCV","GNV","1","179","105","1,239.37"
"2023 Jan 18 12:00:00 AM","2,023","1","18","15,150","BOYACA","TUNJA","55,184,726,715","-733,780,212,402","ESTACION DE SERVICIO DE GNCV","GNV","2","371","266","3,730.44"
"2023 Jan 03 12:00:00 AM","2,023","1","3","15,152","BOYACA","DUITAMA","58,906,025,887","-730,670,928,955","ESTACION DE SERVICIO DE GNCV","GNV","1","87","75","1,591.88"
"2023 Jan 14 12:00:00 AM","2,023","1","14","15,150","BOYACA","TUNJA","55,184,726,715","-733,780,212,402","ESTACION DE SERVICIO DE GNCV","GNV","2","373","247","3,557.02"
"2023 Jan 08 12:00:00 AM","2,023","1","8","15,157","BOYACA","SOGAMOSO","56,466,722,488","-728,709,564,209","ESTACION DE SERVICIO DE GNCV","GNV","1","267","164","2,043.44"
"2022 Dec 28 12:00:00 AM","2,022","12","28","15,152","BOYACA","DUITAMA","58,906,025,887","-730,670,928,955","ESTACION DE SERVICIO DE GNCV","GNV","1","122","107","2,705.94"
"2022 Dec 13 12:00:00 AM","2,022","12","13","15,151","BOYACA","CHIQUINQUIRA","56,224,880,219","-738,042,449,951","ESTACION DE SERVICIO DE GNCV","GNV","1","438","310","3,541.06"
"2022 Dec 12 12:00:00 AM","2,022","12","12","15,150","BOYACA","TUNJA","55,184,726,715","-733,780,212,402","ESTACION DE SERVICIO DE GNCV","GNV","2","432","304","4,325.75"
"2022 Dec 09 12:00:00 AM","2,022","12","9","15,151","BOYACA","CHIQUINQUIRA","56,224,880,219","-738,042,449,951","ESTACION DE SERVICIO DE GNCV","GNV","2","502","355","4,314.74"
"2022 Dec 17 12:00:00 AM","2,022","12","17","15,151","BOYACA","CHIQUINQUIRA","56,224,880,219","-738,042,449,951","ESTACION DE SERVICIO DE GNCV","GNV","2","564","348","4,451.91"
"2022 Dec 14 12:00:00 AM","2,022","12","14","15,152","BOYACA","DUITAMA","58,906,025,887","-730,670,928,955","ESTACION DE SERVICIO DE GNCV","GNV","1","123","100","3,170.56"
"2022 Dec 23 12:00:00 AM","2,022","12","23","15,152","BOYACA","DUITAMA","58,906,025,887","-730,670,928,955","ESTACION DE SERVICIO DE GNCV","GNV","1","120","94","2,154.49"
"2022 Dec 06 12:00:00 AM","2,022","12","6","15,152","BOYACA","DUITAMA","58,906,025,887","-730,670,928,955","ESTACION DE SERVICIO DE GNCV","GNV","1","108","88","3,466.45"
"2022 Dec 16 12:00:00 AM","2,022","12","16","15,150","BOYACA","TUNJA","55,184,726,715","-733,780,212,402","ESTACION DE SERVICIO DE GNCV","GNV","2","487","320","4,746.15"
"2022 Dec 31 12:00:00 AM","2,022","12","31","15,152","BOYACA","DUITAMA","58,906,025,887","-730,670,928,955","ESTACION DE SERVICIO DE GNCV","GNV","1","116","100","1,192.75"
"2022 Dec 11 12:00:00 AM","2,022","12","11","15,150","BOYACA","TUNJA","55,184,726,715","-733,780,212,402","ESTACION DE SERVICIO DE GNCV","GNV","2","306","220","2,823.3"
"2022 Dec 10 12:00:00 AM","2,022","12","10","15,150","BOYACA","TUNJA","55,184,726,715","-733,780,212,402","ESTACION DE SERVICIO DE GNCV","GNV","1","281","184","2,665.87"
"2022 Dec 09 12:00:00 AM","2,022","12","9","15,157","BOYACA","SOGAMOSO","56,466,722,488","-728,709,564,209","ESTACION DE SERVICIO DE GNCV","GNV","1","289","210","2,425.99"
"2022 Dec 04 12:00:00 AM","2,022","12","4","15,157","BOYACA","SOGAMOSO","56,466,722,488","-728,709,564,209","ESTACION DE SERVICIO DE GNCV","GNV","1","180","131","1,300.37"
"2022 Dec 22 12:00:00 AM","2,022","12","22","15,152","BOYACA","DUITAMA","58,906,025,887","-730,670,928,955","ESTACION DE SERVICIO DE GNCV","GNV","1","109","85","1,656.74"
"2022 Dec 13 12:00:00 AM","2,022","12","13","15,152","BOYACA","DUITAMA","58,906,025,887","-730,670,928,955","ESTACION DE SERVICIO DE GNCV","GNV","1","104","89","1,742.17"
"2022 Dec 08 12:00:00 AM","2,022","12","8","15,150","BOYACA","TUNJA","55,184,726,715","-733,780,212,402","ESTACION DE SERVICIO DE GNCV","GNV","1","229","165","2,242.11"
"2022 Dec 20 12:00:00 AM","2,022","12","20","15,151","BOYACA","CHIQUINQUIRA","56,224,880,219","-738,042,449,951","ESTACION DE SERVICIO DE GNCV","GNV","2","493","335","3,985.06"
"2022 Dec 30 12:00:00 AM","2,022","12","30","15,152","BOYACA","DUITAMA","58,906,025,887","-730,670,928,955","ESTACION DE SERVICIO DE GNCV","GNV","1","133","112","2,132.14"
"2022 Dec 24 12:00:00 AM","2,022","12","24","15,150","BOYACA","TUNJA","55,184,726,715","-733,780,212,402","ESTACION DE SERVICIO DE GNCV","GNV","2","451","305","4,137.1"
"2022 Dec 29 12:00:00 AM","2,022","12","29","15,157","BOYACA","SOGAMOSO","56,466,722,488","-728,709,564,209","ESTACION DE SERVICIO DE GNCV","GNV","1","324","214","2,848.21"
"2022 Dec 15 12:00:00 AM","2,022","12","15","15,150","BOYACA","TUNJA","55,184,726,715","-733,780,212,402","ESTACION DE SERVICIO DE GNCV","GNV","2","460","310","4,632.64"
"2022 Dec 15 12:00:00 AM","2,022","12","15","15,152","BOYACA","DUITAMA","58,906,025,887","-730,670,928,955","ESTACION DE SERVICIO DE GNCV","GNV","1","111","95","2,274.43"
"2022 Dec 07 12:00:00 AM","2,022","12","7","15,150","BOYACA","TUNJA","55,184,726,715","-733,780,212,402","ESTACION DE SERVICIO DE GNCV","GNV","1","290","203","2,860.89"
"2022 Dec 17 12:00:00 AM","2,022","12","17","15,152","BOYACA","DUITAMA","58,906,025,887","-730,670,928,955","ESTACION DE SERVICIO DE GNCV","GNV","1","121","97","2,513.28"
"2022 Dec 05 12:00:00 AM","2,022","12","5","15,151","BOYACA","CHIQUINQUIRA","56,224,880,219","-738,042,449,951","ESTACION DE SERVICIO DE GNCV","GNV","2","469","322","3,962.18"
"2022 Dec 18 12:00:00 AM","2,022","12","18","15,151","BOYACA","CHIQUINQUIRA","56,224,880,219","-738,042,449,951","ESTACION DE SERVICIO DE GNCV","GNV","2","481","301","3,670.61"
"2022 Dec 08 12:00:00 AM","2,022","12","8","15,152","BOYACA","DUITAMA","58,906,025,887","-730,670,928,955","ESTACION DE SERVICIO DE GNCV","GNV","1","69","61","1,363.18"
"2022 Dec 25 12:00:00 AM","2,022","12","25","15,157","BOYACA","SOGAMOSO","56,466,722,488","-728,709,564,209","ESTACION DE SERVICIO DE GNCV","GNV","1","203","132","1,508.18"
"2022 Dec 02 12:00:00 AM","2,022","12","2","15,151","BOYACA","CHIQUINQUIRA","56,224,880,219","-738,042,449,951","ESTACION DE SERVICIO DE GNCV","GNV","1","440","297","3,491.63"
"2022 Dec 11 12:00:00 AM","2,022","12","11","15,151","BOYACA","CHIQUINQUIRA","56,224,880,219","-738,042,449,951","ESTACION DE SERVICIO DE GNCV","GNV","2","454","314","3,586.38"
"2022 Dec 26 12:00:00 AM","2,022","12","26","15,152","BOYACA","DUITAMA","58,906,025,887","-730,670,928,955","ESTACION DE SERVICIO DE GNCV","GNV","1","98","81","2,599.65"
"2022 Dec 19 12:00:00 AM","2,022","12","19","15,151","BOYACA","CHIQUINQUIRA","56,224,880,219","-738,042,449,951","ESTACION DE SERVICIO DE GNCV","GNV","2","497","340","4,021.3"
"2022 Dec 02 12:00:00 AM","2,022","12","2","15,152","BOYACA","DUITAMA","58,906,025,887","-730,670,928,955","ESTACION DE SERVICIO DE GNCV","GNV","1","113","98","1,975.12"
"2022 Dec 03 12:00:00 AM","2,022","12","3","15,151","BOYACA","CHIQUINQUIRA","56,224,880,219","-738,042,449,951","ESTACION DE SERVICIO DE GNCV","GNV","2","479","318","3,762.44"
"2022 Dec 16 12:00:00 AM","2,022","12","16","15,152","BOYACA","DUITAMA","58,906,025,887","-730,670,928,955","ESTACION DE SERVICIO DE GNCV","GNV","1","135","106","3,496.26"
"2022 Dec 05 12:00:00 AM","2,022","12","5","15,157","BOYACA","SOGAMOSO","56,466,722,488","-728,709,564,209","ESTACION DE SERVICIO DE GNCV","GNV","1","279","195","2,346.67"
"2022 Dec 21 12:00:00 AM","2,022","12","21","15,157","BOYACA","SOGAMOSO","56,466,722,488","-728,709,564,209","ESTACION DE SERVICIO DE GNCV","GNV","1","314","209","2,413.93"
"2022 Dec 31 12:00:00 AM","2,022","12","31","15,151","BOYACA","CHIQUINQUIRA","56,224,880,219","-738,042,449,951","ESTACION DE SERVICIO DE GNCV","GNV","2","521","353","4,284.27"
"2022 Dec 21 12:00:00 AM","2,022","12","21","15,150","BOYACA","TUNJA","55,184,726,715","-733,780,212,402","ESTACION DE SERVICIO DE GNCV","GNV","2","471","332","4,731.98"
"2022 Dec 03 12:00:00 AM","2,022","12","3","15,152","BOYACA","DUITAMA","58,906,025,887","-730,670,928,955","ESTACION DE SERVICIO DE GNCV","GNV","1","116","84","2,507.56"
"2022 Dec 20 12:00:00 AM","2,022","12","20","15,150","BOYACA","TUNJA","55,184,726,715","-733,780,212,402","ESTACION DE SERVICIO DE GNCV","GNV","2","467","314","4,590.38"
"2022 Dec 29 12:00:00 AM","2,022","12","29","15,151","BOYACA","CHIQUINQUIRA","56,224,880,219","-738,042,449,951","ESTACION DE SERVICIO DE GNCV","GNV","2","555","371","4,617.65"
"2022 Dec 11 12:00:00 AM","2,022","12","11","15,157","BOYACA","SOGAMOSO","56,466,722,488","-728,709,564,209","ESTACION DE SERVICIO DE GNCV","GNV","1","257","156","2,002.1"
"2022 Dec 18 12:00:00 AM","2,022","12","18","15,150","BOYACA","TUNJA","55,184,726,715","-733,780,212,402","ESTACION DE SERVICIO DE GNCV","GNV","2","400","260","3,825.27"
"2022 Dec 13 12:00:00 AM","2,022","12","13","15,150","BOYACA","TUNJA","55,184,726,715","-733,780,212,402","ESTACION DE SERVICIO DE GNCV","GNV","2","467","320","4,790.41"
"2022 Dec 09 12:00:00 AM","2,022","12","9","15,152","BOYACA","DUITAMA","58,906,025,887","-730,670,928,955","ESTACION DE SERVICIO DE GNCV","GNV","1","111","97","3,344.59"
"2022 Dec 31 12:00:00 AM","2,022","12","31","15,157","BOYACA","SOGAMOSO","56,466,722,488","-728,709,564,209","ESTACION DE SERVICIO DE GNCV","GNV","1","369","221","2,919.78"
"2022 Dec 22 12:00:00 AM","2,022","12","22","15,150","BOYACA","TUNJA","55,184,726,715","-733,780,212,402","ESTACION DE SERVICIO DE GNCV","GNV","2","502","309","4,994.18"
"2022 Dec 18 12:00:00 AM","2,022","12","18","15,152","BOYACA","DUITAMA","58,906,025,887","-730,670,928,955","ESTACION DE SERVICIO DE GNCV","GNV","1","89","74","1,639.09"
"2022 Dec 29 12:00:00 AM","2,022","12","29","15,150","BOYACA","TUNJA","55,184,726,715","-733,780,212,402","ESTACION DE SERVICIO DE GNCV","GNV","2","456","308","4,426.4"
"2022 Dec 27 12:00:00 AM","2,022","12","27","15,157","BOYACA","SOGAMOSO","56,466,722,488","-728,709,564,209","ESTACION DE SERVICIO DE GNCV","GNV","1","314","214","2,641.01"
"2022 Dec 21 12:00:00 AM","2,022","12","21","15,151","BOYACA","CHIQUINQUIRA","56,224,880,219","-738,042,449,951","ESTACION DE SERVICIO DE GNCV","GNV","2","551","351","4,781.83"
"2022 Dec 24 12:00:00 AM","2,022","12","24","15,151","BOYACA","CHIQUINQUIRA","56,224,880,219","-738,042,449,951","ESTACION DE SERVICIO DE GNCV","GNV","2","557","334","4,237.06"
"2022 Dec 12 12:00:00 AM","2,022","12","12","15,157","BOYACA","SOGAMOSO","56,466,722,488","-728,709,564,209","ESTACION DE SERVICIO DE GNCV","GNV","1","276","201","2,367.01"
"2022 Dec 25 12:00:00 AM","2,022","12","25","15,150","BOYACA","TUNJA","55,184,726,715","-733,780,212,402","ESTACION DE SERVICIO DE GNCV","GNV","2","260","185","2,422.87"
"2022 Dec 14 12:00:00 AM","2,022","12","14","15,157","BOYACA","SOGAMOSO","56,466,722,488","-728,709,564,209","ESTACION DE SERVICIO DE GNCV","GNV","1","268","201","2,427.2"
"2022 Dec 06 12:00:00 AM","2,022","12","6","15,150","BOYACA","TUNJA","55,184,726,715","-733,780,212,402","ESTACION DE SERVICIO DE GNCV","GNV","1","295","214","2,948.46"
"2022 Dec 01 12:00:00 AM","2,022","12","1","15,157","BOYACA","SOGAMOSO","56,466,722,488","-728,709,564,209","ESTACION DE SERVICIO DE GNCV","GNV","1","285","193","2,303.14"
"2022 Dec 07 12:00:00 AM","2,022","12","7","15,152","BOYACA","DUITAMA","58,906,025,887","-730,670,928,955","ESTACION DE SERVICIO DE GNCV","GNV","1","110","86","1,545.99"
"2022 Dec 23 12:00:00 AM","2,022","12","23","15,150","BOYACA","TUNJA","55,184,726,715","-733,780,212,402","ESTACION DE SERVICIO DE GNCV","GNV","2","516","349","5,397.73"
"2022 Dec 25 12:00:00 AM","2,022","12","25","15,151","BOYACA","CHIQUINQUIRA","56,224,880,219","-738,042,449,951","ESTACION DE SERVICIO DE GNCV","GNV","2","360","240","2,715.68"
"2022 Dec 04 12:00:00 AM","2,022","12","4","15,150","BOYACA","TUNJA","55,184,726,715","-733,780,212,402","ESTACION DE SERVICIO DE GNCV","GNV","1","251","176","2,490.99"
"2022 Dec 16 12:00:00 AM","2,022","12","16","15,151","BOYACA","CHIQUINQUIRA","56,224,880,219","-738,042,449,951","ESTACION DE SERVICIO DE GNCV","GNV","2","518","328","4,085.43"
"2022 Dec 02 12:00:00 AM","2,022","12","2","15,150","BOYACA","TUNJA","55,184,726,715","-733,780,212,402","ESTACION DE SERVICIO DE GNCV","GNV","1","332","227","3,262.94"
"2022 Dec 07 12:00:00 AM","2,022","12","7","15,151","BOYACA","CHIQUINQUIRA","56,224,880,219","-738,042,449,951","ESTACION DE SERVICIO DE GNCV","GNV","2","532","352","4,589.4"
"2022 Dec 25 12:00:00 AM","2,022","12","25","15,152","BOYACA","DUITAMA","58,906,025,887","-730,670,928,955","ESTACION DE SERVICIO DE GNCV","GNV","1","65","58","740.16"
"2022 Dec 06 12:00:00 AM","2,022","12","6","15,151","BOYACA","CHIQUINQUIRA","56,224,880,219","-738,042,449,951","ESTACION DE SERVICIO DE GNCV","GNV","2","481","334","4,017.19"
"2022 Dec 27 12:00:00 AM","2,022","12","27","15,151","BOYACA","CHIQUINQUIRA","56,224,880,219","-738,042,449,951","ESTACION DE SERVICIO DE GNCV","GNV","2","478","339","4,071.98"
"2022 Dec 10 12:00:00 AM","2,022","12","10","15,157","BOYACA","SOGAMOSO","56,466,722,488","-728,709,564,209","ESTACION DE SERVICIO DE GNCV","GNV","1","312","211","2,616.8"
"2022 Dec 13 12:00:00 AM","2,022","12","13","15,157","BOYACA","SOGAMOSO","56,466,722,488","-728,709,564,209","ESTACION DE SERVICIO DE GNCV","GNV","1","264","190","2,168.5"
"2022 Dec 27 12:00:00 AM","2,022","12","27","15,150","BOYACA","TUNJA","55,184,726,715","-733,780,212,402","ESTACION DE SERVICIO DE GNCV","GNV","2","463","308","4,388.55"
"2022 Dec 12 12:00:00 AM","2,022","12","12","15,151","BOYACA","CHIQUINQUIRA","56,224,880,219","-738,042,449,951","ESTACION DE SERVICIO DE GNCV","GNV","2","456","330","3,773.14"
"2022 Dec 01 12:00:00 AM","2,022","12","1","15,152","BOYACA","DUITAMA","58,906,025,887","-730,670,928,955","ESTACION DE SERVICIO DE GNCV","GNV","1","110","90","2,512.32"
"2022 Dec 04 12:00:00 AM","2,022","12","4","15,151","BOYACA","CHIQUINQUIRA","56,224,880,219","-738,042,449,951","ESTACION DE SERVICIO DE GNCV","GNV","2","460","299","3,516.23"
"2022 Dec 20 12:00:00 AM","2,022","12","20","15,157","BOYACA","SOGAMOSO","56,466,722,488","-728,709,564,209","ESTACION DE SERVICIO DE GNCV","GNV","1","322","215","2,593.25"
"2022 Dec 03 12:00:00 AM","2,022","12","3","15,157","BOYACA","SOGAMOSO","56,466,722,488","-728,709,564,209","ESTACION DE SERVICIO DE GNCV","GNV","1","314","185","2,522.79"
"2022 Dec 28 12:00:00 AM","2,022","12","28","15,151","BOYACA","CHIQUINQUIRA","56,224,880,219","-738,042,449,951","ESTACION DE SERVICIO DE GNCV","GNV","2","511","343","4,096.77"
"2022 Dec 10 12:00:00 AM","2,022","12","10","15,152","BOYACA","DUITAMA","58,906,025,887","-730,670,928,955","ESTACION DE SERVICIO DE GNCV","GNV","1","95","80","2,026.53"
"2022 Dec 17 12:00:00 AM","2,022","12","17","15,157","BOYACA","SOGAMOSO","56,466,722,488","-728,709,564,209","ESTACION DE SERVICIO DE GNCV","GNV","1","334","201","2,946.17"
"2022 Dec 08 12:00:00 AM","2,022","12","8","15,157","BOYACA","SOGAMOSO","56,466,722,488","-728,709,564,209","ESTACION DE SERVICIO DE GNCV","GNV","1","237","166","1,829.16"
"2022 Dec 23 12:00:00 AM","2,022","12","23","15,157","BOYACA","SOGAMOSO","56,466,722,488","-728,709,564,209","ESTACION DE SERVICIO DE GNCV","GNV","1","321","207","2,506.48"
"2022 Dec 17 12:00:00 AM","2,022","12","17","15,150","BOYACA","TUNJA","55,184,726,715","-733,780,212,402","ESTACION DE SERVICIO DE GNCV","GNV","2","436","284","4,354.68"
"2022 Dec 24 12:00:00 AM","2,022","12","24","15,152","BOYACA","DUITAMA","58,906,025,887","-730,670,928,955","ESTACION DE SERVICIO DE GNCV","GNV","1","102","85","1,520.82"
"2022 Dec 15 12:00:00 AM","2,022","12","15","15,151","BOYACA","CHIQUINQUIRA","56,224,880,219","-738,042,449,951","ESTACION DE SERVICIO DE GNCV","GNV","1","417","290","3,338.84"
"2022 Dec 28 12:00:00 AM","2,022","12","28","15,157","BOYACA","SOGAMOSO","56,466,722,488","-728,709,564,209","ESTACION DE SERVICIO DE GNCV","GNV","1","316","223","2,820.57"
"2022 Dec 22 12:00:00 AM","2,022","12","22","15,157","BOYACA","SOGAMOSO","56,466,722,488","-728,709,564,209","ESTACION DE SERVICIO DE GNCV","GNV","1","334","219","2,794.01"
"2022 Dec 03 12:00:00 AM","2,022","12","3","15,150","BOYACA","TUNJA","55,184,726,715","-733,780,212,402","ESTACION DE SERVICIO DE GNCV","GNV","1","315","209","3,055.65"
"2022 Dec 19 12:00:00 AM","2,022","12","19","15,150","BOYACA","TUNJA","55,184,726,715","-733,780,212,402","ESTACION DE SERVICIO DE GNCV","GNV","2","460","301","4,404.53"
"2022 Dec 08 12:00:00 AM","2,022","12","8","15,151","BOYACA","CHIQUINQUIRA","56,224,880,219","-738,042,449,951","ESTACION DE SERVICIO DE GNCV","GNV","2","414","286","3,158.63"
"2022 Dec 14 12:00:00 AM","2,022","12","14","15,150","BOYACA","TUNJA","55,184,726,715","-733,780,212,402","ESTACION DE SERVICIO DE GNCV","GNV","2","432","298","4,159.63"
"2022 Dec 30 12:00:00 AM","2,022","12","30","15,157","BOYACA","SOGAMOSO","56,466,722,488","-728,709,564,209","ESTACION DE SERVICIO DE GNCV","GNV","1","327","214","2,815.58"
"2022 Dec 26 12:00:00 AM","2,022","12","26","15,151","BOYACA","CHIQUINQUIRA","56,224,880,219","-738,042,449,951","ESTACION DE SERVICIO DE GNCV","GNV","2","477","335","4,007.91"
"2022 Dec 14 12:00:00 AM","2,022","12","14","15,151","BOYACA","CHIQUINQUIRA","56,224,880,219","-738,042,449,951","ESTACION DE SERVICIO DE GNCV","GNV","1","412","280","3,168.56"
"2022 Dec 26 12:00:00 AM","2,022","12","26","15,157","BOYACA","SOGAMOSO","56,466,722,488","-728,709,564,209","ESTACION DE SERVICIO DE GNCV","GNV","1","310","215","2,458.21"
"2022 Dec 05 12:00:00 AM","2,022","12","5","15,152","BOYACA","DUITAMA","58,906,025,887","-730,670,928,955","ESTACION DE SERVICIO DE GNCV","GNV","1","115","97","2,488.19"
"2022 Dec 27 12:00:00 AM","2,022","12","27","15,152","BOYACA","DUITAMA","58,906,025,887","-730,670,928,955","ESTACION DE SERVICIO DE GNCV","GNV","1","124","105","2,978.48"
"2022 Dec 15 12:00:00 AM","2,022","12","15","15,157","BOYACA","SOGAMOSO","56,466,722,488","-728,709,564,209","ESTACION DE SERVICIO DE GNCV","GNV","1","291","207","2,492.26"
"2022 Dec 20 12:00:00 AM","2,022","12","20","15,152","BOYACA","DUITAMA","58,906,025,887","-730,670,928,955","ESTACION DE SERVICIO DE GNCV","GNV","1","118","99","2,848.87"
"2022 Dec 01 12:00:00 AM","2,022","12","1","15,151","BOYACA","CHIQUINQUIRA","56,224,880,219","-738,042,449,951","ESTACION DE SERVICIO DE GNCV","GNV","1","419","287","3,172.49"
"2022 Dec 28 12:00:00 AM","2,022","12","28","15,150","BOYACA","TUNJA","55,184,726,715","-733,780,212,402","ESTACION DE SERVICIO DE GNCV","GNV","2","423","284","4,178.06"
"2022 Dec 19 12:00:00 AM","2,022","12","19","15,152","BOYACA","DUITAMA","58,906,025,887","-730,670,928,955","ESTACION DE SERVICIO DE GNCV","GNV","1","111","86","2,181.18"
"2022 Dec 07 12:00:00 AM","2,022","12","7","15,157","BOYACA","SOGAMOSO","56,466,722,488","-728,709,564,209","ESTACION DE SERVICIO DE GNCV","GNV","1","297","195","2,443.63"
"2022 Dec 24 12:00:00 AM","2,022","12","24","15,157","BOYACA","SOGAMOSO","56,466,722,488","-728,709,564,209","ESTACION DE SERVICIO DE GNCV","GNV","1","372","232","2,867.49"
"2022 Dec 10 12:00:00 AM","2,022","12","10","15,151","BOYACA","CHIQUINQUIRA","56,224,880,219","-738,042,449,951","ESTACION DE SERVICIO DE GNCV","GNV","2","517","343","4,179.24"
"2022 Dec 06 12:00:00 AM","2,022","12","6","15,157","BOYACA","SOGAMOSO","56,466,722,488","-728,709,564,209","ESTACION DE SERVICIO DE GNCV","GNV","1","304","208","2,511.06"
"2022 Dec 12 12:00:00 AM","2,022","12","12","15,152","BOYACA","DUITAMA","58,906,025,887","-730,670,928,955","ESTACION DE SERVICIO DE GNCV","GNV","1","113","91","3,195.15"
"2022 Dec 21 12:00:00 AM","2,022","12","21","15,152","BOYACA","DUITAMA","58,906,025,887","-730,670,928,955","ESTACION DE SERVICIO DE GNCV","GNV","1","120","99","2,991.81"
"2022 Dec 02 12:00:00 AM","2,022","12","2","15,157","BOYACA","SOGAMOSO","56,466,722,488","-728,709,564,209","ESTACION DE SERVICIO DE GNCV","GNV","1","289","204","2,405.06"
"2022 Dec 29 12:00:00 AM","2,022","12","29","15,152","BOYACA","DUITAMA","58,906,025,887","-730,670,928,955","ESTACION DE SERVICIO DE GNCV","GNV","1","132","106","2,271.08"
"2022 Dec 01 12:00:00 AM","2,022","12","1","15,150","BOYACA","TUNJA","55,184,726,715","-733,780,212,402","ESTACION DE SERVICIO DE GNCV","GNV","1","322","222","3,102.17"
"2022 Dec 11 12:00:00 AM","2,022","12","11","15,152","BOYACA","DUITAMA","58,906,025,887","-730,670,928,955","ESTACION DE SERVICIO DE GNCV","GNV","1","90","67","778.19"
"2022 Dec 18 12:00:00 AM","2,022","12","18","15,157","BOYACA","SOGAMOSO","56,466,722,488","-728,709,564,209","ESTACION DE SERVICIO DE GNCV","GNV","1","280","170","2,117.92"
"2022 Dec 22 12:00:00 AM","2,022","12","22","15,151","BOYACA","CHIQUINQUIRA","56,224,880,219","-738,042,449,951","ESTACION DE SERVICIO DE GNCV","GNV","2","504","332","4,074.71"
"2022 Dec 05 12:00:00 AM","2,022","12","5","15,150","BOYACA","TUNJA","55,184,726,715","-733,780,212,402","ESTACION DE SERVICIO DE GNCV","GNV","1","292","208","2,872.33"
"2022 Dec 19 12:00:00 AM","2,022","12","19","15,157","BOYACA","SOGAMOSO","56,466,722,488","-728,709,564,209","ESTACION DE SERVICIO DE GNCV","GNV","1","296","209","2,523.02"
"2022 Dec 04 12:00:00 AM","2,022","12","4","15,152","BOYACA","DUITAMA","58,906,025,887","-730,670,928,955","ESTACION DE SERVICIO DE GNCV","GNV","1","85","64","1,541.47"
"2022 Dec 26 12:00:00 AM","2,022","12","26","15,150","BOYACA","TUNJA","55,184,726,715","-733,780,212,402","ESTACION DE SERVICIO DE GNCV","GNV","2","410","288","4,227.61"
"2022 Dec 31 12:00:00 AM","2,022","12","31","15,150","BOYACA","TUNJA","55,184,726,715","-733,780,212,402","ESTACION DE SERVICIO DE GNCV","GNV","2","473","334","4,601.4"
"2022 Dec 09 12:00:00 AM","2,022","12","9","15,150","BOYACA","TUNJA","55,184,726,715","-733,780,212,402","ESTACION DE SERVICIO DE GNCV","GNV","1","323","243","3,258.88"
"2022 Dec 16 12:00:00 AM","2,022","12","16","15,157","BOYACA","SOGAMOSO","56,466,722,488","-728,709,564,209","ESTACION DE SERVICIO DE GNCV","GNV","1","311","210","2,576.02"
"2022 Dec 30 12:00:00 AM","2,022","12","30","15,151","BOYACA","CHIQUINQUIRA","56,224,880,219","-738,042,449,951","ESTACION DE SERVICIO DE GNCV","GNV","2","580","398","4,967.76"
"2022 Dec 23 12:00:00 AM","2,022","12","23","15,151","BOYACA","CHIQUINQUIRA","56,224,880,219","-738,042,449,951","ESTACION DE SERVICIO DE GNCV","GNV","2","559","377","4,616.88"
"2022 Dec 30 12:00:00 AM","2,022","12","30","15,150","BOYACA","TUNJA","55,184,726,715","-733,780,212,402","ESTACION DE SERVICIO DE GNCV","GNV","2","498","331","5,123.85"
"2022 Nov 20 12:00:00 AM","2,022","11","20","15,150","BOYACA","TUNJA","55,184,726,715","-733,780,212,402","ESTACION DE SERVICIO DE GNCV","GNV","2","318","216","3,061.11"
"2022 Nov 29 12:00:00 AM","2,022","11","29","15,150","BOYACA","TUNJA","55,184,726,715","-733,780,212,402","ESTACION DE SERVICIO DE GNCV","GNV","1","307","216","2,982.03"
"2022 Nov 13 12:00:00 AM","2,022","11","13","15,152","BOYACA","DUITAMA","58,906,025,887","-730,670,928,955","ESTACION DE SERVICIO DE GNCV","GNV","1","94","67","1,658.53"
"2022 Nov 10 12:00:00 AM","2,022","11","10","15,152","BOYACA","DUITAMA","58,906,025,887","-730,670,928,955","ESTACION DE SERVICIO DE GNCV","GNV","1","89","71","2,311.43"
"2022 Nov 01 12:00:00 AM","2,022","11","1","15,151","BOYACA","CHIQUINQUIRA","56,224,880,219","-738,042,449,951","ESTACION DE SERVICIO DE GNCV","GNV","2","662","447","5,592.15"
"2022 Nov 05 12:00:00 AM","2,022","11","5","15,150","BOYACA","TUNJA","55,184,726,715","-733,780,212,402","ESTACION DE SERVICIO DE GNCV","GNV","2","420","354","4,279.19"
"2022 Nov 07 12:00:00 AM","2,022","11","7","15,151","BOYACA","CHIQUINQUIRA","56,224,880,219","-738,042,449,951","ESTACION DE SERVICIO DE GNCV","GNV","2","576","390","4,710.78"
"2022 Nov 11 12:00:00 AM","2,022","11","11","15,157","BOYACA","SOGAMOSO","56,466,722,488","-728,709,564,209","ESTACION DE SERVICIO DE GNCV","GNV","1","288","202","2,442.24"
"2022 Nov 22 12:00:00 AM","2,022","11","22","15,150","BOYACA","TUNJA","55,184,726,715","-733,780,212,402","ESTACION DE SERVICIO DE GNCV","GNV","2","449","308","4,506.77"
"2022 Nov 17 12:00:00 AM","2,022","11","17","15,151","BOYACA","CHIQUINQUIRA","56,224,880,219","-738,042,449,951","ESTACION DE SERVICIO DE GNCV","GNV","2","639","413","5,339.31"
"2022 Nov 24 12:00:00 AM","2,022","11","24","15,151","BOYACA","CHIQUINQUIRA","56,224,880,219","-738,042,449,951","ESTACION DE SERVICIO DE GNCV","GNV","2","628","404","4,970.42"
"2022 Nov 14 12:00:00 AM","2,022","11","14","15,151","BOYACA","CHIQUINQUIRA","56,224,880,219","-738,042,449,951","ESTACION DE SERVICIO DE GNCV","GNV","2","565","374","4,522.74"
"2022 Nov 09 12:00:00 AM","2,022","11","9","15,151","BOYACA","CHIQUINQUIRA","56,224,880,219","-738,042,449,951","ESTACION DE SERVICIO DE GNCV","GNV","2","651","427","5,424.67"
"2022 Nov 04 12:00:00 AM","2,022","11","4","15,150","BOYACA","TUNJA","55,184,726,715","-733,780,212,402","ESTACION DE SERVICIO DE GNCV","GNV","2","445","380","4,403.84"
"2022 Nov 11 12:00:00 AM","2,022","11","11","15,150","BOYACA","TUNJA","55,184,726,715","-733,780,212,402","ESTACION DE SERVICIO DE GNCV","GNV","2","508","352","4,931.87"
"2022 Nov 28 12:00:00 AM","2,022","11","28","15,151","BOYACA","CHIQUINQUIRA","56,224,880,219","-738,042,449,951","ESTACION DE SERVICIO DE GNCV","GNV","2","618","408","5,114.4"
"2022 Nov 12 12:00:00 AM","2,022","11","12","15,157","BOYACA","SOGAMOSO","56,466,722,488","-728,709,564,209","ESTACION DE SERVICIO DE GNCV","GNV","1","307","185","2,522.56"
"2022 Nov 29 12:00:00 AM","2,022","11","29","15,152","BOYACA","DUITAMA","58,906,025,887","-730,670,928,955","ESTACION DE SERVICIO DE GNCV","GNV","1","106","83","3,105.29"
"2022 Nov 25 12:00:00 AM","2,022","11","25","15,157","BOYACA","SOGAMOSO","56,466,722,488","-728,709,564,209","ESTACION DE SERVICIO DE GNCV","GNV","1","293","200","2,415.29"
"2022 Nov 05 12:00:00 AM","2,022","11","5","15,151","BOYACA","CHIQUINQUIRA","56,224,880,219","-738,042,449,951","ESTACION DE SERVICIO DE GNCV","GNV","2","731","453","5,978.62"
"2022 Nov 14 12:00:00 AM","2,022","11","14","15,150","BOYACA","TUNJA","55,184,726,715","-733,780,212,402","ESTACION DE SERVICIO DE GNCV","GNV","2","346","251","3,306.25"
"2022 Nov 28 12:00:00 AM","2,022","11","28","15,157","BOYACA","SOGAMOSO","56,466,722,488","-728,709,564,209","ESTACION DE SERVICIO DE GNCV","GNV","1","270","188","2,332.6"
"2022 Nov 02 12:00:00 AM","2,022","11","2","15,152","BOYACA","DUITAMA","58,906,025,887","-730,670,928,955","ESTACION DE SERVICIO DE GNCV","GNV","1","83","72","2,184.12"
"2022 Nov 26 12:00:00 AM","2,022","11","26","15,151","BOYACA","CHIQUINQUIRA","56,224,880,219","-738,042,449,951","ESTACION DE SERVICIO DE GNCV","GNV","2","652","413","5,162.41"
"2022 Nov 17 12:00:00 AM","2,022","11","17","15,152","BOYACA","DUITAMA","58,906,025,887","-730,670,928,955","ESTACION DE SERVICIO DE GNCV","GNV","1","109","89","2,164.13"
"2022 Nov 04 12:00:00 AM","2,022","11","4","15,157","BOYACA","SOGAMOSO","56,466,722,488","-728,709,564,209","ESTACION DE SERVICIO DE GNCV","GNV","1","303","215","2,708.42"
"2022 Nov 26 12:00:00 AM","2,022","11","26","15,157","BOYACA","SOGAMOSO","56,466,722,488","-728,709,564,209","ESTACION DE SERVICIO DE GNCV","GNV","1","313","192","2,509.64"
"2022 Nov 09 12:00:00 AM","2,022","11","9","15,150","BOYACA","TUNJA","55,184,726,715","-733,780,212,402","ESTACION DE SERVICIO DE GNCV","GNV","2","469","370","4,879.27"
"2022 Nov 15 12:00:00 AM","2,022","11","15","15,152","BOYACA","DUITAMA","58,906,025,887","-730,670,928,955","ESTACION DE SERVICIO DE GNCV","GNV","1","112","93","2,674.81"
"2022 Nov 29 12:00:00 AM","2,022","11","29","15,157","BOYACA","SOGAMOSO","56,466,722,488","-728,709,564,209","ESTACION DE SERVICIO DE GNCV","GNV","1","268","188","2,243.48"
"2022 Nov 02 12:00:00 AM","2,022","11","2","15,151","BOYACA","CHIQUINQUIRA","56,224,880,219","-738,042,449,951","ESTACION DE SERVICIO DE GNCV","GNV","2","648","429","5,381.33"
"2022 Nov 27 12:00:00 AM","2,022","11","27","15,157","BOYACA","SOGAMOSO","56,466,722,488","-728,709,564,209","ESTACION DE SERVICIO DE GNCV","GNV","1","245","164","1,865.05"
"2022 Nov 06 12:00:00 AM","2,022","11","6","15,150","BOYACA","TUNJA","55,184,726,715","-733,780,212,402","ESTACION DE SERVICIO DE GNCV","GNV","2","317","264","3,021.54"
"2022 Nov 08 12:00:00 AM","2,022","11","8","15,151","BOYACA","CHIQUINQUIRA","56,224,880,219","-738,042,449,951","ESTACION DE SERVICIO DE GNCV","GNV","2","655","430","5,668.75"
"2022 Nov 22 12:00:00 AM","2,022","11","22","15,152","BOYACA","DUITAMA","58,906,025,887","-730,670,928,955","ESTACION DE SERVICIO DE GNCV","GNV","1","100","81","3,428.62"
"2022 Nov 17 12:00:00 AM","2,022","11","17","15,157","BOYACA","SOGAMOSO","56,466,722,488","-728,709,564,209","ESTACION DE SERVICIO DE GNCV","GNV","1","252","170","2,174.64"
"2022 Nov 19 12:00:00 AM","2,022","11","19","15,157","BOYACA","SOGAMOSO","56,466,722,488","-728,709,564,209","ESTACION DE SERVICIO DE GNCV","GNV","1","294","182","2,437.35"
"2022 Nov 18 12:00:00 AM","2,022","11","18","15,150","BOYACA","TUNJA","55,184,726,715","-733,780,212,402","ESTACION DE SERVICIO DE GNCV","GNV","2","476","324","4,713.33"
"2022 Nov 24 12:00:00 AM","2,022","11","24","15,152","BOYACA","DUITAMA","58,906,025,887","-730,670,928,955","ESTACION DE SERVICIO DE GNCV","GNV","1","90","78","1,683.59"
"2022 Nov 11 12:00:00 AM","2,022","11","11","15,151","BOYACA","CHIQUINQUIRA","56,224,880,219","-738,042,449,951","ESTACION DE SERVICIO DE GNCV","GNV","2","701","473","6,045.33"
"2022 Nov 13 12:00:00 AM","2,022","11","13","15,150","BOYACA","TUNJA","55,184,726,715","-733,780,212,402","ESTACION DE SERVICIO DE GNCV","GNV","2","294","195","2,845.49"
"2022 Nov 04 12:00:00 AM","2,022","11","4","15,151","BOYACA","CHIQUINQUIRA","56,224,880,219","-738,042,449,951","ESTACION DE SERVICIO DE GNCV","GNV","2","664","438","5,492.85"
"2022 Nov 29 12:00:00 AM","2,022","11","29","15,151","BOYACA","CHIQUINQUIRA","56,224,880,219","-738,042,449,951","ESTACION DE SERVICIO DE GNCV","GNV","2","631","422","5,361.72"
"2022 Nov 27 12:00:00 AM","2,022","11","27","15,150","BOYACA","TUNJA","55,184,726,715","-733,780,212,402","ESTACION DE SERVICIO DE GNCV","GNV","1","219","158","2,148.83"
"2022 Nov 20 12:00:00 AM","2,022","11","20","15,152","BOYACA","DUITAMA","58,906,025,887","-730,670,928,955","ESTACION DE SERVICIO DE GNCV","GNV","1","61","41","802.2"
"2022 Nov 22 12:00:00 AM","2,022","11","22","15,151","BOYACA","CHIQUINQUIRA","56,224,880,219","-738,042,449,951","ESTACION DE SERVICIO DE GNCV","GNV","2","541","383","4.539"
"2022 Nov 03 12:00:00 AM","2,022","11","3","15,157","BOYACA","SOGAMOSO","56,466,722,488","-728,709,564,209","ESTACION DE SERVICIO DE GNCV","GNV","1","259","188","2,105.93"
"2022 Nov 30 12:00:00 AM","2,022","11","30","15,152","BOYACA","DUITAMA","58,906,025,887","-730,670,928,955","ESTACION DE SERVICIO DE GNCV","GNV","1","97","80","1,771.35"
"2022 Nov 30 12:00:00 AM","2,022","11","30","15,157","BOYACA","SOGAMOSO","56,466,722,488","-728,709,564,209","ESTACION DE SERVICIO DE GNCV","GNV","1","283","198","2,318.4"
"2022 Nov 01 12:00:00 AM","2,022","11","1","15,150","BOYACA","TUNJA","55,184,726,715","-733,780,212,402","ESTACION DE SERVICIO DE GNCV","GNV","1","172","162","1,578.57"
"2022 Nov 02 12:00:00 AM","2,022","11","2","15,157","BOYACA","SOGAMOSO","56,466,722,488","-728,709,564,209","ESTACION DE SERVICIO DE GNCV","GNV","1","269","193","2,346.38"
"2022 Nov 19 12:00:00 AM","2,022","11","19","15,150","BOYACA","TUNJA","55,184,726,715","-733,780,212,402","ESTACION DE SERVICIO DE GNCV","GNV","2","435","286","4,178.03"
"2022 Nov 26 12:00:00 AM","2,022","11","26","15,150","BOYACA","TUNJA","55,184,726,715","-733,780,212,402","ESTACION DE SERVICIO DE GNCV","GNV","2","331","235","3,362.45"
"2022 Nov 25 12:00:00 AM","2,022","11","25","15,151","BOYACA","CHIQUINQUIRA","56,224,880,219","-738,042,449,951","ESTACION DE SERVICIO DE GNCV","GNV","2","649","431","5,524.13"
"2022 Nov 17 12:00:00 AM","2,022","11","17","15,150","BOYACA","TUNJA","55,184,726,715","-733,780,212,402","ESTACION DE SERVICIO DE GNCV","GNV","2","371","254","3,631.66"
"2022 Nov 04 12:00:00 AM","2,022","11","4","15,152","BOYACA","DUITAMA","58,906,025,887","-730,670,928,955","ESTACION DE SERVICIO DE GNCV","GNV","1","102","83","2,929.06"
"2022 Nov 05 12:00:00 AM","2,022","11","5","15,152","BOYACA","DUITAMA","58,906,025,887","-730,670,928,955","ESTACION DE SERVICIO DE GNCV","GNV","1","89","72","2,183.4"
"2022 Nov 15 12:00:00 AM","2,022","11","15","15,151","BOYACA","CHIQUINQUIRA","56,224,880,219","-738,042,449,951","ESTACION DE SERVICIO DE GNCV","GNV","2","650","441","5,502.72"
"2022 Nov 06 12:00:00 AM","2,022","11","6","15,157","BOYACA","SOGAMOSO","56,466,722,488","-728,709,564,209","ESTACION DE SERVICIO DE GNCV","GNV","1","272","161","1,980.74"
"2022 Nov 25 12:00:00 AM","2,022","11","25","15,152","BOYACA","DUITAMA","58,906,025,887","-730,670,928,955","ESTACION DE SERVICIO DE GNCV","GNV","1","105","87","2,054.43"
"2022 Nov 21 12:00:00 AM","2,022","11","21","15,157","BOYACA","SOGAMOSO","56,466,722,488","-728,709,564,209","ESTACION DE SERVICIO DE GNCV","GNV","1","251","182","2,175.26"
"2022 Nov 13 12:00:00 AM","2,022","11","13","15,151","BOYACA","CHIQUINQUIRA","56,224,880,219","-738,042,449,951","ESTACION DE SERVICIO DE GNCV","GNV","2","616","373","4,758.85"
"2022 Nov 10 12:00:00 AM","2,022","11","10","15,151","BOYACA","CHIQUINQUIRA","56,224,880,219","-738,042,449,951","ESTACION DE SERVICIO DE GNCV","GNV","2","649","420","5,365.68"
"2022 Nov 01 12:00:00 AM","2,022","11","1","15,152","BOYACA","DUITAMA","58,906,025,887","-730,670,928,955","ESTACION DE SERVICIO DE GNCV","GNV","1","107","95","3,004.33"
"2022 Nov 13 12:00:00 AM","2,022","11","13","15,157","BOYACA","SOGAMOSO","56,466,722,488","-728,709,564,209","ESTACION DE SERVICIO DE GNCV","GNV","1","254","152","2,071.13"
"2022 Nov 21 12:00:00 AM","2,022","11","21","15,151","BOYACA","CHIQUINQUIRA","56,224,880,219","-738,042,449,951","ESTACION DE SERVICIO DE GNCV","GNV","2","607","416","5,151.02"
"2022 Nov 03 12:00:00 AM","2,022","11","3","15,150","BOYACA","TUNJA","55,184,726,715","-733,780,212,402","ESTACION DE SERVICIO DE GNCV","GNV","2","400","330","3,921.47"
"2022 Nov 21 12:00:00 AM","2,022","11","21","15,150","BOYACA","TUNJA","55,184,726,715","-733,780,212,402","ESTACION DE SERVICIO DE GNCV","GNV","2","457","300","4,643.58"
"2022 Nov 08 12:00:00 AM","2,022","11","8","15,157","BOYACA","SOGAMOSO","56,466,722,488","-728,709,564,209","ESTACION DE SERVICIO DE GNCV","GNV","1","289","210","2,513.99"
"2022 Nov 18 12:00:00 AM","2,022","11","18","15,152","BOYACA","DUITAMA","58,906,025,887","-730,670,928,955","ESTACION DE SERVICIO DE GNCV","GNV","1","64","60","1,611.88"
"2022 Nov 16 12:00:00 AM","2,022","11","16","15,151","BOYACA","CHIQUINQUIRA","56,224,880,219","-738,042,449,951","ESTACION DE SERVICIO DE GNCV","GNV","2","640","427","5,451.67"
"2022 Nov 24 12:00:00 AM","2,022","11","24","15,157","BOYACA","SOGAMOSO","56,466,722,488","-728,709,564,209","ESTACION DE SERVICIO DE GNCV","GNV","1","275","181","2,166.36"
"2022 Nov 24 12:00:00 AM","2,022","11","24","15,150","BOYACA","TUNJA","55,184,726,715","-733,780,212,402","ESTACION DE SERVICIO DE GNCV","GNV","2","451","304","4,539.57"
"2022 Nov 07 12:00:00 AM","2,022","11","7","15,152","BOYACA","DUITAMA","58,906,025,887","-730,670,928,955","ESTACION DE SERVICIO DE GNCV","GNV","1","74","65","1,476.68"
"2022 Nov 08 12:00:00 AM","2,022","11","8","15,152","BOYACA","DUITAMA","58,906,025,887","-730,670,928,955","ESTACION DE SERVICIO DE GNCV","GNV","1","90","76","2,565.39"
"2022 Nov 30 12:00:00 AM","2,022","11","30","15,150","BOYACA","TUNJA","55,184,726,715","-733,780,212,402","ESTACION DE SERVICIO DE GNCV","GNV","1","303","212","3,117.31"
"2022 Nov 02 12:00:00 AM","2,022","11","2","15,150","BOYACA","TUNJA","55,184,726,715","-733,780,212,402","ESTACION DE SERVICIO DE GNCV","GNV","2","242","228","2,521.11"
"2022 Nov 27 12:00:00 AM","2,022","11","27","15,151","BOYACA","CHIQUINQUIRA","56,224,880,219","-738,042,449,951","ESTACION DE SERVICIO DE GNCV","GNV","2","598","365","4,745.19"
"2022 Nov 05 12:00:00 AM","2,022","11","5","15,157","BOYACA","SOGAMOSO","56,466,722,488","-728,709,564,209","ESTACION DE SERVICIO DE GNCV","GNV","1","310","193","2,512.33"
"2022 Nov 15 12:00:00 AM","2,022","11","15","15,157","BOYACA","SOGAMOSO","56,466,722,488","-728,709,564,209","ESTACION DE SERVICIO DE GNCV","GNV","1","296","204","2,414.42"
"2022 Nov 22 12:00:00 AM","2,022","11","22","15,157","BOYACA","SOGAMOSO","56,466,722,488","-728,709,564,209","ESTACION DE SERVICIO DE GNCV","GNV","1","282","183","2,386.3"
"2022 Nov 14 12:00:00 AM","2,022","11","14","15,152","BOYACA","DUITAMA","58,906,025,887","-730,670,928,955","ESTACION DE SERVICIO DE GNCV","GNV","1","87","70","1,010.84"
"2022 Nov 19 12:00:00 AM","2,022","11","19","15,151","BOYACA","CHIQUINQUIRA","56,224,880,219","-738,042,449,951","ESTACION DE SERVICIO DE GNCV","GNV","2","652","431","5,319.72"
"2022 Nov 07 12:00:00 AM","2,022","11","7","15,150","BOYACA","TUNJA","55,184,726,715","-733,780,212,402","ESTACION DE SERVICIO DE GNCV","GNV","2","324","267","3,090.03"
"2022 Nov 23 12:00:00 AM","2,022","11","23","15,151","BOYACA","CHIQUINQUIRA","56,224,880,219","-738,042,449,951","ESTACION DE SERVICIO DE GNCV","GNV","2","633","414","5,096.95"
"2022 Nov 03 12:00:00 AM","2,022","11","3","15,152","BOYACA","DUITAMA","58,906,025,887","-730,670,928,955","ESTACION DE SERVICIO DE GNCV","GNV","1","84","73","2,878.12"
"2022 Nov 21 12:00:00 AM","2,022","11","21","15,152","BOYACA","DUITAMA","58,906,025,887","-730,670,928,955","ESTACION DE SERVICIO DE GNCV","GNV","1","94","80","2,557.75"
"2022 Nov 06 12:00:00 AM","2,022","11","6","15,152","BOYACA","DUITAMA","58,906,025,887","-730,670,928,955","ESTACION DE SERVICIO DE GNCV","GNV","1","78","59","1,191.66"
"2022 Nov 16 12:00:00 AM","2,022","11","16","15,152","BOYACA","DUITAMA","58,906,025,887","-730,670,928,955","ESTACION DE SERVICIO DE GNCV","GNV","1","93","79","2,806.95"
"2022 Nov 19 12:00:00 AM","2,022","11","19","15,152","BOYACA","DUITAMA","58,906,025,887","-730,670,928,955","ESTACION DE SERVICIO DE GNCV","GNV","1","56","53","1,269.36"
"2022 Nov 09 12:00:00 AM","2,022","11","9","15,157","BOYACA","SOGAMOSO","56,466,722,488","-728,709,564,209","ESTACION DE SERVICIO DE GNCV","GNV","1","282","191","2,427.42"
"2022 Nov 07 12:00:00 AM","2,022","11","7","15,157","BOYACA","SOGAMOSO","56,466,722,488","-728,709,564,209","ESTACION DE SERVICIO DE GNCV","GNV","1","226","177","2,083.48"
"2022 Nov 16 12:00:00 AM","2,022","11","16","15,157","BOYACA","SOGAMOSO","56,466,722,488","-728,709,564,209","ESTACION DE SERVICIO DE GNCV","GNV","1","266","186","2,303.95"
"2022 Nov 23 12:00:00 AM","2,022","11","23","15,152","BOYACA","DUITAMA","58,906,025,887","-730,670,928,955","ESTACION DE SERVICIO DE GNCV","GNV","1","101","80","3,257.83"
"2022 Nov 11 12:00:00 AM","2,022","11","11","15,152","BOYACA","DUITAMA","58,906,025,887","-730,670,928,955","ESTACION DE SERVICIO DE GNCV","GNV","1","114","100","2,743.88"
"2022 Nov 18 12:00:00 AM","2,022","11","18","15,151","BOYACA","CHIQUINQUIRA","56,224,880,219","-738,042,449,951","ESTACION DE SERVICIO DE GNCV","GNV","2","697","438","5,645.54"
"2022 Nov 09 12:00:00 AM","2,022","11","9","15,152","BOYACA","DUITAMA","58,906,025,887","-730,670,928,955","ESTACION DE SERVICIO DE GNCV","GNV","1","93","81","2,387.46"
"2022 Nov 16 12:00:00 AM","2,022","11","16","15,150","BOYACA","TUNJA","55,184,726,715","-733,780,212,402","ESTACION DE SERVICIO DE GNCV","GNV","2","431","308","4,538.36"
"2022 Nov 01 12:00:00 AM","2,022","11","1","15,157","BOYACA","SOGAMOSO","56,466,722,488","-728,709,564,209","ESTACION DE SERVICIO DE GNCV","GNV","1","327","227","2,694.03"
"2022 Nov 14 12:00:00 AM","2,022","11","14","15,157","BOYACA","SOGAMOSO","56,466,722,488","-728,709,564,209","ESTACION DE SERVICIO DE GNCV","GNV","1","203","149","1,781.12"
"2022 Nov 15 12:00:00 AM","2,022","11","15","15,150","BOYACA","TUNJA","55,184,726,715","-733,780,212,402","ESTACION DE SERVICIO DE GNCV","GNV","2","472","323","4,618.29"
"2022 Nov 20 12:00:00 AM","2,022","11","20","15,157","BOYACA","SOGAMOSO","56,466,722,488","-728,709,564,209","ESTACION DE SERVICIO DE GNCV","GNV","1","235","149","2,043.39"
"2022 Nov 12 12:00:00 AM","2,022","11","12","15,151","BOYACA","CHIQUINQUIRA","56,224,880,219","-738,042,449,951","ESTACION DE SERVICIO DE GNCV","GNV","2","681","444","5,643.16"
"2022 Nov 27 12:00:00 AM","2,022","11","27","15,152","BOYACA","DUITAMA","58,906,025,887","-730,670,928,955","ESTACION DE SERVICIO DE GNCV","GNV","1","84","58","998.25"
"2022 Nov 18 12:00:00 AM","2,022","11","18","15,157","BOYACA","SOGAMOSO","56,466,722,488","-728,709,564,209","ESTACION DE SERVICIO DE GNCV","GNV","1","253","172","2,218.97"
"2022 Nov 25 12:00:00 AM","2,022","11","25","15,150","BOYACA","TUNJA","55,184,726,715","-733,780,212,402","ESTACION DE SERVICIO DE GNCV","GNV","2","486","322","4,791.19"
"2022 Nov 30 12:00:00 AM","2,022","11","30","15,151","BOYACA","CHIQUINQUIRA","56,224,880,219","-738,042,449,951","ESTACION DE SERVICIO DE GNCV","GNV","2","573","389","4,669.63"
"2022 Nov 06 12:00:00 AM","2,022","11","6","15,151","BOYACA","CHIQUINQUIRA","56,224,880,219","-738,042,449,951","ESTACION DE SERVICIO DE GNCV","GNV","2","625","396","4,744.5"
"2022 Nov 10 12:00:00 AM","2,022","11","10","15,150","BOYACA","TUNJA","55,184,726,715","-733,780,212,402","ESTACION DE SERVICIO DE GNCV","GNV","2","476","376","4,682.6"
"2022 Nov 23 12:00:00 AM","2,022","11","23","15,150","BOYACA","TUNJA","55,184,726,715","-733,780,212,402","ESTACION DE SERVICIO DE GNCV","GNV","2","440","298","4,415.75"
"2022 Nov 12 12:00:00 AM","2,022","11","12","15,152","BOYACA","DUITAMA","58,906,025,887","-730,670,928,955","ESTACION DE SERVICIO DE GNCV","GNV","1","116","93","1,851.78"
"2022 Nov 10 12:00:00 AM","2,022","11","10","15,157","BOYACA","SOGAMOSO","56,466,722,488","-728,709,564,209","ESTACION DE SERVICIO DE GNCV","GNV","1","279","184","2,349.51"
"2022 Nov 03 12:00:00 AM","2,022","11","3","15,151","BOYACA","CHIQUINQUIRA","56,224,880,219","-738,042,449,951","ESTACION DE SERVICIO DE GNCV","GNV","2","622","422","5,158.73"
"2022 Nov 28 12:00:00 AM","2,022","11","28","15,150","BOYACA","TUNJA","55,184,726,715","-733,780,212,402","ESTACION DE SERVICIO DE GNCV","GNV","1","288","206","2,909.87"
"2022 Nov 08 12:00:00 AM","2,022","11","8","15,150","BOYACA","TUNJA","55,184,726,715","-733,780,212,402","ESTACION DE SERVICIO DE GNCV","GNV","2","488","379","4,829.79"
"2022 Nov 12 12:00:00 AM","2,022","11","12","15,150","BOYACA","TUNJA","55,184,726,715","-733,780,212,402","ESTACION DE SERVICIO DE GNCV","GNV","2","458","311","4,741.88"
"2022 Nov 26 12:00:00 AM","2,022","11","26","15,152","BOYACA","DUITAMA","58,906,025,887","-730,670,928,955","ESTACION DE SERVICIO DE GNCV","GNV","1","99","73","3,023.1"
"2022 Nov 20 12:00:00 AM","2,022","11","20","15,151","BOYACA","CHIQUINQUIRA","56,224,880,219","-738,042,449,951","ESTACION DE SERVICIO DE GNCV","GNV","2","576","372","4,437.3"
"2022 Nov 28 12:00:00 AM","2,022","11","28","15,152","BOYACA","DUITAMA","58,906,025,887","-730,670,928,955","ESTACION DE SERVICIO DE GNCV","GNV","1","110","90","3,198.23"
"2022 Nov 23 12:00:00 AM","2,022","11","23","15,157","BOYACA","SOGAMOSO","56,466,722,488","-728,709,564,209","ESTACION DE SERVICIO DE GNCV","GNV","1","257","180","2,198.27"
"2022 Oct 02 12:00:00 AM","2,022","10","2","15,151","BOYACA","CHIQUINQUIRA","56,224,880,219","-738,042,449,951","ESTACION DE SERVICIO DE GNCV","GNV","2","616","380","4,719.17"
"2022 Oct 05 12:00:00 AM","2,022","10","5","15,150","BOYACA","TUNJA","55,184,726,715","-733,780,212,402","ESTACION DE SERVICIO DE GNCV","GNV","2","272","254","2,877.26"
"2022 Oct 11 12:00:00 AM","2,022","10","11","15,151","BOYACA","CHIQUINQUIRA","56,224,880,219","-738,042,449,951","ESTACION DE SERVICIO DE GNCV","GNV","2","551","404","4,221.37"
"2022 Oct 19 12:00:00 AM","2,022","10","19","15,157","BOYACA","SOGAMOSO","56,466,722,488","-728,709,564,209","ESTACION DE SERVICIO DE GNCV","GNV","1","216","163","1,838.93"
"2022 Oct 06 12:00:00 AM","2,022","10","6","15,157","BOYACA","SOGAMOSO","56,466,722,488","-728,709,564,209","ESTACION DE SERVICIO DE GNCV","GNV","1","244","164","2,040.92"
"2022 Oct 19 12:00:00 AM","2,022","10","19","15,150","BOYACA","TUNJA","55,184,726,715","-733,780,212,402","ESTACION DE SERVICIO DE GNCV","GNV","1","71","69","718.2"
"2022 Oct 30 12:00:00 AM","2,022","10","30","15,150","BOYACA","TUNJA","55,184,726,715","-733,780,212,402","ESTACION DE SERVICIO DE GNCV","GNV","2","239","218","2,292.9"
"2022 Oct 30 12:00:00 AM","2,022","10","30","15,151","BOYACA","CHIQUINQUIRA","56,224,880,219","-738,042,449,951","ESTACION DE SERVICIO DE GNCV","GNV","2","580","371","4,550.94"
"2022 Oct 17 12:00:00 AM","2,022","10","17","15,152","BOYACA","DUITAMA","58,906,025,887","-730,670,928,955","ESTACION DE SERVICIO DE GNCV","GNV","1","87","77","1,330.04"
"2022 Oct 07 12:00:00 AM","2,022","10","7","15,151","BOYACA","CHIQUINQUIRA","56,224,880,219","-738,042,449,951","ESTACION DE SERVICIO DE GNCV","GNV","2","755","443","5,909.23"
"2022 Oct 10 12:00:00 AM","2,022","10","10","15,152","BOYACA","DUITAMA","58,906,025,887","-730,670,928,955","ESTACION DE SERVICIO DE GNCV","GNV","1","83","75","2,959.26"
"2022 Oct 02 12:00:00 AM","2,022","10","2","15,157","BOYACA","SOGAMOSO","56,466,722,488","-728,709,564,209","ESTACION DE SERVICIO DE GNCV","GNV","1","263","152","1,955.46"
"2022 Oct 24 12:00:00 AM","2,022","10","24","15,151","BOYACA","CHIQUINQUIRA","56,224,880,219","-738,042,449,951","ESTACION DE SERVICIO DE GNCV","GNV","2","629","450","5,371.85"
"2022 Oct 24 12:00:00 AM","2,022","10","24","15,150","BOYACA","TUNJA","55,184,726,715","-733,780,212,402","ESTACION DE SERVICIO DE GNCV","GNV","1","145","130","1,392.58"
"2022 Oct 10 12:00:00 AM","2,022","10","10","15,151","BOYACA","CHIQUINQUIRA","56,224,880,219","-738,042,449,951","ESTACION DE SERVICIO DE GNCV","GNV","2","583","410","4,305.7"
"2022 Oct 26 12:00:00 AM","2,022","10","26","15,150","BOYACA","TUNJA","55,184,726,715","-733,780,212,402","ESTACION DE SERVICIO DE GNCV","GNV","1","167","159","1,631.59"
"2022 Oct 18 12:00:00 AM","2,022","10","18","15,150","BOYACA","TUNJA","55,184,726,715","-733,780,212,402","ESTACION DE SERVICIO DE GNCV","GNV","1","187","172","1,834.58"
"2022 Oct 17 12:00:00 AM","2,022","10","17","15,157","BOYACA","SOGAMOSO","56,466,722,488","-728,709,564,209","ESTACION DE SERVICIO DE GNCV","GNV","1","249","180","2,116.34"
"2022 Oct 13 12:00:00 AM","2,022","10","13","15,157","BOYACA","SOGAMOSO","56,466,722,488","-728,709,564,209","ESTACION DE SERVICIO DE GNCV","GNV","1","250","171","1,961.1"
"2022 Oct 10 12:00:00 AM","2,022","10","10","15,157","BOYACA","SOGAMOSO","56,466,722,488","-728,709,564,209","ESTACION DE SERVICIO DE GNCV","GNV","1","232","172","2,078.26"
"2022 Oct 09 12:00:00 AM","2,022","10","9","15,151","BOYACA","CHIQUINQUIRA","56,224,880,219","-738,042,449,951","ESTACION DE SERVICIO DE GNCV","GNV","2","547","369","4,025.85"
"2022 Oct 28 12:00:00 AM","2,022","10","28","15,157","BOYACA","SOGAMOSO","56,466,722,488","-728,709,564,209","ESTACION DE SERVICIO DE GNCV","GNV","1","387","268","3,364.64"
"2022 Oct 21 12:00:00 AM","2,022","10","21","15,151","BOYACA","CHIQUINQUIRA","56,224,880,219","-738,042,449,951","ESTACION DE SERVICIO DE GNCV","GNV","2","766","469","6,284.48"
"2022 Oct 18 12:00:00 AM","2,022","10","18","15,151","BOYACA","CHIQUINQUIRA","56,224,880,219","-738,042,449,951","ESTACION DE SERVICIO DE GNCV","GNV","2","451","361","3,802.13"
"2022 Oct 14 12:00:00 AM","2,022","10","14","15,150","BOYACA","TUNJA","55,184,726,715","-733,780,212,402","ESTACION DE SERVICIO DE GNCV","GNV","1","155","145","1,796.86"
"2022 Oct 23 12:00:00 AM","2,022","10","23","15,152","BOYACA","DUITAMA","58,906,025,887","-730,670,928,955","ESTACION DE SERVICIO DE GNCV","GNV","1","72","63","1,724.72"
"2022 Oct 09 12:00:00 AM","2,022","10","9","15,150","BOYACA","TUNJA","55,184,726,715","-733,780,212,402","ESTACION DE SERVICIO DE GNCV","GNV","1","51","48","533.19"
"2022 Oct 21 12:00:00 AM","2,022","10","21","15,157","BOYACA","SOGAMOSO","56,466,722,488","-728,709,564,209","ESTACION DE SERVICIO DE GNCV","GNV","1","246","169","2,067.24"
"2022 Oct 15 12:00:00 AM","2,022","10","15","15,150","BOYACA","TUNJA","55,184,726,715","-733,780,212,402","ESTACION DE SERVICIO DE GNCV","GNV","1","164","158","1,669.79"
"2022 Oct 28 12:00:00 AM","2,022","10","28","15,150","BOYACA","TUNJA","55,184,726,715","-733,780,212,402","ESTACION DE SERVICIO DE GNCV","GNV","1","175","166","1,963.59"
"2022 Oct 29 12:00:00 AM","2,022","10","29","15,151","BOYACA","CHIQUINQUIRA","56,224,880,219","-738,042,449,951","ESTACION DE SERVICIO DE GNCV","GNV","2","669","421","5,601.21"
"2022 Oct 04 12:00:00 AM","2,022","10","4","15,157","BOYACA","SOGAMOSO","56,466,722,488","-728,709,564,209","ESTACION DE SERVICIO DE GNCV","GNV","1","229","170","1,942.95"
"2022 Oct 05 12:00:00 AM","2,022","10","5","15,151","BOYACA","CHIQUINQUIRA","56,224,880,219","-738,042,449,951","ESTACION DE SERVICIO DE GNCV","GNV","2","682","440","5,621.64"
"2022 Oct 10 12:00:00 AM","2,022","10","10","15,150","BOYACA","TUNJA","55,184,726,715","-733,780,212,402","ESTACION DE SERVICIO DE GNCV","GNV","1","143","136","1,483.41"
"2022 Oct 11 12:00:00 AM","2,022","10","11","15,150","BOYACA","TUNJA","55,184,726,715","-733,780,212,402","ESTACION DE SERVICIO DE GNCV","GNV","1","137","131","1,338.58"
"2022 Oct 08 12:00:00 AM","2,022","10","8","15,157","BOYACA","SOGAMOSO","56,466,722,488","-728,709,564,209","ESTACION DE SERVICIO DE GNCV","GNV","1","264","162","2,145.16"
"2022 Oct 09 12:00:00 AM","2,022","10","9","15,152","BOYACA","DUITAMA","58,906,025,887","-730,670,928,955","ESTACION DE SERVICIO DE GNCV","GNV","1","75","63","2,049.65"
"2022 Oct 08 12:00:00 AM","2,022","10","8","15,152","BOYACA","DUITAMA","58,906,025,887","-730,670,928,955","ESTACION DE SERVICIO DE GNCV","GNV","1","100","85","2,908.41"
"2022 Oct 25 12:00:00 AM","2,022","10","25","15,150","BOYACA","TUNJA","55,184,726,715","-733,780,212,402","ESTACION DE SERVICIO DE GNCV","GNV","1","157","152","1,628.97"
"2022 Oct 16 12:00:00 AM","2,022","10","16","15,157","BOYACA","SOGAMOSO","56,466,722,488","-728,709,564,209","ESTACION DE SERVICIO DE GNCV","GNV","1","252","154","1,892.66"
"2022 Oct 12 12:00:00 AM","2,022","10","12","15,151","BOYACA","CHIQUINQUIRA","56,224,880,219","-738,042,449,951","ESTACION DE SERVICIO DE GNCV","GNV","2","506","374","4,066.9"
"2022 Oct 17 12:00:00 AM","2,022","10","17","15,150","BOYACA","TUNJA","55,184,726,715","-733,780,212,402","ESTACION DE SERVICIO DE GNCV","GNV","1","122","117","1,175.04"
"2022 Oct 12 12:00:00 AM","2,022","10","12","15,157","BOYACA","SOGAMOSO","56,466,722,488","-728,709,564,209","ESTACION DE SERVICIO DE GNCV","GNV","1","246","175","2,014.61"
"2022 Oct 24 12:00:00 AM","2,022","10","24","15,157","BOYACA","SOGAMOSO","56,466,722,488","-728,709,564,209","ESTACION DE SERVICIO DE GNCV","GNV","1","229","170","2,034.02"
"2022 Oct 20 12:00:00 AM","2,022","10","20","15,150","BOYACA","TUNJA","55,184,726,715","-733,780,212,402","ESTACION DE SERVICIO DE GNCV","GNV","1","21","20","221.64"
"2022 Oct 08 12:00:00 AM","2,022","10","8","15,151","BOYACA","CHIQUINQUIRA","56,224,880,219","-738,042,449,951","ESTACION DE SERVICIO DE GNCV","GNV","2","465","349","3,680.38"
"2022 Oct 25 12:00:00 AM","2,022","10","25","15,157","BOYACA","SOGAMOSO","56,466,722,488","-728,709,564,209","ESTACION DE SERVICIO DE GNCV","GNV","1","261","182","2,273.98"
"2022 Oct 30 12:00:00 AM","2,022","10","30","15,152","BOYACA","DUITAMA","58,906,025,887","-730,670,928,955","ESTACION DE SERVICIO DE GNCV","GNV","1","57","43","1,211.71"
"2022 Oct 03 12:00:00 AM","2,022","10","3","15,151","BOYACA","CHIQUINQUIRA","56,224,880,219","-738,042,449,951","ESTACION DE SERVICIO DE GNCV","GNV","2","657","438","5,484.23"
"2022 Oct 14 12:00:00 AM","2,022","10","14","15,151","BOYACA","CHIQUINQUIRA","56,224,880,219","-738,042,449,951","ESTACION DE SERVICIO DE GNCV","GNV","2","583","382","4,157.8"
"2022 Oct 25 12:00:00 AM","2,022","10","25","15,152","BOYACA","DUITAMA","58,906,025,887","-730,670,928,955","ESTACION DE SERVICIO DE GNCV","GNV","1","83","70","1,291.39"
"2022 Oct 18 12:00:00 AM","2,022","10","18","15,157","BOYACA","SOGAMOSO","56,466,722,488","-728,709,564,209","ESTACION DE SERVICIO DE GNCV","GNV","1","262","188","2,255.44"
"2022 Oct 31 12:00:00 AM","2,022","10","31","15,157","BOYACA","SOGAMOSO","56,466,722,488","-728,709,564,209","ESTACION DE SERVICIO DE GNCV","GNV","1","387","270","3,288.45"
"2022 Oct 17 12:00:00 AM","2,022","10","17","15,151","BOYACA","CHIQUINQUIRA","56,224,880,219","-738,042,449,951","ESTACION DE SERVICIO DE GNCV","GNV","2","449","341","3,561.95"
"2022 Oct 01 12:00:00 AM","2,022","10","1","15,157","BOYACA","SOGAMOSO","56,466,722,488","-728,709,564,209","ESTACION DE SERVICIO DE GNCV","GNV","1","297","188","2,346.67"
"2022 Oct 22 12:00:00 AM","2,022","10","22","15,151","BOYACA","CHIQUINQUIRA","56,224,880,219","-738,042,449,951","ESTACION DE SERVICIO DE GNCV","GNV","2","441","351","3,828.81"
"2022 Oct 23 12:00:00 AM","2,022","10","23","15,150","BOYACA","TUNJA","55,184,726,715","-733,780,212,402","ESTACION DE SERVICIO DE GNCV","GNV","1","139","129","1,216.6"
"2022 Oct 29 12:00:00 AM","2,022","10","29","15,150","BOYACA","TUNJA","55,184,726,715","-733,780,212,402","ESTACION DE SERVICIO DE GNCV","GNV","1","195","179","1,975.76"
"2022 Oct 20 12:00:00 AM","2,022","10","20","15,157","BOYACA","SOGAMOSO","56,466,722,488","-728,709,564,209","ESTACION DE SERVICIO DE GNCV","GNV","1","254","183","2,184.16"
"2022 Oct 14 12:00:00 AM","2,022","10","14","15,152","BOYACA","DUITAMA","58,906,025,887","-730,670,928,955","ESTACION DE SERVICIO DE GNCV","GNV","1","100","90","3,103.09"
"2022 Oct 02 12:00:00 AM","2,022","10","2","15,150","BOYACA","TUNJA","55,184,726,715","-733,780,212,402","ESTACION DE SERVICIO DE GNCV","GNV","2","246","225","2,263.22"
"2022 Oct 21 12:00:00 AM","2,022","10","21","15,150","BOYACA","TUNJA","55,184,726,715","-733,780,212,402","ESTACION DE SERVICIO DE GNCV","GNV","1","175","164","1,619.97"
"2022 Oct 04 12:00:00 AM","2,022","10","4","15,152","BOYACA","DUITAMA","58,906,025,887","-730,670,928,955","ESTACION DE SERVICIO DE GNCV","GNV","2","230","188","11,673.81"
"2022 Oct 23 12:00:00 AM","2,022","10","23","15,157","BOYACA","SOGAMOSO","56,466,722,488","-728,709,564,209","ESTACION DE SERVICIO DE GNCV","GNV","1","243","138","1,784.1"
"2022 Oct 06 12:00:00 AM","2,022","10","6","15,152","BOYACA","DUITAMA","58,906,025,887","-730,670,928,955","ESTACION DE SERVICIO DE GNCV","GNV","2","233","188","9,632.44"
"2022 Oct 19 12:00:00 AM","2,022","10","19","15,151","BOYACA","CHIQUINQUIRA","56,224,880,219","-738,042,449,951","ESTACION DE SERVICIO DE GNCV","GNV","2","503","385","4,084.74"
"2022 Oct 31 12:00:00 AM","2,022","10","31","15,152","BOYACA","DUITAMA","58,906,025,887","-730,670,928,955","ESTACION DE SERVICIO DE GNCV","GNV","1","88","74","1,729.66"
"2022 Oct 13 12:00:00 AM","2,022","10","13","15,151","BOYACA","CHIQUINQUIRA","56,224,880,219","-738,042,449,951","ESTACION DE SERVICIO DE GNCV","GNV","2","534","371","3,937.83"
"2022 Oct 26 12:00:00 AM","2,022","10","26","15,157","BOYACA","SOGAMOSO","56,466,722,488","-728,709,564,209","ESTACION DE SERVICIO DE GNCV","GNV","1","323","244","3,084.07"
"2022 Oct 12 12:00:00 AM","2,022","10","12","15,150","BOYACA","TUNJA","55,184,726,715","-733,780,212,402","ESTACION DE SERVICIO DE GNCV","GNV","1","133","126","1,276.06"
"2022 Oct 20 12:00:00 AM","2,022","10","20","15,152","BOYACA","DUITAMA","58,906,025,887","-730,670,928,955","ESTACION DE SERVICIO DE GNCV","GNV","1","95","82","2,965.14"
"2022 Oct 28 12:00:00 AM","2,022","10","28","15,152","BOYACA","DUITAMA","58,906,025,887","-730,670,928,955","ESTACION DE SERVICIO DE GNCV","GNV","1","89","73","2,157.73"
"2022 Oct 14 12:00:00 AM","2,022","10","14","15,157","BOYACA","SOGAMOSO","56,466,722,488","-728,709,564,209","ESTACION DE SERVICIO DE GNCV","GNV","1","282","193","2,451.98"
"2022 Oct 06 12:00:00 AM","2,022","10","6","15,150","BOYACA","TUNJA","55,184,726,715","-733,780,212,402","ESTACION DE SERVICIO DE GNCV","GNV","2","281","251","2,778.96"
"2022 Oct 23 12:00:00 AM","2,022","10","23","15,151","BOYACA","CHIQUINQUIRA","56,224,880,219","-738,042,449,951","ESTACION DE SERVICIO DE GNCV","GNV","2","607","381","4,634.91"
"2022 Oct 03 12:00:00 AM","2,022","10","3","15,152","BOYACA","DUITAMA","58,906,025,887","-730,670,928,955","ESTACION DE SERVICIO DE GNCV","GNV","2","225","174","8,337.07"
"2022 Oct 07 12:00:00 AM","2,022","10","7","15,157","BOYACA","SOGAMOSO","56,466,722,488","-728,709,564,209","ESTACION DE SERVICIO DE GNCV","GNV","1","273","189","2,396.2"
"2022 Oct 27 12:00:00 AM","2,022","10","27","15,151","BOYACA","CHIQUINQUIRA","56,224,880,219","-738,042,449,951","ESTACION DE SERVICIO DE GNCV","GNV","2","623","422","5,113.83"
"2022 Oct 04 12:00:00 AM","2,022","10","4","15,150","BOYACA","TUNJA","55,184,726,715","-733,780,212,402","ESTACION DE SERVICIO DE GNCV","GNV","2","257","239","2,752.63"
"2022 Oct 25 12:00:00 AM","2,022","10","25","15,151","BOYACA","CHIQUINQUIRA","56,224,880,219","-738,042,449,951","ESTACION DE SERVICIO DE GNCV","GNV","2","668","450","5,390.36"
"2022 Oct 04 12:00:00 AM","2,022","10","4","15,151","BOYACA","CHIQUINQUIRA","56,224,880,219","-738,042,449,951","ESTACION DE SERVICIO DE GNCV","GNV","2","632","426","5,235.55"
"2022 Oct 21 12:00:00 AM","2,022","10","21","15,152","BOYACA","DUITAMA","58,906,025,887","-730,670,928,955","ESTACION DE SERVICIO DE GNCV","GNV","1","95","79","2,463.17"
"2022 Oct 15 12:00:00 AM","2,022","10","15","15,152","BOYACA","DUITAMA","58,906,025,887","-730,670,928,955","ESTACION DE SERVICIO DE GNCV","GNV","1","94","79","2,456.22"
"2022 Oct 07 12:00:00 AM","2,022","10","7","15,152","BOYACA","DUITAMA","58,906,025,887","-730,670,928,955","ESTACION DE SERVICIO DE GNCV","GNV","2","160","146","6,172.31"
"2022 Oct 29 12:00:00 AM","2,022","10","29","15,152","BOYACA","DUITAMA","58,906,025,887","-730,670,928,955","ESTACION DE SERVICIO DE GNCV","GNV","1","86","77","2,394.69"
"2022 Oct 22 12:00:00 AM","2,022","10","22","15,152","BOYACA","DUITAMA","58,906,025,887","-730,670,928,955","ESTACION DE SERVICIO DE GNCV","GNV","1","72","57","2,226.32"
"2022 Oct 11 12:00:00 AM","2,022","10","11","15,157","BOYACA","SOGAMOSO","56,466,722,488","-728,709,564,209","ESTACION DE SERVICIO DE GNCV","GNV","1","243","172","2,126.6"
"2022 Oct 20 12:00:00 AM","2,022","10","20","15,151","BOYACA","CHIQUINQUIRA","56,224,880,219","-738,042,449,951","ESTACION DE SERVICIO DE GNCV","GNV","2","523","404","4,819.45"
"2022 Oct 27 12:00:00 AM","2,022","10","27","15,150","BOYACA","TUNJA","55,184,726,715","-733,780,212,402","ESTACION DE SERVICIO DE GNCV","GNV","1","167","156","1,697.29"
"2022 Oct 02 12:00:00 AM","2,022","10","2","15,152","BOYACA","DUITAMA","58,906,025,887","-730,670,928,955","ESTACION DE SERVICIO DE GNCV","GNV","2","180","142","3,263.94"
"2022 Oct 01 12:00:00 AM","2,022","10","1","15,152","BOYACA","DUITAMA","58,906,025,887","-730,670,928,955","ESTACION DE SERVICIO DE GNCV","GNV","2","235","180","6,786.19"
"2022 Oct 08 12:00:00 AM","2,022","10","8","15,150","BOYACA","TUNJA","55,184,726,715","-733,780,212,402","ESTACION DE SERVICIO DE GNCV","GNV","1","169","159","1,740.36"
"2022 Oct 01 12:00:00 AM","2,022","10","1","15,151","BOYACA","CHIQUINQUIRA","56,224,880,219","-738,042,449,951","ESTACION DE SERVICIO DE GNCV","GNV","2","704","438","5,816.7"
"2022 Oct 13 12:00:00 AM","2,022","10","13","15,152","BOYACA","DUITAMA","58,906,025,887","-730,670,928,955","ESTACION DE SERVICIO DE GNCV","GNV","1","81","73","2,975.9"
"2022 Oct 15 12:00:00 AM","2,022","10","15","15,151","BOYACA","CHIQUINQUIRA","56,224,880,219","-738,042,449,951","ESTACION DE SERVICIO DE GNCV","GNV","2","538","391","4,142.79"
"2022 Oct 22 12:00:00 AM","2,022","10","22","15,157","BOYACA","SOGAMOSO","56,466,722,488","-728,709,564,209","ESTACION DE SERVICIO DE GNCV","GNV","1","271","174","2,131.4"
"2022 Oct 16 12:00:00 AM","2,022","10","16","15,151","BOYACA","CHIQUINQUIRA","56,224,880,219","-738,042,449,951","ESTACION DE SERVICIO DE GNCV","GNV","2","557","391","4,006.85"
"2022 Oct 31 12:00:00 AM","2,022","10","31","15,151","BOYACA","CHIQUINQUIRA","56,224,880,219","-738,042,449,951","ESTACION DE SERVICIO DE GNCV","GNV","2","661","431","5,354.6"
"2022 Oct 26 12:00:00 AM","2,022","10","26","15,152","BOYACA","DUITAMA","58,906,025,887","-730,670,928,955","ESTACION DE SERVICIO DE GNCV","GNV","1","95","74","3,624.46"
"2022 Oct 26 12:00:00 AM","2,022","10","26","15,151","BOYACA","CHIQUINQUIRA","56,224,880,219","-738,042,449,951","ESTACION DE SERVICIO DE GNCV","GNV","2","654","422","5,271.57"
"2022 Oct 06 12:00:00 AM","2,022","10","6","15,151","BOYACA","CHIQUINQUIRA","56,224,880,219","-738,042,449,951","ESTACION DE SERVICIO DE GNCV","GNV","2","645","424","5,217.15"
"2022 Oct 18 12:00:00 AM","2,022","10","18","15,152","BOYACA","DUITAMA","58,906,025,887","-730,670,928,955","ESTACION DE SERVICIO DE GNCV","GNV","1","92","80","3,050.22"
"2022 Oct 09 12:00:00 AM","2,022","10","9","15,157","BOYACA","SOGAMOSO","56,466,722,488","-728,709,564,209","ESTACION DE SERVICIO DE GNCV","GNV","1","210","140","1,687.2"
"2022 Oct 31 12:00:00 AM","2,022","10","31","15,150","BOYACA","TUNJA","55,184,726,715","-733,780,212,402","ESTACION DE SERVICIO DE GNCV","GNV","2","415","350","4,639.12"
"2022 Oct 16 12:00:00 AM","2,022","10","16","15,152","BOYACA","DUITAMA","58,906,025,887","-730,670,928,955","ESTACION DE SERVICIO DE GNCV","GNV","1","60","52","797.59"
"2022 Oct 05 12:00:00 AM","2,022","10","5","15,152","BOYACA","DUITAMA","58,906,025,887","-730,670,928,955","ESTACION DE SERVICIO DE GNCV","GNV","2","233","195","7,396.68"
"2022 Oct 03 12:00:00 AM","2,022","10","3","15,150","BOYACA","TUNJA","55,184,726,715","-733,780,212,402","ESTACION DE SERVICIO DE GNCV","GNV","2","237","213","2,638.65"
"2022 Oct 05 12:00:00 AM","2,022","10","5","15,157","BOYACA","SOGAMOSO","56,466,722,488","-728,709,564,209","ESTACION DE SERVICIO DE GNCV","GNV","1","249","175","2,210.72"
"2022 Oct 11 12:00:00 AM","2,022","10","11","15,152","BOYACA","DUITAMA","58,906,025,887","-730,670,928,955","ESTACION DE SERVICIO DE GNCV","GNV","1","83","72","3,486.82"
"2022 Oct 24 12:00:00 AM","2,022","10","24","15,152","BOYACA","DUITAMA","58,906,025,887","-730,670,928,955","ESTACION DE SERVICIO DE GNCV","GNV","1","87","78","2,759.81"
"2022 Oct 13 12:00:00 AM","2,022","10","13","15,150","BOYACA","TUNJA","55,184,726,715","-733,780,212,402","ESTACION DE SERVICIO DE GNCV","GNV","1","175","158","1,776.89"
"2022 Oct 27 12:00:00 AM","2,022","10","27","15,157","BOYACA","SOGAMOSO","56,466,722,488","-728,709,564,209","ESTACION DE SERVICIO DE GNCV","GNV","1","352","248","3,128.46"
"2022 Oct 27 12:00:00 AM","2,022","10","27","15,152","BOYACA","DUITAMA","58,906,025,887","-730,670,928,955","ESTACION DE SERVICIO DE GNCV","GNV","1","94","81","2.186"
"2022 Oct 28 12:00:00 AM","2,022","10","28","15,151","BOYACA","CHIQUINQUIRA","56,224,880,219","-738,042,449,951","ESTACION DE SERVICIO DE GNCV","GNV","2","716","454","5,970.19"
"2022 Oct 01 12:00:00 AM","2,022","10","1","15,150","BOYACA","TUNJA","55,184,726,715","-733,780,212,402","ESTACION DE SERVICIO DE GNCV","GNV","2","322","291","3,515.1"
"2022 Oct 12 12:00:00 AM","2,022","10","12","15,152","BOYACA","DUITAMA","58,906,025,887","-730,670,928,955","ESTACION DE SERVICIO DE GNCV","GNV","1","94","81","2,792.73"
"2022 Oct 16 12:00:00 AM","2,022","10","16","15,150","BOYACA","TUNJA","55,184,726,715","-733,780,212,402","ESTACION DE SERVICIO DE GNCV","GNV","1","110","106","965"
"2022 Oct 22 12:00:00 AM","2,022","10","22","15,150","BOYACA","TUNJA","55,184,726,715","-733,780,212,402","ESTACION DE SERVICIO DE GNCV","GNV","1","188","175","1,874.06"
"2022 Oct 29 12:00:00 AM","2,022","10","29","15,157","BOYACA","SOGAMOSO","56,466,722,488","-728,709,564,209","ESTACION DE SERVICIO DE GNCV","GNV","1","399","253","3,208.22"
"2022 Oct 07 12:00:00 AM","2,022","10","7","15,150","BOYACA","TUNJA","55,184,726,715","-733,780,212,402","ESTACION DE SERVICIO DE GNCV","GNV","2","247","237","2,827.98"
"2022 Oct 15 12:00:00 AM","2,022","10","15","15,157","BOYACA","SOGAMOSO","56,466,722,488","-728,709,564,209","ESTACION DE SERVICIO DE GNCV","GNV","1","315","200","2,401.29"
"2022 Oct 03 12:00:00 AM","2,022","10","3","15,157","BOYACA","SOGAMOSO","56,466,722,488","-728,709,564,209","ESTACION DE SERVICIO DE GNCV","GNV","1","273","192","2,349.9"
"2022 Oct 30 12:00:00 AM","2,022","10","30","15,157","BOYACA","SOGAMOSO","56,466,722,488","-728,709,564,209","ESTACION DE SERVICIO DE GNCV","GNV","1","306","194","2,470.49"
"2022 Oct 19 12:00:00 AM","2,022","10","19","15,152","BOYACA","DUITAMA","58,906,025,887","-730,670,928,955","ESTACION DE SERVICIO DE GNCV","GNV","1","81","68","2,543.41"
"2022 Sep 06 12:00:00 AM","2,022","9","6","15,150","BOYACA","TUNJA","55,184,726,715","-733,780,212,402","ESTACION DE SERVICIO DE GNCV","GNV","2","282","252","2,911.13"
"2022 Sep 05 12:00:00 AM","2,022","9","5","15,150","BOYACA","TUNJA","55,184,726,715","-733,780,212,402","ESTACION DE SERVICIO DE GNCV","GNV","2","269","249","2,894.93"
"2022 Sep 09 12:00:00 AM","2,022","9","9","15,157","BOYACA","SOGAMOSO","56,466,722,488","-728,709,564,209","ESTACION DE SERVICIO DE GNCV","GNV","1","244","172","2,111.11"
"2022 Sep 30 12:00:00 AM","2,022","9","30","15,157","BOYACA","SOGAMOSO","56,466,722,488","-728,709,564,209","ESTACION DE SERVICIO DE GNCV","GNV","1","280","192","2,410.28"
"2022 Sep 06 12:00:00 AM","2,022","9","6","15,157","BOYACA","SOGAMOSO","56,466,722,488","-728,709,564,209","ESTACION DE SERVICIO DE GNCV","GNV","1","279","191","2,458.28"
"2022 Sep 10 12:00:00 AM","2,022","9","10","15,150","BOYACA","TUNJA","55,184,726,715","-733,780,212,402","ESTACION DE SERVICIO DE GNCV","GNV","2","309","268","3,310.03"
"2022 Sep 21 12:00:00 AM","2,022","9","21","15,152","BOYACA","DUITAMA","58,906,025,887","-730,670,928,955","ESTACION DE SERVICIO DE GNCV","GNV","2","221","180","7,663.66"
"2022 Sep 16 12:00:00 AM","2,022","9","16","15,150","BOYACA","TUNJA","55,184,726,715","-733,780,212,402","ESTACION DE SERVICIO DE GNCV","GNV","2","312","281","3,504.32"
"2022 Sep 28 12:00:00 AM","2,022","9","28","15,150","BOYACA","TUNJA","55,184,726,715","-733,780,212,402","ESTACION DE SERVICIO DE GNCV","GNV","2","281","251","3,117.14"
"2022 Sep 24 12:00:00 AM","2,022","9","24","15,152","BOYACA","DUITAMA","58,906,025,887","-730,670,928,955","ESTACION DE SERVICIO DE GNCV","GNV","2","228","165","8,302.5"
"2022 Sep 15 12:00:00 AM","2,022","9","15","15,151","BOYACA","CHIQUINQUIRA","56,224,880,219","-738,042,449,951","ESTACION DE SERVICIO DE GNCV","GNV","2","605","396","4,988.32"
"2022 Sep 11 12:00:00 AM","2,022","9","11","15,150","BOYACA","TUNJA","55,184,726,715","-733,780,212,402","ESTACION DE SERVICIO DE GNCV","GNV","2","225","210","2,161.37"
"2022 Sep 13 12:00:00 AM","2,022","9","13","15,151","BOYACA","CHIQUINQUIRA","56,224,880,219","-738,042,449,951","ESTACION DE SERVICIO DE GNCV","GNV","2","660","422","5,365.43"
"2022 Sep 14 12:00:00 AM","2,022","9","14","15,150","BOYACA","TUNJA","55,184,726,715","-733,780,212,402","ESTACION DE SERVICIO DE GNCV","GNV","2","268","243","2,864.04"
"2022 Sep 01 12:00:00 AM","2,022","9","1","15,150","BOYACA","TUNJA","55,184,726,715","-733,780,212,402","ESTACION DE SERVICIO DE GNCV","GNV","2","264","236","2,513.45"
"2022 Sep 02 12:00:00 AM","2,022","9","2","15,152","BOYACA","DUITAMA","58,906,025,887","-730,670,928,955","ESTACION DE SERVICIO DE GNCV","GNV","2","263","213","9,933.28"
"2022 Sep 05 12:00:00 AM","2,022","9","5","15,157","BOYACA","SOGAMOSO","56,466,722,488","-728,709,564,209","ESTACION DE SERVICIO DE GNCV","GNV","1","260","195","2,350.47"
"2022 Sep 22 12:00:00 AM","2,022","9","22","15,150","BOYACA","TUNJA","55,184,726,715","-733,780,212,402","ESTACION DE SERVICIO DE GNCV","GNV","2","251","229","2,720.74"
"2022 Sep 16 12:00:00 AM","2,022","9","16","15,157","BOYACA","SOGAMOSO","56,466,722,488","-728,709,564,209","ESTACION DE SERVICIO DE GNCV","GNV","1","268","181","2,414.2"
"2022 Sep 27 12:00:00 AM","2,022","9","27","15,157","BOYACA","SOGAMOSO","56,466,722,488","-728,709,564,209","ESTACION DE SERVICIO DE GNCV","GNV","1","258","185","2,341.28"
"2022 Sep 19 12:00:00 AM","2,022","9","19","15,157","BOYACA","SOGAMOSO","56,466,722,488","-728,709,564,209","ESTACION DE SERVICIO DE GNCV","GNV","1","243","183","2,259.77"
"2022 Sep 19 12:00:00 AM","2,022","9","19","15,150","BOYACA","TUNJA","55,184,726,715","-733,780,212,402","ESTACION DE SERVICIO DE GNCV","GNV","2","255","240","2,960.41"
"2022 Sep 07 12:00:00 AM","2,022","9","7","15,150","BOYACA","TUNJA","55,184,726,715","-733,780,212,402","ESTACION DE SERVICIO DE GNCV","GNV","2","258","238","2,716.07"
"2022 Sep 26 12:00:00 AM","2,022","9","26","15,150","BOYACA","TUNJA","55,184,726,715","-733,780,212,402","ESTACION DE SERVICIO DE GNCV","GNV","2","244","222","2,518.6"
"2022 Sep 20 12:00:00 AM","2,022","9","20","15,150","BOYACA","TUNJA","55,184,726,715","-733,780,212,402","ESTACION DE SERVICIO DE GNCV","GNV","2","249","227","2,782.45"
"2022 Sep 25 12:00:00 AM","2,022","9","25","15,157","BOYACA","SOGAMOSO","56,466,722,488","-728,709,564,209","ESTACION DE SERVICIO DE GNCV","GNV","1","218","148","1,723.9"
"2022 Sep 05 12:00:00 AM","2,022","9","5","15,152","BOYACA","DUITAMA","58,906,025,887","-730,670,928,955","ESTACION DE SERVICIO DE GNCV","GNV","2","233","190","10,267.61"
"2022 Sep 17 12:00:00 AM","2,022","9","17","15,151","BOYACA","CHIQUINQUIRA","56,224,880,219","-738,042,449,951","ESTACION DE SERVICIO DE GNCV","GNV","2","695","440","5,654.43"
"2022 Sep 22 12:00:00 AM","2,022","9","22","15,151","BOYACA","CHIQUINQUIRA","56,224,880,219","-738,042,449,951","ESTACION DE SERVICIO DE GNCV","GNV","2","654","425","5,257.65"
"2022 Sep 23 12:00:00 AM","2,022","9","23","15,152","BOYACA","DUITAMA","58,906,025,887","-730,670,928,955","ESTACION DE SERVICIO DE GNCV","GNV","2","243","186","10,541.05"
"2022 Sep 11 12:00:00 AM","2,022","9","11","15,157","BOYACA","SOGAMOSO","56,466,722,488","-728,709,564,209","ESTACION DE SERVICIO DE GNCV","GNV","1","240","144","1,922.61"
"2022 Sep 12 12:00:00 AM","2,022","9","12","15,152","BOYACA","DUITAMA","58,906,025,887","-730,670,928,955","ESTACION DE SERVICIO DE GNCV","GNV","2","218","173","8,716.2"
"2022 Sep 27 12:00:00 AM","2,022","9","27","15,150","BOYACA","TUNJA","55,184,726,715","-733,780,212,402","ESTACION DE SERVICIO DE GNCV","GNV","2","256","243","2,637.09"
"2022 Sep 25 12:00:00 AM","2,022","9","25","15,150","BOYACA","TUNJA","55,184,726,715","-733,780,212,402","ESTACION DE SERVICIO DE GNCV","GNV","2","251","220","2,259.2"
"2022 Sep 07 12:00:00 AM","2,022","9","7","15,157","BOYACA","SOGAMOSO","56,466,722,488","-728,709,564,209","ESTACION DE SERVICIO DE GNCV","GNV","1","229","167","1,903.73"
"2022 Sep 20 12:00:00 AM","2,022","9","20","15,157","BOYACA","SOGAMOSO","56,466,722,488","-728,709,564,209","ESTACION DE SERVICIO DE GNCV","GNV","1","242","176","2,074.26"
"2022 Sep 23 12:00:00 AM","2,022","9","23","15,157","BOYACA","SOGAMOSO","56,466,722,488","-728,709,564,209","ESTACION DE SERVICIO DE GNCV","GNV","1","255","169","2,061.14"
"2022 Sep 27 12:00:00 AM","2,022","9","27","15,151","BOYACA","CHIQUINQUIRA","56,224,880,219","-738,042,449,951","ESTACION DE SERVICIO DE GNCV","GNV","2","629","402","5,023.44"
"2022 Sep 24 12:00:00 AM","2,022","9","24","15,157","BOYACA","SOGAMOSO","56,466,722,488","-728,709,564,209","ESTACION DE SERVICIO DE GNCV","GNV","1","273","180","2,285.92"
"2022 Sep 29 12:00:00 AM","2,022","9","29","15,152","BOYACA","DUITAMA","58,906,025,887","-730,670,928,955","ESTACION DE SERVICIO DE GNCV","GNV","2","216","174","9,493.8"
"2022 Sep 13 12:00:00 AM","2,022","9","13","15,157","BOYACA","SOGAMOSO","56,466,722,488","-728,709,564,209","ESTACION DE SERVICIO DE GNCV","GNV","1","257","182","2,110.69"
"2022 Sep 04 12:00:00 AM","2,022","9","4","15,157","BOYACA","SOGAMOSO","56,466,722,488","-728,709,564,209","ESTACION DE SERVICIO DE GNCV","GNV","1","259","160","2,052.61"
"2022 Sep 26 12:00:00 AM","2,022","9","26","15,151","BOYACA","CHIQUINQUIRA","56,224,880,219","-738,042,449,951","ESTACION DE SERVICIO DE GNCV","GNV","2","620","422","5,135.75"
"2022 Sep 18 12:00:00 AM","2,022","9","18","15,157","BOYACA","SOGAMOSO","56,466,722,488","-728,709,564,209","ESTACION DE SERVICIO DE GNCV","GNV","1","252","157","2,038.83"
"2022 Sep 27 12:00:00 AM","2,022","9","27","15,152","BOYACA","DUITAMA","58,906,025,887","-730,670,928,955","ESTACION DE SERVICIO DE GNCV","GNV","2","219","172","9.864"
"2022 Sep 16 12:00:00 AM","2,022","9","16","15,151","BOYACA","CHIQUINQUIRA","56,224,880,219","-738,042,449,951","ESTACION DE SERVICIO DE GNCV","GNV","2","717","415","5,544.01"
"2022 Sep 08 12:00:00 AM","2,022","9","8","15,150","BOYACA","TUNJA","55,184,726,715","-733,780,212,402","ESTACION DE SERVICIO DE GNCV","GNV","2","288","260","2,966.09"
"2022 Sep 24 12:00:00 AM","2,022","9","24","15,151","BOYACA","CHIQUINQUIRA","56,224,880,219","-738,042,449,951","ESTACION DE SERVICIO DE GNCV","GNV","2","648","425","5,516.92"
"2022 Sep 13 12:00:00 AM","2,022","9","13","15,152","BOYACA","DUITAMA","58,906,025,887","-730,670,928,955","ESTACION DE SERVICIO DE GNCV","GNV","2","223","178","9,118.37"
"2022 Sep 23 12:00:00 AM","2,022","9","23","15,150","BOYACA","TUNJA","55,184,726,715","-733,780,212,402","ESTACION DE SERVICIO DE GNCV","GNV","2","311","276","3,185.08"
"2022 Sep 22 12:00:00 AM","2,022","9","22","15,157","BOYACA","SOGAMOSO","56,466,722,488","-728,709,564,209","ESTACION DE SERVICIO DE GNCV","GNV","1","290","213","2,593.02"
"2022 Sep 19 12:00:00 AM","2,022","9","19","15,151","BOYACA","CHIQUINQUIRA","56,224,880,219","-738,042,449,951","ESTACION DE SERVICIO DE GNCV","GNV","2","661","426","5,446.68"
"2022 Sep 09 12:00:00 AM","2,022","9","9","15,151","BOYACA","CHIQUINQUIRA","56,224,880,219","-738,042,449,951","ESTACION DE SERVICIO DE GNCV","GNV","2","694","439","5,694.78"
"2022 Sep 29 12:00:00 AM","2,022","9","29","15,150","BOYACA","TUNJA","55,184,726,715","-733,780,212,402","ESTACION DE SERVICIO DE GNCV","GNV","2","279","252","2,868.11"
"2022 Sep 04 12:00:00 AM","2,022","9","4","15,151","BOYACA","CHIQUINQUIRA","56,224,880,219","-738,042,449,951","ESTACION DE SERVICIO DE GNCV","GNV","2","617","379","4,600.82"
"2022 Sep 30 12:00:00 AM","2,022","9","30","15,151","BOYACA","CHIQUINQUIRA","56,224,880,219","-738,042,449,951","ESTACION DE SERVICIO DE GNCV","GNV","2","703","436","5,751.56"
"2022 Sep 10 12:00:00 AM","2,022","9","10","15,157","BOYACA","SOGAMOSO","56,466,722,488","-728,709,564,209","ESTACION DE SERVICIO DE GNCV","GNV","1","285","179","2,390.88"
"2022 Sep 03 12:00:00 AM","2,022","9","3","15,151","BOYACA","CHIQUINQUIRA","56,224,880,219","-738,042,449,951","ESTACION DE SERVICIO DE GNCV","GNV","2","684","436","5,606.3"
"2022 Sep 08 12:00:00 AM","2,022","9","8","15,157","BOYACA","SOGAMOSO","56,466,722,488","-728,709,564,209","ESTACION DE SERVICIO DE GNCV","GNV","1","221","166","1,938.85"
"2022 Sep 15 12:00:00 AM","2,022","9","15","15,157","BOYACA","SOGAMOSO","56,466,722,488","-728,709,564,209","ESTACION DE SERVICIO DE GNCV","GNV","1","227","162","1,910.44"
"2022 Sep 25 12:00:00 AM","2,022","9","25","15,152","BOYACA","DUITAMA","58,906,025,887","-730,670,928,955","ESTACION DE SERVICIO DE GNCV","GNV","2","173","136","4,750.99"
"2022 Sep 05 12:00:00 AM","2,022","9","5","15,151","BOYACA","CHIQUINQUIRA","56,224,880,219","-738,042,449,951","ESTACION DE SERVICIO DE GNCV","GNV","2","663","438","5,596.67"
"2022 Sep 03 12:00:00 AM","2,022","9","3","15,157","BOYACA","SOGAMOSO","56,466,722,488","-728,709,564,209","ESTACION DE SERVICIO DE GNCV","GNV","1","272","177","2,248.21"
"2022 Sep 28 12:00:00 AM","2,022","9","28","15,151","BOYACA","CHIQUINQUIRA","56,224,880,219","-738,042,449,951","ESTACION DE SERVICIO DE GNCV","GNV","2","624","412","5,096.08"
"2022 Sep 25 12:00:00 AM","2,022","9","25","15,151","BOYACA","CHIQUINQUIRA","56,224,880,219","-738,042,449,951","ESTACION DE SERVICIO DE GNCV","GNV","2","561","359","4,247.5"
"2022 Sep 26 12:00:00 AM","2,022","9","26","15,157","BOYACA","SOGAMOSO","56,466,722,488","-728,709,564,209","ESTACION DE SERVICIO DE GNCV","GNV","1","235","176","2,059.06"
"2022 Sep 03 12:00:00 AM","2,022","9","3","15,150","BOYACA","TUNJA","55,184,726,715","-733,780,212,402","ESTACION DE SERVICIO DE GNCV","GNV","2","319","293","3,208.33"
"2022 Sep 06 12:00:00 AM","2,022","9","6","15,152","BOYACA","DUITAMA","58,906,025,887","-730,670,928,955","ESTACION DE SERVICIO DE GNCV","GNV","2","246","193","8,543.68"
"2022 Sep 12 12:00:00 AM","2,022","9","12","15,150","BOYACA","TUNJA","55,184,726,715","-733,780,212,402","ESTACION DE SERVICIO DE GNCV","GNV","2","276","259","2,771.13"
"2022 Sep 08 12:00:00 AM","2,022","9","8","15,152","BOYACA","DUITAMA","58,906,025,887","-730,670,928,955","ESTACION DE SERVICIO DE GNCV","GNV","2","248","195","9,332.7"
"2022 Sep 14 12:00:00 AM","2,022","9","14","15,157","BOYACA","SOGAMOSO","56,466,722,488","-728,709,564,209","ESTACION DE SERVICIO DE GNCV","GNV","1","238","169","2,145.68"
"2022 Sep 28 12:00:00 AM","2,022","9","28","15,152","BOYACA","DUITAMA","58,906,025,887","-730,670,928,955","ESTACION DE SERVICIO DE GNCV","GNV","2","233","190","8,630.3"
"2022 Sep 14 12:00:00 AM","2,022","9","14","15,151","BOYACA","CHIQUINQUIRA","56,224,880,219","-738,042,449,951","ESTACION DE SERVICIO DE GNCV","GNV","2","612","396","4,969.14"
"2022 Sep 01 12:00:00 AM","2,022","9","1","15,157","BOYACA","SOGAMOSO","56,466,722,488","-728,709,564,209","ESTACION DE SERVICIO DE GNCV","GNV","1","245","171","2,197.99"
"2022 Sep 14 12:00:00 AM","2,022","9","14","15,152","BOYACA","DUITAMA","58,906,025,887","-730,670,928,955","ESTACION DE SERVICIO DE GNCV","GNV","2","249","198","9,469.21"
"2022 Sep 30 12:00:00 AM","2,022","9","30","15,150","BOYACA","TUNJA","55,184,726,715","-733,780,212,402","ESTACION DE SERVICIO DE GNCV","GNV","2","335","301","3,628.47"
"2022 Sep 10 12:00:00 AM","2,022","9","10","15,152","BOYACA","DUITAMA","58,906,025,887","-730,670,928,955","ESTACION DE SERVICIO DE GNCV","GNV","2","232","178","8,074.47"
"2022 Sep 18 12:00:00 AM","2,022","9","18","15,151","BOYACA","CHIQUINQUIRA","56,224,880,219","-738,042,449,951","ESTACION DE SERVICIO DE GNCV","GNV","2","584","349","4,519.54"
"2022 Sep 29 12:00:00 AM","2,022","9","29","15,151","BOYACA","CHIQUINQUIRA","56,224,880,219","-738,042,449,951","ESTACION DE SERVICIO DE GNCV","GNV","2","656","433","5.128"
"2022 Sep 02 12:00:00 AM","2,022","9","2","15,150","BOYACA","TUNJA","55,184,726,715","-733,780,212,402","ESTACION DE SERVICIO DE GNCV","GNV","2","313","282","3,316.77"
"2022 Sep 21 12:00:00 AM","2,022","9","21","15,150","BOYACA","TUNJA","55,184,726,715","-733,780,212,402","ESTACION DE SERVICIO DE GNCV","GNV","2","282","259","2,991.92"
"2022 Sep 22 12:00:00 AM","2,022","9","22","15,152","BOYACA","DUITAMA","58,906,025,887","-730,670,928,955","ESTACION DE SERVICIO DE GNCV","GNV","2","222","173","7,721.44"
"2022 Sep 15 12:00:00 AM","2,022","9","15","15,150","BOYACA","TUNJA","55,184,726,715","-733,780,212,402","ESTACION DE SERVICIO DE GNCV","GNV","2","277","256","2,634.98"
"2022 Sep 24 12:00:00 AM","2,022","9","24","15,150","BOYACA","TUNJA","55,184,726,715","-733,780,212,402","ESTACION DE SERVICIO DE GNCV","GNV","2","310","275","3,072.37"
"2022 Sep 16 12:00:00 AM","2,022","9","16","15,152","BOYACA","DUITAMA","58,906,025,887","-730,670,928,955","ESTACION DE SERVICIO DE GNCV","GNV","2","252","201","9,944.3"
"2022 Sep 04 12:00:00 AM","2,022","9","4","15,152","BOYACA","DUITAMA","58,906,025,887","-730,670,928,955","ESTACION DE SERVICIO DE GNCV","GNV","2","169","129","2,363.22"
"2022 Sep 04 12:00:00 AM","2,022","9","4","15,150","BOYACA","TUNJA","55,184,726,715","-733,780,212,402","ESTACION DE SERVICIO DE GNCV","GNV","2","250","232","2,594.89"
"2022 Sep 08 12:00:00 AM","2,022","9","8","15,151","BOYACA","CHIQUINQUIRA","56,224,880,219","-738,042,449,951","ESTACION DE SERVICIO DE GNCV","GNV","2","641","424","5,201.86"
"2022 Sep 21 12:00:00 AM","2,022","9","21","15,151","BOYACA","CHIQUINQUIRA","56,224,880,219","-738,042,449,951","ESTACION DE SERVICIO DE GNCV","GNV","2","635","413","5,098.78"
"2022 Sep 21 12:00:00 AM","2,022","9","21","15,157","BOYACA","SOGAMOSO","56,466,722,488","-728,709,564,209","ESTACION DE SERVICIO DE GNCV","GNV","1","251","181","2,155.68"
"2022 Sep 20 12:00:00 AM","2,022","9","20","15,151","BOYACA","CHIQUINQUIRA","56,224,880,219","-738,042,449,951","ESTACION DE SERVICIO DE GNCV","GNV","2","640","412","5,007.72"
"2022 Sep 17 12:00:00 AM","2,022","9","17","15,150","BOYACA","TUNJA","55,184,726,715","-733,780,212,402","ESTACION DE SERVICIO DE GNCV","GNV","2","263","238","2,488.1"
"2022 Sep 17 12:00:00 AM","2,022","9","17","15,152","BOYACA","DUITAMA","58,906,025,887","-730,670,928,955","ESTACION DE SERVICIO DE GNCV","GNV","2","226","176","6,543.3"
"2022 Sep 12 12:00:00 AM","2,022","9","12","15,151","BOYACA","CHIQUINQUIRA","56,224,880,219","-738,042,449,951","ESTACION DE SERVICIO DE GNCV","GNV","2","667","428","5,662.27"
"2022 Sep 18 12:00:00 AM","2,022","9","18","15,150","BOYACA","TUNJA","55,184,726,715","-733,780,212,402","ESTACION DE SERVICIO DE GNCV","GNV","2","237","224","2,308.92"
"2022 Sep 06 12:00:00 AM","2,022","9","6","15,151","BOYACA","CHIQUINQUIRA","56,224,880,219","-738,042,449,951","ESTACION DE SERVICIO DE GNCV","GNV","2","627","414","4,993.35"
"2022 Sep 11 12:00:00 AM","2,022","9","11","15,152","BOYACA","DUITAMA","58,906,025,887","-730,670,928,955","ESTACION DE SERVICIO DE GNCV","GNV","2","172","133","3,988.69"
"2022 Sep 07 12:00:00 AM","2,022","9","7","15,152","BOYACA","DUITAMA","58,906,025,887","-730,670,928,955","ESTACION DE SERVICIO DE GNCV","GNV","2","230","188","7,873.72"
"2022 Sep 10 12:00:00 AM","2,022","9","10","15,151","BOYACA","CHIQUINQUIRA","56,224,880,219","-738,042,449,951","ESTACION DE SERVICIO DE GNCV","GNV","2","702","441","5,583.17"
"2022 Sep 28 12:00:00 AM","2,022","9","28","15,157","BOYACA","SOGAMOSO","56,466,722,488","-728,709,564,209","ESTACION DE SERVICIO DE GNCV","GNV","1","240","176","2,109.9"
"2022 Sep 29 12:00:00 AM","2,022","9","29","15,157","BOYACA","SOGAMOSO","56,466,722,488","-728,709,564,209","ESTACION DE SERVICIO DE GNCV","GNV","1","259","180","2,513.53"
"2022 Sep 07 12:00:00 AM","2,022","9","7","15,151","BOYACA","CHIQUINQUIRA","56,224,880,219","-738,042,449,951","ESTACION DE SERVICIO DE GNCV","GNV","2","640","413","5,135.77"
"2022 Sep 03 12:00:00 AM","2,022","9","3","15,152","BOYACA","DUITAMA","58,906,025,887","-730,670,928,955","ESTACION DE SERVICIO DE GNCV","GNV","2","217","167","6,972.91"
"2022 Sep 19 12:00:00 AM","2,022","9","19","15,152","BOYACA","DUITAMA","58,906,025,887","-730,670,928,955","ESTACION DE SERVICIO DE GNCV","GNV","2","231","183","8,853.71"
"2022 Sep 02 12:00:00 AM","2,022","9","2","15,151","BOYACA","CHIQUINQUIRA","56,224,880,219","-738,042,449,951","ESTACION DE SERVICIO DE GNCV","GNV","2","648","422","5,362.21"
"2022 Sep 09 12:00:00 AM","2,022","9","9","15,152","BOYACA","DUITAMA","58,906,025,887","-730,670,928,955","ESTACION DE SERVICIO DE GNCV","GNV","2","262","199","8,895.1"
"2022 Sep 01 12:00:00 AM","2,022","9","1","15,152","BOYACA","DUITAMA","58,906,025,887","-730,670,928,955","ESTACION DE SERVICIO DE GNCV","GNV","2","211","167","8,942.25"
"2022 Sep 20 12:00:00 AM","2,022","9","20","15,152","BOYACA","DUITAMA","58,906,025,887","-730,670,928,955","ESTACION DE SERVICIO DE GNCV","GNV","2","238","197","9,736.06"
"2022 Sep 26 12:00:00 AM","2,022","9","26","15,152","BOYACA","DUITAMA","58,906,025,887","-730,670,928,955","ESTACION DE SERVICIO DE GNCV","GNV","2","222","183","9,111.48"
"2022 Sep 13 12:00:00 AM","2,022","9","13","15,150","BOYACA","TUNJA","55,184,726,715","-733,780,212,402","ESTACION DE SERVICIO DE GNCV","GNV","2","288","264","2,876.51"
"2022 Sep 23 12:00:00 AM","2,022","9","23","15,151","BOYACA","CHIQUINQUIRA","56,224,880,219","-738,042,449,951","ESTACION DE SERVICIO DE GNCV","GNV","2","666","432","5,525.4"
"2022 Sep 15 12:00:00 AM","2,022","9","15","15,152","BOYACA","DUITAMA","58,906,025,887","-730,670,928,955","ESTACION DE SERVICIO DE GNCV","GNV","2","270","221","10,310.03"
"2022 Sep 18 12:00:00 AM","2,022","9","18","15,152","BOYACA","DUITAMA","58,906,025,887","-730,670,928,955","ESTACION DE SERVICIO DE GNCV","GNV","2","175","136","5,512.02"
"2022 Sep 09 12:00:00 AM","2,022","9","9","15,150","BOYACA","TUNJA","55,184,726,715","-733,780,212,402","ESTACION DE SERVICIO DE GNCV","GNV","2","281","254","2,828.54"
"2022 Sep 11 12:00:00 AM","2,022","9","11","15,151","BOYACA","CHIQUINQUIRA","56,224,880,219","-738,042,449,951","ESTACION DE SERVICIO DE GNCV","GNV","2","593","367","4,475.58"
"2022 Sep 02 12:00:00 AM","2,022","9","2","15,157","BOYACA","SOGAMOSO","56,466,722,488","-728,709,564,209","ESTACION DE SERVICIO DE GNCV","GNV","1","263","191","2,200.63"
"2022 Sep 12 12:00:00 AM","2,022","9","12","15,157","BOYACA","SOGAMOSO","56,466,722,488","-728,709,564,209","ESTACION DE SERVICIO DE GNCV","GNV","1","254","166","2,055.73"
"2022 Sep 17 12:00:00 AM","2,022","9","17","15,157","BOYACA","SOGAMOSO","56,466,722,488","-728,709,564,209","ESTACION DE SERVICIO DE GNCV","GNV","1","294","190","2,461.6"
"2022 Sep 01 12:00:00 AM","2,022","9","1","15,151","BOYACA","CHIQUINQUIRA","56,224,880,219","-738,042,449,951","ESTACION DE SERVICIO DE GNCV","GNV","2","649","402","5,238.53"
"2022 Sep 30 12:00:00 AM","2,022","9","30","15,152","BOYACA","DUITAMA","58,906,025,887","-730,670,928,955","ESTACION DE SERVICIO DE GNCV","GNV","2","207","157","7,096.93"
"2022 Aug 01 12:00:00 AM","2,022","8","1","15,150","BOYACA","TUNJA","55,184,726,715","-733,780,212,402","ESTACION DE SERVICIO DE GNCV","GNV","2","251","226","2,585.32"
"2022 Aug 24 12:00:00 AM","2,022","8","24","15,152","BOYACA","DUITAMA","58,906,025,887","-730,670,928,955","ESTACION DE SERVICIO DE GNCV","GNV","2","223","174","7,247.36"
"2022 Aug 20 12:00:00 AM","2,022","8","20","15,151","BOYACA","CHIQUINQUIRA","56,224,880,219","-738,042,449,951","ESTACION DE SERVICIO DE GNCV","GNV","2","698","442","5,585.73"
"2022 Aug 06 12:00:00 AM","2,022","8","6","15,157","BOYACA","SOGAMOSO","56,466,722,488","-728,709,564,209","ESTACION DE SERVICIO DE GNCV","GNV","1","295","190","2,455.03"
"2022 Aug 24 12:00:00 AM","2,022","8","24","15,157","BOYACA","SOGAMOSO","56,466,722,488","-728,709,564,209","ESTACION DE SERVICIO DE GNCV","GNV","1","265","201","2,262.64"
"2022 Aug 18 12:00:00 AM","2,022","8","18","15,152","BOYACA","DUITAMA","58,906,025,887","-730,670,928,955","ESTACION DE SERVICIO DE GNCV","GNV","2","237","193","9,371.81"
"2022 Aug 13 12:00:00 AM","2,022","8","13","15,151","BOYACA","CHIQUINQUIRA","56,224,880,219","-738,042,449,951","ESTACION DE SERVICIO DE GNCV","GNV","2","733","444","5,843.21"
"2022 Aug 06 12:00:00 AM","2,022","8","6","15,151","BOYACA","CHIQUINQUIRA","56,224,880,219","-738,042,449,951","ESTACION DE SERVICIO DE GNCV","GNV","2","659","406","5,263.58"
"2022 Aug 17 12:00:00 AM","2,022","8","17","15,150","BOYACA","TUNJA","55,184,726,715","-733,780,212,402","ESTACION DE SERVICIO DE GNCV","GNV","2","251","221","2,593.59"
"2022 Aug 03 12:00:00 AM","2,022","8","3","15,151","BOYACA","CHIQUINQUIRA","56,224,880,219","-738,042,449,951","ESTACION DE SERVICIO DE GNCV","GNV","2","629","415","5,236.49"
"2022 Aug 16 12:00:00 AM","2,022","8","16","15,152","BOYACA","DUITAMA","58,906,025,887","-730,670,928,955","ESTACION DE SERVICIO DE GNCV","GNV","2","221","176","7,045.23"
"2022 Aug 14 12:00:00 AM","2,022","8","14","15,150","BOYACA","TUNJA","55,184,726,715","-733,780,212,402","ESTACION DE SERVICIO DE GNCV","GNV","2","277","253","2,850.12"
"2022 Aug 23 12:00:00 AM","2,022","8","23","15,157","BOYACA","SOGAMOSO","56,466,722,488","-728,709,564,209","ESTACION DE SERVICIO DE GNCV","GNV","1","269","192","2,306.13"
"2022 Aug 08 12:00:00 AM","2,022","8","8","15,151","BOYACA","CHIQUINQUIRA","56,224,880,219","-738,042,449,951","ESTACION DE SERVICIO DE GNCV","GNV","2","627","406","5,152.12"
"2022 Aug 17 12:00:00 AM","2,022","8","17","15,157","BOYACA","SOGAMOSO","56,466,722,488","-728,709,564,209","ESTACION DE SERVICIO DE GNCV","GNV","1","273","192","2,437.34"
"2022 Aug 23 12:00:00 AM","2,022","8","23","15,152","BOYACA","DUITAMA","58,906,025,887","-730,670,928,955","ESTACION DE SERVICIO DE GNCV","GNV","2","206","170","9,259.34"
"2022 Aug 21 12:00:00 AM","2,022","8","21","15,150","BOYACA","TUNJA","55,184,726,715","-733,780,212,402","ESTACION DE SERVICIO DE GNCV","GNV","2","226","198","2,275.54"
"2022 Aug 09 12:00:00 AM","2,022","8","9","15,151","BOYACA","CHIQUINQUIRA","56,224,880,219","-738,042,449,951","ESTACION DE SERVICIO DE GNCV","GNV","2","640","419","5,464.59"
"2022 Aug 24 12:00:00 AM","2,022","8","24","15,151","BOYACA","CHIQUINQUIRA","56,224,880,219","-738,042,449,951","ESTACION DE SERVICIO DE GNCV","GNV","2","646","420","5,495.48"
"2022 Aug 09 12:00:00 AM","2,022","8","9","15,157","BOYACA","SOGAMOSO","56,466,722,488","-728,709,564,209","ESTACION DE SERVICIO DE GNCV","GNV","1","259","192","2,441.89"
"2022 Aug 25 12:00:00 AM","2,022","8","25","15,157","BOYACA","SOGAMOSO","56,466,722,488","-728,709,564,209","ESTACION DE SERVICIO DE GNCV","GNV","1","240","179","2,119.13"
"2022 Aug 15 12:00:00 AM","2,022","8","15","15,157","BOYACA","SOGAMOSO","56,466,722,488","-728,709,564,209","ESTACION DE SERVICIO DE GNCV","GNV","1","210","156","1,792.77"
"2022 Aug 08 12:00:00 AM","2,022","8","8","15,150","BOYACA","TUNJA","55,184,726,715","-733,780,212,402","ESTACION DE SERVICIO DE GNCV","GNV","2","259","227","2,660.69"
"2022 Aug 27 12:00:00 AM","2,022","8","27","15,150","BOYACA","TUNJA","55,184,726,715","-733,780,212,402","ESTACION DE SERVICIO DE GNCV","GNV","2","296","264","3,142.52"
"2022 Aug 28 12:00:00 AM","2,022","8","28","15,151","BOYACA","CHIQUINQUIRA","56,224,880,219","-738,042,449,951","ESTACION DE SERVICIO DE GNCV","GNV","2","567","362","4,464.94"
"2022 Aug 20 12:00:00 AM","2,022","8","20","15,157","BOYACA","SOGAMOSO","56,466,722,488","-728,709,564,209","ESTACION DE SERVICIO DE GNCV","GNV","1","281","184","2,364.2"
"2022 Aug 07 12:00:00 AM","2,022","8","7","15,151","BOYACA","CHIQUINQUIRA","56,224,880,219","-738,042,449,951","ESTACION DE SERVICIO DE GNCV","GNV","2","572","353","4,273.6"
"2022 Aug 16 12:00:00 AM","2,022","8","16","15,150","BOYACA","TUNJA","55,184,726,715","-733,780,212,402","ESTACION DE SERVICIO DE GNCV","GNV","2","268","238","2,899.95"
"2022 Aug 30 12:00:00 AM","2,022","8","30","15,152","BOYACA","DUITAMA","58,906,025,887","-730,670,928,955","ESTACION DE SERVICIO DE GNCV","GNV","2","230","190","8,733.65"
"2022 Aug 24 12:00:00 AM","2,022","8","24","15,150","BOYACA","TUNJA","55,184,726,715","-733,780,212,402","ESTACION DE SERVICIO DE GNCV","GNV","2","268","234","2,737.28"
"2022 Aug 21 12:00:00 AM","2,022","8","21","15,152","BOYACA","DUITAMA","58,906,025,887","-730,670,928,955","ESTACION DE SERVICIO DE GNCV","GNV","2","172","135","4,609.35"
"2022 Aug 04 12:00:00 AM","2,022","8","4","15,157","BOYACA","SOGAMOSO","56,466,722,488","-728,709,564,209","ESTACION DE SERVICIO DE GNCV","GNV","1","228","169","1,955.93"
"2022 Aug 10 12:00:00 AM","2,022","8","10","15,157","BOYACA","SOGAMOSO","56,466,722,488","-728,709,564,209","ESTACION DE SERVICIO DE GNCV","GNV","1","249","188","2,299.85"
"2022 Aug 11 12:00:00 AM","2,022","8","11","15,152","BOYACA","DUITAMA","58,906,025,887","-730,670,928,955","ESTACION DE SERVICIO DE GNCV","GNV","2","215","174","8,188.59"
"2022 Aug 10 12:00:00 AM","2,022","8","10","15,151","BOYACA","CHIQUINQUIRA","56,224,880,219","-738,042,449,951","ESTACION DE SERVICIO DE GNCV","GNV","2","644","407","5,173.41"
"2022 Aug 16 12:00:00 AM","2,022","8","16","15,157","BOYACA","SOGAMOSO","56,466,722,488","-728,709,564,209","ESTACION DE SERVICIO DE GNCV","GNV","1","277","206","2,526.05"
"2022 Aug 27 12:00:00 AM","2,022","8","27","15,157","BOYACA","SOGAMOSO","56,466,722,488","-728,709,564,209","ESTACION DE SERVICIO DE GNCV","GNV","1","268","175","2,199.35"
"2022 Aug 26 12:00:00 AM","2,022","8","26","15,157","BOYACA","SOGAMOSO","56,466,722,488","-728,709,564,209","ESTACION DE SERVICIO DE GNCV","GNV","1","252","190","2,264.46"
"2022 Aug 08 12:00:00 AM","2,022","8","8","15,157","BOYACA","SOGAMOSO","56,466,722,488","-728,709,564,209","ESTACION DE SERVICIO DE GNCV","GNV","1","239","181","2,165.08"
"2022 Aug 02 12:00:00 AM","2,022","8","2","15,152","BOYACA","DUITAMA","58,906,025,887","-730,670,928,955","ESTACION DE SERVICIO DE GNCV","GNV","2","242","188","8.451"
"2022 Aug 08 12:00:00 AM","2,022","8","8","15,152","BOYACA","DUITAMA","58,906,025,887","-730,670,928,955","ESTACION DE SERVICIO DE GNCV","GNV","2","199","161","6,587.04"
"2022 Aug 04 12:00:00 AM","2,022","8","4","15,151","BOYACA","CHIQUINQUIRA","56,224,880,219","-738,042,449,951","ESTACION DE SERVICIO DE GNCV","GNV","2","626","405","5,199.9"
"2022 Aug 17 12:00:00 AM","2,022","8","17","15,152","BOYACA","DUITAMA","58,906,025,887","-730,670,928,955","ESTACION DE SERVICIO DE GNCV","GNV","2","231","168","7,870.27"
"2022 Aug 31 12:00:00 AM","2,022","8","31","15,150","BOYACA","TUNJA","55,184,726,715","-733,780,212,402","ESTACION DE SERVICIO DE GNCV","GNV","2","255","227","2,741.05"
"2022 Aug 02 12:00:00 AM","2,022","8","2","15,150","BOYACA","TUNJA","55,184,726,715","-733,780,212,402","ESTACION DE SERVICIO DE GNCV","GNV","2","283","250","2,794.31"
"2022 Aug 22 12:00:00 AM","2,022","8","22","15,152","BOYACA","DUITAMA","58,906,025,887","-730,670,928,955","ESTACION DE SERVICIO DE GNCV","GNV","2","242","194","8,248.46"
"2022 Aug 19 12:00:00 AM","2,022","8","19","15,150","BOYACA","TUNJA","55,184,726,715","-733,780,212,402","ESTACION DE SERVICIO DE GNCV","GNV","2","327","283","3,407.01"
"2022 Aug 04 12:00:00 AM","2,022","8","4","15,152","BOYACA","DUITAMA","58,906,025,887","-730,670,928,955","ESTACION DE SERVICIO DE GNCV","GNV","2","239","193","8,407.19"
"2022 Aug 05 12:00:00 AM","2,022","8","5","15,157","BOYACA","SOGAMOSO","56,466,722,488","-728,709,564,209","ESTACION DE SERVICIO DE GNCV","GNV","1","283","195","2,477.58"
"2022 Aug 01 12:00:00 AM","2,022","8","1","15,151","BOYACA","CHIQUINQUIRA","56,224,880,219","-738,042,449,951","ESTACION DE SERVICIO DE GNCV","GNV","2","629","427","5,129.83"
"2022 Aug 23 12:00:00 AM","2,022","8","23","15,150","BOYACA","TUNJA","55,184,726,715","-733,780,212,402","ESTACION DE SERVICIO DE GNCV","GNV","2","275","237","3,005.73"
"2022 Aug 14 12:00:00 AM","2,022","8","14","15,157","BOYACA","SOGAMOSO","56,466,722,488","-728,709,564,209","ESTACION DE SERVICIO DE GNCV","GNV","1","228","145","1,889.32"
"2022 Aug 29 12:00:00 AM","2,022","8","29","15,152","BOYACA","DUITAMA","58,906,025,887","-730,670,928,955","ESTACION DE SERVICIO DE GNCV","GNV","2","238","191","9,721.2"
"2022 Aug 19 12:00:00 AM","2,022","8","19","15,157","BOYACA","SOGAMOSO","56,466,722,488","-728,709,564,209","ESTACION DE SERVICIO DE GNCV","GNV","1","277","198","2,379.83"
"2022 Aug 11 12:00:00 AM","2,022","8","11","15,151","BOYACA","CHIQUINQUIRA","56,224,880,219","-738,042,449,951","ESTACION DE SERVICIO DE GNCV","GNV","2","634","416","5,156.02"
"2022 Aug 07 12:00:00 AM","2,022","8","7","15,152","BOYACA","DUITAMA","58,906,025,887","-730,670,928,955","ESTACION DE SERVICIO DE GNCV","GNV","2","188","136","2,898.08"
"2022 Aug 14 12:00:00 AM","2,022","8","14","15,151","BOYACA","CHIQUINQUIRA","56,224,880,219","-738,042,449,951","ESTACION DE SERVICIO DE GNCV","GNV","2","635","384","4,831.46"
"2022 Aug 15 12:00:00 AM","2,022","8","15","15,151","BOYACA","CHIQUINQUIRA","56,224,880,219","-738,042,449,951","ESTACION DE SERVICIO DE GNCV","GNV","2","607","427","5,098.59"
"2022 Aug 27 12:00:00 AM","2,022","8","27","15,151","BOYACA","CHIQUINQUIRA","56,224,880,219","-738,042,449,951","ESTACION DE SERVICIO DE GNCV","GNV","2","650","399","5,137.56"
"2022 Aug 03 12:00:00 AM","2,022","8","3","15,157","BOYACA","SOGAMOSO","56,466,722,488","-728,709,564,209","ESTACION DE SERVICIO DE GNCV","GNV","1","236","171","2,137.83"
"2022 Aug 18 12:00:00 AM","2,022","8","18","15,151","BOYACA","CHIQUINQUIRA","56,224,880,219","-738,042,449,951","ESTACION DE SERVICIO DE GNCV","GNV","2","667","445","5,630.19"
"2022 Aug 25 12:00:00 AM","2,022","8","25","15,151","BOYACA","CHIQUINQUIRA","56,224,880,219","-738,042,449,951","ESTACION DE SERVICIO DE GNCV","GNV","2","626","398","4,968.21"
"2022 Aug 21 12:00:00 AM","2,022","8","21","15,157","BOYACA","SOGAMOSO","56,466,722,488","-728,709,564,209","ESTACION DE SERVICIO DE GNCV","GNV","1","197","147","1,665.86"
"2022 Aug 07 12:00:00 AM","2,022","8","7","15,150","BOYACA","TUNJA","55,184,726,715","-733,780,212,402","ESTACION DE SERVICIO DE GNCV","GNV","2","237","211","2,304.63"
"2022 Aug 19 12:00:00 AM","2,022","8","19","15,152","BOYACA","DUITAMA","58,906,025,887","-730,670,928,955","ESTACION DE SERVICIO DE GNCV","GNV","2","249","192","6,731.66"
"2022 Aug 17 12:00:00 AM","2,022","8","17","15,151","BOYACA","CHIQUINQUIRA","56,224,880,219","-738,042,449,951","ESTACION DE SERVICIO DE GNCV","GNV","2","609","412","5,032.74"
"2022 Aug 09 12:00:00 AM","2,022","8","9","15,152","BOYACA","DUITAMA","58,906,025,887","-730,670,928,955","ESTACION DE SERVICIO DE GNCV","GNV","2","249","190","9,037.52"
"2022 Aug 06 12:00:00 AM","2,022","8","6","15,150","BOYACA","TUNJA","55,184,726,715","-733,780,212,402","ESTACION DE SERVICIO DE GNCV","GNV","2","336","297","3,503.69"
"2022 Aug 13 12:00:00 AM","2,022","8","13","15,157","BOYACA","SOGAMOSO","56,466,722,488","-728,709,564,209","ESTACION DE SERVICIO DE GNCV","GNV","1","310","206","3,071.76"
"2022 Aug 14 12:00:00 AM","2,022","8","14","15,152","BOYACA","DUITAMA","58,906,025,887","-730,670,928,955","ESTACION DE SERVICIO DE GNCV","GNV","2","177","129","3,833.11"
"2022 Aug 03 12:00:00 AM","2,022","8","3","15,152","BOYACA","DUITAMA","58,906,025,887","-730,670,928,955","ESTACION DE SERVICIO DE GNCV","GNV","2","222","178","7,672.47"
"2022 Aug 01 12:00:00 AM","2,022","8","1","15,157","BOYACA","SOGAMOSO","56,466,722,488","-728,709,564,209","ESTACION DE SERVICIO DE GNCV","GNV","1","260","199","2,450.91"
"2022 Aug 28 12:00:00 AM","2,022","8","28","15,157","BOYACA","SOGAMOSO","56,466,722,488","-728,709,564,209","ESTACION DE SERVICIO DE GNCV","GNV","1","229","154","1,849.38"
"2022 Aug 26 12:00:00 AM","2,022","8","26","15,152","BOYACA","DUITAMA","58,906,025,887","-730,670,928,955","ESTACION DE SERVICIO DE GNCV","GNV","2","232","179","9,194.65"
"2022 Aug 12 12:00:00 AM","2,022","8","12","15,151","BOYACA","CHIQUINQUIRA","56,224,880,219","-738,042,449,951","ESTACION DE SERVICIO DE GNCV","GNV","2","739","467","6,284.59"
"2022 Aug 05 12:00:00 AM","2,022","8","5","15,151","BOYACA","CHIQUINQUIRA","56,224,880,219","-738,042,449,951","ESTACION DE SERVICIO DE GNCV","GNV","2","668","417","5,434.73"
"2022 Aug 18 12:00:00 AM","2,022","8","18","15,150","BOYACA","TUNJA","55,184,726,715","-733,780,212,402","ESTACION DE SERVICIO DE GNCV","GNV","2","267","236","2,812.05"
"2022 Aug 28 12:00:00 AM","2,022","8","28","15,152","BOYACA","DUITAMA","58,906,025,887","-730,670,928,955","ESTACION DE SERVICIO DE GNCV","GNV","2","174","126","3,488.34"
"2022 Aug 05 12:00:00 AM","2,022","8","5","15,150","BOYACA","TUNJA","55,184,726,715","-733,780,212,402","ESTACION DE SERVICIO DE GNCV","GNV","2","291","253","2,860.75"
"2022 Aug 26 12:00:00 AM","2,022","8","26","15,151","BOYACA","CHIQUINQUIRA","56,224,880,219","-738,042,449,951","ESTACION DE SERVICIO DE GNCV","GNV","2","683","440","5,635.24"
"2022 Aug 22 12:00:00 AM","2,022","8","22","15,151","BOYACA","CHIQUINQUIRA","56,224,880,219","-738,042,449,951","ESTACION DE SERVICIO DE GNCV","GNV","2","623","422","5,210.86"
"2022 Aug 30 12:00:00 AM","2,022","8","30","15,150","BOYACA","TUNJA","55,184,726,715","-733,780,212,402","ESTACION DE SERVICIO DE GNCV","GNV","2","272","255","3,070.97"
"2022 Aug 23 12:00:00 AM","2,022","8","23","15,151","BOYACA","CHIQUINQUIRA","56,224,880,219","-738,042,449,951","ESTACION DE SERVICIO DE GNCV","GNV","2","614","402","5,263.37"
"2022 Aug 10 12:00:00 AM","2,022","8","10","15,150","BOYACA","TUNJA","55,184,726,715","-733,780,212,402","ESTACION DE SERVICIO DE GNCV","GNV","2","267","236","2,743.02"
"2022 Aug 19 12:00:00 AM","2,022","8","19","15,151","BOYACA","CHIQUINQUIRA","56,224,880,219","-738,042,449,951","ESTACION DE SERVICIO DE GNCV","GNV","2","678","423","5,402.59"
"2022 Aug 31 12:00:00 AM","2,022","8","31","15,151","BOYACA","CHIQUINQUIRA","56,224,880,219","-738,042,449,951","ESTACION DE SERVICIO DE GNCV","GNV","2","648","423","5,244.89"
"2022 Aug 25 12:00:00 AM","2,022","8","25","15,152","BOYACA","DUITAMA","58,906,025,887","-730,670,928,955","ESTACION DE SERVICIO DE GNCV","GNV","2","231","185","7,961.56"
"2022 Aug 10 12:00:00 AM","2,022","8","10","15,152","BOYACA","DUITAMA","58,906,025,887","-730,670,928,955","ESTACION DE SERVICIO DE GNCV","GNV","2","228","184","7,576.41"
"2022 Aug 09 12:00:00 AM","2,022","8","9","15,150","BOYACA","TUNJA","55,184,726,715","-733,780,212,402","ESTACION DE SERVICIO DE GNCV","GNV","2","265","234","2,863.29"
"2022 Aug 15 12:00:00 AM","2,022","8","15","15,150","BOYACA","TUNJA","55,184,726,715","-733,780,212,402","ESTACION DE SERVICIO DE GNCV","GNV","2","229","213","2,482.43"
"2022 Aug 11 12:00:00 AM","2,022","8","11","15,157","BOYACA","SOGAMOSO","56,466,722,488","-728,709,564,209","ESTACION DE SERVICIO DE GNCV","GNV","1","258","187","2,395.06"
"2022 Aug 20 12:00:00 AM","2,022","8","20","15,150","BOYACA","TUNJA","55,184,726,715","-733,780,212,402","ESTACION DE SERVICIO DE GNCV","GNV","2","315","288","3,425.59"
"2022 Aug 31 12:00:00 AM","2,022","8","31","15,157","BOYACA","SOGAMOSO","56,466,722,488","-728,709,564,209","ESTACION DE SERVICIO DE GNCV","GNV","1","246","187","2,232.69"
"2022 Aug 22 12:00:00 AM","2,022","8","22","15,150","BOYACA","TUNJA","55,184,726,715","-733,780,212,402","ESTACION DE SERVICIO DE GNCV","GNV","2","250","229","2,746.08"
"2022 Aug 06 12:00:00 AM","2,022","8","6","15,152","BOYACA","DUITAMA","58,906,025,887","-730,670,928,955","ESTACION DE SERVICIO DE GNCV","GNV","2","242","184","6,290.08"
"2022 Aug 22 12:00:00 AM","2,022","8","22","15,157","BOYACA","SOGAMOSO","56,466,722,488","-728,709,564,209","ESTACION DE SERVICIO DE GNCV","GNV","1","248","187","2,259.07"
"2022 Aug 26 12:00:00 AM","2,022","8","26","15,150","BOYACA","TUNJA","55,184,726,715","-733,780,212,402","ESTACION DE SERVICIO DE GNCV","GNV","2","303","278","3,023.88"
"2022 Aug 03 12:00:00 AM","2,022","8","3","15,150","BOYACA","TUNJA","55,184,726,715","-733,780,212,402","ESTACION DE SERVICIO DE GNCV","GNV","2","274","246","2,891.85"
"2022 Aug 30 12:00:00 AM","2,022","8","30","15,157","BOYACA","SOGAMOSO","56,466,722,488","-728,709,564,209","ESTACION DE SERVICIO DE GNCV","GNV","1","137","107","1,052.94"
"2022 Aug 07 12:00:00 AM","2,022","8","7","15,157","BOYACA","SOGAMOSO","56,466,722,488","-728,709,564,209","ESTACION DE SERVICIO DE GNCV","GNV","1","239","150","1,954.44"
"2022 Aug 13 12:00:00 AM","2,022","8","13","15,150","BOYACA","TUNJA","55,184,726,715","-733,780,212,402","ESTACION DE SERVICIO DE GNCV","GNV","2","360","320","3,725.11"
"2022 Aug 20 12:00:00 AM","2,022","8","20","15,152","BOYACA","DUITAMA","58,906,025,887","-730,670,928,955","ESTACION DE SERVICIO DE GNCV","GNV","2","226","175","6,486.57"
"2022 Aug 02 12:00:00 AM","2,022","8","2","15,151","BOYACA","CHIQUINQUIRA","56,224,880,219","-738,042,449,951","ESTACION DE SERVICIO DE GNCV","GNV","2","628","414","5,233.01"
"2022 Aug 13 12:00:00 AM","2,022","8","13","15,152","BOYACA","DUITAMA","58,906,025,887","-730,670,928,955","ESTACION DE SERVICIO DE GNCV","GNV","2","233","178","5,043.62"
"2022 Aug 29 12:00:00 AM","2,022","8","29","15,157","BOYACA","SOGAMOSO","56,466,722,488","-728,709,564,209","ESTACION DE SERVICIO DE GNCV","GNV","1","252","185","2,312.44"
"2022 Aug 25 12:00:00 AM","2,022","8","25","15,150","BOYACA","TUNJA","55,184,726,715","-733,780,212,402","ESTACION DE SERVICIO DE GNCV","GNV","2","270","241","2,889.43"
"2022 Aug 30 12:00:00 AM","2,022","8","30","15,151","BOYACA","CHIQUINQUIRA","56,224,880,219","-738,042,449,951","ESTACION DE SERVICIO DE GNCV","GNV","2","596","390","4,769.86"
"2022 Aug 01 12:00:00 AM","2,022","8","1","15,152","BOYACA","DUITAMA","58,906,025,887","-730,670,928,955","ESTACION DE SERVICIO DE GNCV","GNV","2","246","200","9,572.58"
"2022 Aug 18 12:00:00 AM","2,022","8","18","15,157","BOYACA","SOGAMOSO","56,466,722,488","-728,709,564,209","ESTACION DE SERVICIO DE GNCV","GNV","1","237","175","1,853.77"
"2022 Aug 27 12:00:00 AM","2,022","8","27","15,152","BOYACA","DUITAMA","58,906,025,887","-730,670,928,955","ESTACION DE SERVICIO DE GNCV","GNV","2","256","193","7,665.64"
"2022 Aug 29 12:00:00 AM","2,022","8","29","15,150","BOYACA","TUNJA","55,184,726,715","-733,780,212,402","ESTACION DE SERVICIO DE GNCV","GNV","2","250","223","2,548.46"
"2022 Aug 12 12:00:00 AM","2,022","8","12","15,150","BOYACA","TUNJA","55,184,726,715","-733,780,212,402","ESTACION DE SERVICIO DE GNCV","GNV","2","291","252","2,999.11"
"2022 Aug 31 12:00:00 AM","2,022","8","31","15,152","BOYACA","DUITAMA","58,906,025,887","-730,670,928,955","ESTACION DE SERVICIO DE GNCV","GNV","2","249","197","9,517.99"
"2022 Aug 12 12:00:00 AM","2,022","8","12","15,157","BOYACA","SOGAMOSO","56,466,722,488","-728,709,564,209","ESTACION DE SERVICIO DE GNCV","GNV","1","287","201","2,524.49"
"2022 Aug 05 12:00:00 AM","2,022","8","5","15,152","BOYACA","DUITAMA","58,906,025,887","-730,670,928,955","ESTACION DE SERVICIO DE GNCV","GNV","2","257","192","10,459.89"
"2022 Aug 12 12:00:00 AM","2,022","8","12","15,152","BOYACA","DUITAMA","58,906,025,887","-730,670,928,955","ESTACION DE SERVICIO DE GNCV","GNV","2","266","208","9,136.38"
"2022 Aug 04 12:00:00 AM","2,022","8","4","15,150","BOYACA","TUNJA","55,184,726,715","-733,780,212,402","ESTACION DE SERVICIO DE GNCV","GNV","2","287","258","2,796.98"
"2022 Aug 16 12:00:00 AM","2,022","8","16","15,151","BOYACA","CHIQUINQUIRA","56,224,880,219","-738,042,449,951","ESTACION DE SERVICIO DE GNCV","GNV","2","675","425","5,655.71"
"2022 Aug 29 12:00:00 AM","2,022","8","29","15,151","BOYACA","CHIQUINQUIRA","56,224,880,219","-738,042,449,951","ESTACION DE SERVICIO DE GNCV","GNV","2","619","410","5,075.27"
"2022 Aug 21 12:00:00 AM","2,022","8","21","15,151","BOYACA","CHIQUINQUIRA","56,224,880,219","-738,042,449,951","ESTACION DE SERVICIO DE GNCV","GNV","2","606","364","4,439.93"
"2022 Aug 15 12:00:00 AM","2,022","8","15","15,152","BOYACA","DUITAMA","58,906,025,887","-730,670,928,955","ESTACION DE SERVICIO DE GNCV","GNV","2","173","145","3,262.92"
"2022 Aug 11 12:00:00 AM","2,022","8","11","15,150","BOYACA","TUNJA","55,184,726,715","-733,780,212,402","ESTACION DE SERVICIO DE GNCV","GNV","2","268","239","2,967.04"
"2022 Aug 28 12:00:00 AM","2,022","8","28","15,150","BOYACA","TUNJA","55,184,726,715","-733,780,212,402","ESTACION DE SERVICIO DE GNCV","GNV","2","224","210","2,153.56"
"2022 Aug 02 12:00:00 AM","2,022","8","2","15,157","BOYACA","SOGAMOSO","56,466,722,488","-728,709,564,209","ESTACION DE SERVICIO DE GNCV","GNV","1","252","183","2,211.38"
"2022 Jul 09 12:00:00 AM","2,022","7","9","15,150","BOYACA","TUNJA","55,184,726,715","-733,780,212,402","ESTACION DE SERVICIO DE GNCV","GNV","3","326","272","3,368.23"
"2022 Jul 29 12:00:00 AM","2,022","7","29","15,151","BOYACA","CHIQUINQUIRA","56,224,880,219","-738,042,449,951","ESTACION DE SERVICIO DE GNCV","GNV","2","638","421","5,443.04"
"2022 Jul 14 12:00:00 AM","2,022","7","14","15,151","BOYACA","CHIQUINQUIRA","56,224,880,219","-738,042,449,951","ESTACION DE SERVICIO DE GNCV","GNV","2","627","413","5,166.02"
"2022 Jul 02 12:00:00 AM","2,022","7","2","15,150","BOYACA","TUNJA","55,184,726,715","-733,780,212,402","ESTACION DE SERVICIO DE GNCV","GNV","3","356","299","3,673.43"
"2022 Jul 25 12:00:00 AM","2,022","7","25","15,157","BOYACA","SOGAMOSO","56,466,722,488","-728,709,564,209","ESTACION DE SERVICIO DE GNCV","GNV","1","240","193","2,226.84"
"2022 Jul 20 12:00:00 AM","2,022","7","20","15,157","BOYACA","SOGAMOSO","56,466,722,488","-728,709,564,209","ESTACION DE SERVICIO DE GNCV","GNV","1","185","141","1,666.54"
"2022 Jul 14 12:00:00 AM","2,022","7","14","15,150","BOYACA","TUNJA","55,184,726,715","-733,780,212,402","ESTACION DE SERVICIO DE GNCV","GNV","3","286","241","2,800.63"
"2022 Jul 27 12:00:00 AM","2,022","7","27","15,152","BOYACA","DUITAMA","58,906,025,887","-730,670,928,955","ESTACION DE SERVICIO DE GNCV","GNV","2","261","215","9,373.26"
"2022 Jul 04 12:00:00 AM","2,022","7","4","15,150","BOYACA","TUNJA","55,184,726,715","-733,780,212,402","ESTACION DE SERVICIO DE GNCV","GNV","3","247","220","2,357.93"
"2022 Jul 18 12:00:00 AM","2,022","7","18","15,152","BOYACA","DUITAMA","58,906,025,887","-730,670,928,955","ESTACION DE SERVICIO DE GNCV","GNV","2","238","185","7,007.48"
"2022 Jul 25 12:00:00 AM","2,022","7","25","15,151","BOYACA","CHIQUINQUIRA","56,224,880,219","-738,042,449,951","ESTACION DE SERVICIO DE GNCV","GNV","2","626","410","5,193.96"
"2022 Jul 28 12:00:00 AM","2,022","7","28","15,150","BOYACA","TUNJA","55,184,726,715","-733,780,212,402","ESTACION DE SERVICIO DE GNCV","GNV","3","286","245","2,869.76"
"2022 Jul 17 12:00:00 AM","2,022","7","17","15,157","BOYACA","SOGAMOSO","56,466,722,488","-728,709,564,209","ESTACION DE SERVICIO DE GNCV","GNV","1","273","158","2,151.59"
"2022 Jul 15 12:00:00 AM","2,022","7","15","15,157","BOYACA","SOGAMOSO","56,466,722,488","-728,709,564,209","ESTACION DE SERVICIO DE GNCV","GNV","1","321","199","2,709.66"
"2022 Jul 23 12:00:00 AM","2,022","7","23","15,157","BOYACA","SOGAMOSO","56,466,722,488","-728,709,564,209","ESTACION DE SERVICIO DE GNCV","GNV","1","273","182","2,253.16"
"2022 Jul 02 12:00:00 AM","2,022","7","2","15,151","BOYACA","CHIQUINQUIRA","56,224,880,219","-738,042,449,951","ESTACION DE SERVICIO DE GNCV","GNV","2","702","447","5,964.47"
"2022 Jul 13 12:00:00 AM","2,022","7","13","15,151","BOYACA","CHIQUINQUIRA","56,224,880,219","-738,042,449,951","ESTACION DE SERVICIO DE GNCV","GNV","2","631","412","5,015.24"
"2022 Jul 03 12:00:00 AM","2,022","7","3","15,157","BOYACA","SOGAMOSO","56,466,722,488","-728,709,564,209","ESTACION DE SERVICIO DE GNCV","GNV","1","274","174","1,917.79"
"2022 Jul 26 12:00:00 AM","2,022","7","26","15,152","BOYACA","DUITAMA","58,906,025,887","-730,670,928,955","ESTACION DE SERVICIO DE GNCV","GNV","2","240","193","10,008.53"
"2022 Jul 08 12:00:00 AM","2,022","7","8","15,152","BOYACA","DUITAMA","58,906,025,887","-730,670,928,955","ESTACION DE SERVICIO DE GNCV","GNV","2","252","188","8,351.42"
"2022 Jul 04 12:00:00 AM","2,022","7","4","15,151","BOYACA","CHIQUINQUIRA","56,224,880,219","-738,042,449,951","ESTACION DE SERVICIO DE GNCV","GNV","2","561","387","4,631.98"
"2022 Jul 22 12:00:00 AM","2,022","7","22","15,150","BOYACA","TUNJA","55,184,726,715","-733,780,212,402","ESTACION DE SERVICIO DE GNCV","GNV","3","291","247","2,988.83"
"2022 Jul 09 12:00:00 AM","2,022","7","9","15,152","BOYACA","DUITAMA","58,906,025,887","-730,670,928,955","ESTACION DE SERVICIO DE GNCV","GNV","2","255","188","7,382.45"
"2022 Jul 05 12:00:00 AM","2,022","7","5","15,150","BOYACA","TUNJA","55,184,726,715","-733,780,212,402","ESTACION DE SERVICIO DE GNCV","GNV","3","300","260","2,934.93"
"2022 Jul 04 12:00:00 AM","2,022","7","4","15,157","BOYACA","SOGAMOSO","56,466,722,488","-728,709,564,209","ESTACION DE SERVICIO DE GNCV","GNV","1","195","151","1,480.17"
"2022 Jul 29 12:00:00 AM","2,022","7","29","15,152","BOYACA","DUITAMA","58,906,025,887","-730,670,928,955","ESTACION DE SERVICIO DE GNCV","GNV","2","242","183","7,385.16"
"2022 Jul 30 12:00:00 AM","2,022","7","30","15,150","BOYACA","TUNJA","55,184,726,715","-733,780,212,402","ESTACION DE SERVICIO DE GNCV","GNV","3","333","285","3,247.81"
"2022 Jul 16 12:00:00 AM","2,022","7","16","15,151","BOYACA","CHIQUINQUIRA","56,224,880,219","-738,042,449,951","ESTACION DE SERVICIO DE GNCV","GNV","2","671","425","5,163.34"
"2022 Jul 27 12:00:00 AM","2,022","7","27","15,150","BOYACA","TUNJA","55,184,726,715","-733,780,212,402","ESTACION DE SERVICIO DE GNCV","GNV","3","318","273","3,216.33"
"2022 Jul 08 12:00:00 AM","2,022","7","8","15,150","BOYACA","TUNJA","55,184,726,715","-733,780,212,402","ESTACION DE SERVICIO DE GNCV","GNV","3","316","273","3,322.08"
"2022 Jul 10 12:00:00 AM","2,022","7","10","15,151","BOYACA","CHIQUINQUIRA","56,224,880,219","-738,042,449,951","ESTACION DE SERVICIO DE GNCV","GNV","2","595","368","4,623.22"
"2022 Jul 12 12:00:00 AM","2,022","7","12","15,157","BOYACA","SOGAMOSO","56,466,722,488","-728,709,564,209","ESTACION DE SERVICIO DE GNCV","GNV","1","268","200","2,236.09"
"2022 Jul 01 12:00:00 AM","2,022","7","1","15,157","BOYACA","SOGAMOSO","56,466,722,488","-728,709,564,209","ESTACION DE SERVICIO DE GNCV","GNV","1","285","199","2,438.1"
"2022 Jul 11 12:00:00 AM","2,022","7","11","15,152","BOYACA","DUITAMA","58,906,025,887","-730,670,928,955","ESTACION DE SERVICIO DE GNCV","GNV","2","257","199","7,836.9"
"2022 Jul 23 12:00:00 AM","2,022","7","23","15,150","BOYACA","TUNJA","55,184,726,715","-733,780,212,402","ESTACION DE SERVICIO DE GNCV","GNV","3","261","223","2,658.25"
"2022 Jul 13 12:00:00 AM","2,022","7","13","15,157","BOYACA","SOGAMOSO","56,466,722,488","-728,709,564,209","ESTACION DE SERVICIO DE GNCV","GNV","1","261","182","2,370.05"
"2022 Jul 21 12:00:00 AM","2,022","7","21","15,157","BOYACA","SOGAMOSO","56,466,722,488","-728,709,564,209","ESTACION DE SERVICIO DE GNCV","GNV","1","222","171","2,220.36"
"2022 Jul 18 12:00:00 AM","2,022","7","18","15,151","BOYACA","CHIQUINQUIRA","56,224,880,219","-738,042,449,951","ESTACION DE SERVICIO DE GNCV","GNV","2","632","426","5,151.59"
"2022 Jul 29 12:00:00 AM","2,022","7","29","15,157","BOYACA","SOGAMOSO","56,466,722,488","-728,709,564,209","ESTACION DE SERVICIO DE GNCV","GNV","1","241","176","2,108.65"
"2022 Jul 17 12:00:00 AM","2,022","7","17","15,151","BOYACA","CHIQUINQUIRA","56,224,880,219","-738,042,449,951","ESTACION DE SERVICIO DE GNCV","GNV","2","598","368","4,568.61"
"2022 Jul 23 12:00:00 AM","2,022","7","23","15,151","BOYACA","CHIQUINQUIRA","56,224,880,219","-738,042,449,951","ESTACION DE SERVICIO DE GNCV","GNV","2","656","402","5,355.64"
"2022 Jul 30 12:00:00 AM","2,022","7","30","15,152","BOYACA","DUITAMA","58,906,025,887","-730,670,928,955","ESTACION DE SERVICIO DE GNCV","GNV","2","211","166","7,417.27"
"2022 Jul 16 12:00:00 AM","2,022","7","16","15,157","BOYACA","SOGAMOSO","56,466,722,488","-728,709,564,209","ESTACION DE SERVICIO DE GNCV","GNV","1","307","174","2,426.14"
"2022 Jul 31 12:00:00 AM","2,022","7","31","15,151","BOYACA","CHIQUINQUIRA","56,224,880,219","-738,042,449,951","ESTACION DE SERVICIO DE GNCV","GNV","2","631","397","4,990.8"
"2022 Jul 19 12:00:00 AM","2,022","7","19","15,151","BOYACA","CHIQUINQUIRA","56,224,880,219","-738,042,449,951","ESTACION DE SERVICIO DE GNCV","GNV","2","614","420","5,068.96"
"2022 Jul 12 12:00:00 AM","2,022","7","12","15,151","BOYACA","CHIQUINQUIRA","56,224,880,219","-738,042,449,951","ESTACION DE SERVICIO DE GNCV","GNV","2","613","414","5,150.27"
"2022 Jul 24 12:00:00 AM","2,022","7","24","15,157","BOYACA","SOGAMOSO","56,466,722,488","-728,709,564,209","ESTACION DE SERVICIO DE GNCV","GNV","1","67","52","619.37"
"2022 Jul 01 12:00:00 AM","2,022","7","1","15,152","BOYACA","DUITAMA","58,906,025,887","-730,670,928,955","ESTACION DE SERVICIO DE GNCV","GNV","2","270","207","7,087.23"
"2022 Jul 27 12:00:00 AM","2,022","7","27","15,151","BOYACA","CHIQUINQUIRA","56,224,880,219","-738,042,449,951","ESTACION DE SERVICIO DE GNCV","GNV","2","644","397","5,454.18"
"2022 Jul 03 12:00:00 AM","2,022","7","3","15,152","BOYACA","DUITAMA","58,906,025,887","-730,670,928,955","ESTACION DE SERVICIO DE GNCV","GNV","2","193","141","3,558.95"
"2022 Jul 13 12:00:00 AM","2,022","7","13","15,150","BOYACA","TUNJA","55,184,726,715","-733,780,212,402","ESTACION DE SERVICIO DE GNCV","GNV","3","299","260","3,013.44"
"2022 Jul 24 12:00:00 AM","2,022","7","24","15,150","BOYACA","TUNJA","55,184,726,715","-733,780,212,402","ESTACION DE SERVICIO DE GNCV","GNV","3","223","192","2,166.68"
"2022 Jul 18 12:00:00 AM","2,022","7","18","15,157","BOYACA","SOGAMOSO","56,466,722,488","-728,709,564,209","ESTACION DE SERVICIO DE GNCV","GNV","1","262","185","2,382.42"
"2022 Jul 10 12:00:00 AM","2,022","7","10","15,157","BOYACA","SOGAMOSO","56,466,722,488","-728,709,564,209","ESTACION DE SERVICIO DE GNCV","GNV","1","250","159","2,235.79"
"2022 Jul 24 12:00:00 AM","2,022","7","24","15,151","BOYACA","CHIQUINQUIRA","56,224,880,219","-738,042,449,951","ESTACION DE SERVICIO DE GNCV","GNV","2","559","359","4,511.66"
"2022 Jul 28 12:00:00 AM","2,022","7","28","15,151","BOYACA","CHIQUINQUIRA","56,224,880,219","-738,042,449,951","ESTACION DE SERVICIO DE GNCV","GNV","2","631","420","5,185.2"
"2022 Jul 16 12:00:00 AM","2,022","7","16","15,150","BOYACA","TUNJA","55,184,726,715","-733,780,212,402","ESTACION DE SERVICIO DE GNCV","GNV","3","354","292","3,441.55"
"2022 Jul 31 12:00:00 AM","2,022","7","31","15,150","BOYACA","TUNJA","55,184,726,715","-733,780,212,402","ESTACION DE SERVICIO DE GNCV","GNV","3","251","220","2,594.27"
"2022 Jul 10 12:00:00 AM","2,022","7","10","15,150","BOYACA","TUNJA","55,184,726,715","-733,780,212,402","ESTACION DE SERVICIO DE GNCV","GNV","3","241","210","2,346.1"
"2022 Jul 23 12:00:00 AM","2,022","7","23","15,152","BOYACA","DUITAMA","58,906,025,887","-730,670,928,955","ESTACION DE SERVICIO DE GNCV","GNV","2","247","192","6,793.92"
"2022 Jul 07 12:00:00 AM","2,022","7","7","15,150","BOYACA","TUNJA","55,184,726,715","-733,780,212,402","ESTACION DE SERVICIO DE GNCV","GNV","3","265","240","2,768.41"
"2022 Jul 26 12:00:00 AM","2,022","7","26","15,150","BOYACA","TUNJA","55,184,726,715","-733,780,212,402","ESTACION DE SERVICIO DE GNCV","GNV","3","307","264","3,162.49"
"2022 Jul 14 12:00:00 AM","2,022","7","14","15,157","BOYACA","SOGAMOSO","56,466,722,488","-728,709,564,209","ESTACION DE SERVICIO DE GNCV","GNV","1","251","171","2,187.91"
"2022 Jul 31 12:00:00 AM","2,022","7","31","15,152","BOYACA","DUITAMA","58,906,025,887","-730,670,928,955","ESTACION DE SERVICIO DE GNCV","GNV","2","189","143","4.088"
"2022 Jul 20 12:00:00 AM","2,022","7","20","15,150","BOYACA","TUNJA","55,184,726,715","-733,780,212,402","ESTACION DE SERVICIO DE GNCV","GNV","3","245","208","2,270.35"
"2022 Jul 06 12:00:00 AM","2,022","7","6","15,152","BOYACA","DUITAMA","58,906,025,887","-730,670,928,955","ESTACION DE SERVICIO DE GNCV","GNV","2","240","190","7,763.12"
"2022 Jul 11 12:00:00 AM","2,022","7","11","15,157","BOYACA","SOGAMOSO","56,466,722,488","-728,709,564,209","ESTACION DE SERVICIO DE GNCV","GNV","1","242","177","2,321.37"
"2022 Jul 18 12:00:00 AM","2,022","7","18","15,150","BOYACA","TUNJA","55,184,726,715","-733,780,212,402","ESTACION DE SERVICIO DE GNCV","GNV","3","286","246","2,894.42"
"2022 Jul 09 12:00:00 AM","2,022","7","9","15,151","BOYACA","CHIQUINQUIRA","56,224,880,219","-738,042,449,951","ESTACION DE SERVICIO DE GNCV","GNV","2","701","439","5,641.54"
"2022 Jul 12 12:00:00 AM","2,022","7","12","15,150","BOYACA","TUNJA","55,184,726,715","-733,780,212,402","ESTACION DE SERVICIO DE GNCV","GNV","3","319","278","3,298.49"
"2022 Jul 19 12:00:00 AM","2,022","7","19","15,150","BOYACA","TUNJA","55,184,726,715","-733,780,212,402","ESTACION DE SERVICIO DE GNCV","GNV","3","288","252","3,093.75"
"2022 Jul 17 12:00:00 AM","2,022","7","17","15,152","BOYACA","DUITAMA","58,906,025,887","-730,670,928,955","ESTACION DE SERVICIO DE GNCV","GNV","2","203","149","5,246.16"
"2022 Jul 01 12:00:00 AM","2,022","7","1","15,150","BOYACA","TUNJA","55,184,726,715","-733,780,212,402","ESTACION DE SERVICIO DE GNCV","GNV","3","341","290","3,437.09"
"2022 Jul 11 12:00:00 AM","2,022","7","11","15,150","BOYACA","TUNJA","55,184,726,715","-733,780,212,402","ESTACION DE SERVICIO DE GNCV","GNV","3","248","215","2,810.7"
"2022 Jul 11 12:00:00 AM","2,022","7","11","15,151","BOYACA","CHIQUINQUIRA","56,224,880,219","-738,042,449,951","ESTACION DE SERVICIO DE GNCV","GNV","2","653","431","5,557.62"
"2022 Jul 09 12:00:00 AM","2,022","7","9","15,157","BOYACA","SOGAMOSO","56,466,722,488","-728,709,564,209","ESTACION DE SERVICIO DE GNCV","GNV","1","251","170","2,567.45"
"2022 Jul 31 12:00:00 AM","2,022","7","31","15,157","BOYACA","SOGAMOSO","56,466,722,488","-728,709,564,209","ESTACION DE SERVICIO DE GNCV","GNV","1","233","163","1,936.16"
"2022 Jul 03 12:00:00 AM","2,022","7","3","15,150","BOYACA","TUNJA","55,184,726,715","-733,780,212,402","ESTACION DE SERVICIO DE GNCV","GNV","3","268","217","2,562.15"
"2022 Jul 17 12:00:00 AM","2,022","7","17","15,150","BOYACA","TUNJA","55,184,726,715","-733,780,212,402","ESTACION DE SERVICIO DE GNCV","GNV","3","268","234","2,556.1"
"2022 Jul 05 12:00:00 AM","2,022","7","5","15,152","BOYACA","DUITAMA","58,906,025,887","-730,670,928,955","ESTACION DE SERVICIO DE GNCV","GNV","2","242","194","8,127.52"
"2022 Jul 06 12:00:00 AM","2,022","7","6","15,150","BOYACA","TUNJA","55,184,726,715","-733,780,212,402","ESTACION DE SERVICIO DE GNCV","GNV","3","266","240","2.666"
"2022 Jul 07 12:00:00 AM","2,022","7","7","15,151","BOYACA","CHIQUINQUIRA","56,224,880,219","-738,042,449,951","ESTACION DE SERVICIO DE GNCV","GNV","2","614","405","4.88"
"2022 Jul 07 12:00:00 AM","2,022","7","7","15,152","BOYACA","DUITAMA","58,906,025,887","-730,670,928,955","ESTACION DE SERVICIO DE GNCV","GNV","2","232","176","10,022.97"
"2022 Jul 28 12:00:00 AM","2,022","7","28","15,157","BOYACA","SOGAMOSO","56,466,722,488","-728,709,564,209","ESTACION DE SERVICIO DE GNCV","GNV","1","239","178","2,169.45"
"2022 Jul 30 12:00:00 AM","2,022","7","30","15,151","BOYACA","CHIQUINQUIRA","56,224,880,219","-738,042,449,951","ESTACION DE SERVICIO DE GNCV","GNV","2","690","421","5,394.33"
"2022 Jul 14 12:00:00 AM","2,022","7","14","15,152","BOYACA","DUITAMA","58,906,025,887","-730,670,928,955","ESTACION DE SERVICIO DE GNCV","GNV","2","254","191","8,093.68"
"2022 Jul 22 12:00:00 AM","2,022","7","22","15,152","BOYACA","DUITAMA","58,906,025,887","-730,670,928,955","ESTACION DE SERVICIO DE GNCV","GNV","2","274","207","8,315.14"
"2022 Jul 28 12:00:00 AM","2,022","7","28","15,152","BOYACA","DUITAMA","58,906,025,887","-730,670,928,955","ESTACION DE SERVICIO DE GNCV","GNV","2","260","199","10,353.91"
"2022 Jul 25 12:00:00 AM","2,022","7","25","15,150","BOYACA","TUNJA","55,184,726,715","-733,780,212,402","ESTACION DE SERVICIO DE GNCV","GNV","3","251","221","2,523.38"
"2022 Jul 19 12:00:00 AM","2,022","7","19","15,152","BOYACA","DUITAMA","58,906,025,887","-730,670,928,955","ESTACION DE SERVICIO DE GNCV","GNV","2","228","182","7,377.13"
"2022 Jul 15 12:00:00 AM","2,022","7","15","15,150","BOYACA","TUNJA","55,184,726,715","-733,780,212,402","ESTACION DE SERVICIO DE GNCV","GNV","3","345","300","3,477.45"
"2022 Jul 03 12:00:00 AM","2,022","7","3","15,151","BOYACA","CHIQUINQUIRA","56,224,880,219","-738,042,449,951","ESTACION DE SERVICIO DE GNCV","GNV","2","664","396","5,057.69"
"2022 Jul 02 12:00:00 AM","2,022","7","2","15,152","BOYACA","DUITAMA","58,906,025,887","-730,670,928,955","ESTACION DE SERVICIO DE GNCV","GNV","2","258","187","5,170.72"
"2022 Jul 15 12:00:00 AM","2,022","7","15","15,152","BOYACA","DUITAMA","58,906,025,887","-730,670,928,955","ESTACION DE SERVICIO DE GNCV","GNV","2","252","185","6,903.32"
"2022 Jul 15 12:00:00 AM","2,022","7","15","15,151","BOYACA","CHIQUINQUIRA","56,224,880,219","-738,042,449,951","ESTACION DE SERVICIO DE GNCV","GNV","2","690","439","5,548.46"
"2022 Jul 20 12:00:00 AM","2,022","7","20","15,151","BOYACA","CHIQUINQUIRA","56,224,880,219","-738,042,449,951","ESTACION DE SERVICIO DE GNCV","GNV","2","572","384","4,757.52"
"2022 Jul 25 12:00:00 AM","2,022","7","25","15,152","BOYACA","DUITAMA","58,906,025,887","-730,670,928,955","ESTACION DE SERVICIO DE GNCV","GNV","2","234","187","8,557.39"
"2022 Jul 21 12:00:00 AM","2,022","7","21","15,152","BOYACA","DUITAMA","58,906,025,887","-730,670,928,955","ESTACION DE SERVICIO DE GNCV","GNV","2","242","186","8,409.58"
"2022 Jul 30 12:00:00 AM","2,022","7","30","15,157","BOYACA","SOGAMOSO","56,466,722,488","-728,709,564,209","ESTACION DE SERVICIO DE GNCV","GNV","1","283","182","2,443.42"
"2022 Jul 04 12:00:00 AM","2,022","7","4","15,152","BOYACA","DUITAMA","58,906,025,887","-730,670,928,955","ESTACION DE SERVICIO DE GNCV","GNV","2","176","138","3,265.38"
"2022 Jul 06 12:00:00 AM","2,022","7","6","15,157","BOYACA","SOGAMOSO","56,466,722,488","-728,709,564,209","ESTACION DE SERVICIO DE GNCV","GNV","1","242","185","2,130.31"
"2022 Jul 22 12:00:00 AM","2,022","7","22","15,157","BOYACA","SOGAMOSO","56,466,722,488","-728,709,564,209","ESTACION DE SERVICIO DE GNCV","GNV","1","266","189","2,304.13"
"2022 Jul 26 12:00:00 AM","2,022","7","26","15,151","BOYACA","CHIQUINQUIRA","56,224,880,219","-738,042,449,951","ESTACION DE SERVICIO DE GNCV","GNV","2","678","443","5,665.26"
"2022 Jul 22 12:00:00 AM","2,022","7","22","15,151","BOYACA","CHIQUINQUIRA","56,224,880,219","-738,042,449,951","ESTACION DE SERVICIO DE GNCV","GNV","2","634","432","5,250.17"
"2022 Jul 24 12:00:00 AM","2,022","7","24","15,152","BOYACA","DUITAMA","58,906,025,887","-730,670,928,955","ESTACION DE SERVICIO DE GNCV","GNV","2","186","132","3,777.65"
"2022 Jul 29 12:00:00 AM","2,022","7","29","15,150","BOYACA","TUNJA","55,184,726,715","-733,780,212,402","ESTACION DE SERVICIO DE GNCV","GNV","3","301","254","3,047.45"
"2022 Jul 27 12:00:00 AM","2,022","7","27","15,157","BOYACA","SOGAMOSO","56,466,722,488","-728,709,564,209","ESTACION DE SERVICIO DE GNCV","GNV","1","256","176","2,137.94"
"2022 Jul 01 12:00:00 AM","2,022","7","1","15,151","BOYACA","CHIQUINQUIRA","56,224,880,219","-738,042,449,951","ESTACION DE SERVICIO DE GNCV","GNV","2","657","441","5,433.48"
"2022 Jul 02 12:00:00 AM","2,022","7","2","15,157","BOYACA","SOGAMOSO","56,466,722,488","-728,709,564,209","ESTACION DE SERVICIO DE GNCV","GNV","1","302","195","2,491.69"
"2022 Jul 10 12:00:00 AM","2,022","7","10","15,152","BOYACA","DUITAMA","58,906,025,887","-730,670,928,955","ESTACION DE SERVICIO DE GNCV","GNV","2","183","133","2,137.46"
"2022 Jul 05 12:00:00 AM","2,022","7","5","15,151","BOYACA","CHIQUINQUIRA","56,224,880,219","-738,042,449,951","ESTACION DE SERVICIO DE GNCV","GNV","2","645","427","5,365.71"
"2022 Jul 21 12:00:00 AM","2,022","7","21","15,150","BOYACA","TUNJA","55,184,726,715","-733,780,212,402","ESTACION DE SERVICIO DE GNCV","GNV","3","266","228","2,826.66"
"2022 Jul 05 12:00:00 AM","2,022","7","5","15,157","BOYACA","SOGAMOSO","56,466,722,488","-728,709,564,209","ESTACION DE SERVICIO DE GNCV","GNV","1","286","201","2,379.33"
"2022 Jul 21 12:00:00 AM","2,022","7","21","15,151","BOYACA","CHIQUINQUIRA","56,224,880,219","-738,042,449,951","ESTACION DE SERVICIO DE GNCV","GNV","2","620","409","5,076.04"
"2022 Jul 26 12:00:00 AM","2,022","7","26","15,157","BOYACA","SOGAMOSO","56,466,722,488","-728,709,564,209","ESTACION DE SERVICIO DE GNCV","GNV","1","253","188","2,085.93"
"2022 Jul 07 12:00:00 AM","2,022","7","7","15,157","BOYACA","SOGAMOSO","56,466,722,488","-728,709,564,209","ESTACION DE SERVICIO DE GNCV","GNV","1","257","185","2,210.9"
"2022 Jul 16 12:00:00 AM","2,022","7","16","15,152","BOYACA","DUITAMA","58,906,025,887","-730,670,928,955","ESTACION DE SERVICIO DE GNCV","GNV","2","248","177","6,770.97"
"2022 Jul 08 12:00:00 AM","2,022","7","8","15,157","BOYACA","SOGAMOSO","56,466,722,488","-728,709,564,209","ESTACION DE SERVICIO DE GNCV","GNV","1","265","194","2,447.15"
"2022 Jul 19 12:00:00 AM","2,022","7","19","15,157","BOYACA","SOGAMOSO","56,466,722,488","-728,709,564,209","ESTACION DE SERVICIO DE GNCV","GNV","1","253","188","2,316.56"
"2022 Jul 12 12:00:00 AM","2,022","7","12","15,152","BOYACA","DUITAMA","58,906,025,887","-730,670,928,955","ESTACION DE SERVICIO DE GNCV","GNV","2","243","186","7,259.92"
"2022 Jul 20 12:00:00 AM","2,022","7","20","15,152","BOYACA","DUITAMA","58,906,025,887","-730,670,928,955","ESTACION DE SERVICIO DE GNCV","GNV","2","157","130","5,903.1"
"2022 Jul 06 12:00:00 AM","2,022","7","6","15,151","BOYACA","CHIQUINQUIRA","56,224,880,219","-738,042,449,951","ESTACION DE SERVICIO DE GNCV","GNV","2","586","395","5,070.67"
"2022 Jul 08 12:00:00 AM","2,022","7","8","15,151","BOYACA","CHIQUINQUIRA","56,224,880,219","-738,042,449,951","ESTACION DE SERVICIO DE GNCV","GNV","2","665","422","5,629.55"
"2022 Jul 13 12:00:00 AM","2,022","7","13","15,152","BOYACA","DUITAMA","58,906,025,887","-730,670,928,955","ESTACION DE SERVICIO DE GNCV","GNV","2","243","189","8,321.2"
"2022 Jun 27 12:00:00 AM","2,022","6","27","15,157","BOYACA","SOGAMOSO","56,466,722,488","-728,709,564,209","ESTACION DE SERVICIO DE GNCV","GNV","1","195","155","1,786.96"
"2022 Jun 15 12:00:00 AM","2,022","6","15","15,150","BOYACA","TUNJA","55,184,726,715","-733,780,212,402","ESTACION DE SERVICIO DE GNCV","GNV","3","272","230","2,714.17"
"2022 Jun 23 12:00:00 AM","2,022","6","23","15,151","BOYACA","CHIQUINQUIRA","56,224,880,219","-738,042,449,951","ESTACION DE SERVICIO DE GNCV","GNV","2","668","444","5,708.58"
"2022 Jun 07 12:00:00 AM","2,022","6","7","15,152","BOYACA","DUITAMA","58,906,025,887","-730,670,928,955","ESTACION DE SERVICIO DE GNCV","GNV","2","230","178","6,883.69"
"2022 Jun 04 12:00:00 AM","2,022","6","4","15,151","BOYACA","CHIQUINQUIRA","56,224,880,219","-738,042,449,951","ESTACION DE SERVICIO DE GNCV","GNV","2","656","425","5,533.03"
"2022 Jun 07 12:00:00 AM","2,022","6","7","15,157","BOYACA","SOGAMOSO","56,466,722,488","-728,709,564,209","ESTACION DE SERVICIO DE GNCV","GNV","1","233","178","2,043.08"
"2022 Jun 10 12:00:00 AM","2,022","6","10","15,151","BOYACA","CHIQUINQUIRA","56,224,880,219","-738,042,449,951","ESTACION DE SERVICIO DE GNCV","GNV","2","650","431","5,571.61"
"2022 Jun 21 12:00:00 AM","2,022","6","21","15,150","BOYACA","TUNJA","55,184,726,715","-733,780,212,402","ESTACION DE SERVICIO DE GNCV","GNV","3","294","247","3,071.44"
"2022 Jun 26 12:00:00 AM","2,022","6","26","15,150","BOYACA","TUNJA","55,184,726,715","-733,780,212,402","ESTACION DE SERVICIO DE GNCV","GNV","3","224","198","2,193.26"
"2022 Jun 10 12:00:00 AM","2,022","6","10","15,150","BOYACA","TUNJA","55,184,726,715","-733,780,212,402","ESTACION DE SERVICIO DE GNCV","GNV","3","305","256","3,199.52"
"2022 Jun 03 12:00:00 AM","2,022","6","3","15,150","BOYACA","TUNJA","55,184,726,715","-733,780,212,402","ESTACION DE SERVICIO DE GNCV","GNV","3","304","256","2,982.62"
"2022 Jun 12 12:00:00 AM","2,022","6","12","15,157","BOYACA","SOGAMOSO","56,466,722,488","-728,709,564,209","ESTACION DE SERVICIO DE GNCV","GNV","1","222","159","1,955.67"
"2022 Jun 30 12:00:00 AM","2,022","6","30","15,151","BOYACA","CHIQUINQUIRA","56,224,880,219","-738,042,449,951","ESTACION DE SERVICIO DE GNCV","GNV","2","637","413","5,284.33"
"2022 Jun 03 12:00:00 AM","2,022","6","3","15,157","BOYACA","SOGAMOSO","56,466,722,488","-728,709,564,209","ESTACION DE SERVICIO DE GNCV","GNV","1","248","180","2,323.89"
"2022 Jun 25 12:00:00 AM","2,022","6","25","15,152","BOYACA","DUITAMA","58,906,025,887","-730,670,928,955","ESTACION DE SERVICIO DE GNCV","GNV","2","240","181","5,911.76"
"2022 Jun 13 12:00:00 AM","2,022","6","13","15,157","BOYACA","SOGAMOSO","56,466,722,488","-728,709,564,209","ESTACION DE SERVICIO DE GNCV","GNV","1","246","185","2,209.45"
"2022 Jun 23 12:00:00 AM","2,022","6","23","15,150","BOYACA","TUNJA","55,184,726,715","-733,780,212,402","ESTACION DE SERVICIO DE GNCV","GNV","3","315","267","3,301.62"
"2022 Jun 23 12:00:00 AM","2,022","6","23","15,157","BOYACA","SOGAMOSO","56,466,722,488","-728,709,564,209","ESTACION DE SERVICIO DE GNCV","GNV","1","248","180","2,125.76"
"2022 Jun 17 12:00:00 AM","2,022","6","17","15,151","BOYACA","CHIQUINQUIRA","56,224,880,219","-738,042,449,951","ESTACION DE SERVICIO DE GNCV","GNV","2","677","440","5,699.95"
"2022 Jun 11 12:00:00 AM","2,022","6","11","15,152","BOYACA","DUITAMA","58,906,025,887","-730,670,928,955","ESTACION DE SERVICIO DE GNCV","GNV","2","226","160","5,676.05"
"2022 Jun 16 12:00:00 AM","2,022","6","16","15,151","BOYACA","CHIQUINQUIRA","56,224,880,219","-738,042,449,951","ESTACION DE SERVICIO DE GNCV","GNV","2","631","421","5,349.51"
"2022 Jun 20 12:00:00 AM","2,022","6","20","15,151","BOYACA","CHIQUINQUIRA","56,224,880,219","-738,042,449,951","ESTACION DE SERVICIO DE GNCV","GNV","2","529","368","4,563.09"
"2022 Jun 24 12:00:00 AM","2,022","6","24","15,157","BOYACA","SOGAMOSO","56,466,722,488","-728,709,564,209","ESTACION DE SERVICIO DE GNCV","GNV","1","282","204","2,600.75"
"2022 Jun 30 12:00:00 AM","2,022","6","30","15,152","BOYACA","DUITAMA","58,906,025,887","-730,670,928,955","ESTACION DE SERVICIO DE GNCV","GNV","2","258","201","8,675.22"
"2022 Jun 29 12:00:00 AM","2,022","6","29","15,157","BOYACA","SOGAMOSO","56,466,722,488","-728,709,564,209","ESTACION DE SERVICIO DE GNCV","GNV","1","242","186","2,161.01"
"2022 Jun 28 12:00:00 AM","2,022","6","28","15,157","BOYACA","SOGAMOSO","56,466,722,488","-728,709,564,209","ESTACION DE SERVICIO DE GNCV","GNV","1","236","175","2,074.9"
"2022 Jun 14 12:00:00 AM","2,022","6","14","15,152","BOYACA","DUITAMA","58,906,025,887","-730,670,928,955","ESTACION DE SERVICIO DE GNCV","GNV","2","232","180","7,104.27"
"2022 Jun 17 12:00:00 AM","2,022","6","17","15,152","BOYACA","DUITAMA","58,906,025,887","-730,670,928,955","ESTACION DE SERVICIO DE GNCV","GNV","2","262","195","5,621.53"
"2022 Jun 09 12:00:00 AM","2,022","6","9","15,151","BOYACA","CHIQUINQUIRA","56,224,880,219","-738,042,449,951","ESTACION DE SERVICIO DE GNCV","GNV","2","589","405","5,184.97"
"2022 Jun 24 12:00:00 AM","2,022","6","24","15,150","BOYACA","TUNJA","55,184,726,715","-733,780,212,402","ESTACION DE SERVICIO DE GNCV","GNV","3","318","269","3,237.84"
"2022 Jun 19 12:00:00 AM","2,022","6","19","15,152","BOYACA","DUITAMA","58,906,025,887","-730,670,928,955","ESTACION DE SERVICIO DE GNCV","GNV","2","161","120","1,571.28"
"2022 Jun 17 12:00:00 AM","2,022","6","17","15,150","BOYACA","TUNJA","55,184,726,715","-733,780,212,402","ESTACION DE SERVICIO DE GNCV","GNV","3","327","269","3,154.81"
"2022 Jun 13 12:00:00 AM","2,022","6","13","15,152","BOYACA","DUITAMA","58,906,025,887","-730,670,928,955","ESTACION DE SERVICIO DE GNCV","GNV","2","228","185","8,580.27"
"2022 Jun 18 12:00:00 AM","2,022","6","18","15,150","BOYACA","TUNJA","55,184,726,715","-733,780,212,402","ESTACION DE SERVICIO DE GNCV","GNV","3","292","237","2,860.02"
"2022 Jun 10 12:00:00 AM","2,022","6","10","15,157","BOYACA","SOGAMOSO","56,466,722,488","-728,709,564,209","ESTACION DE SERVICIO DE GNCV","GNV","1","254","194","2,585.31"
"2022 Jun 07 12:00:00 AM","2,022","6","7","15,150","BOYACA","TUNJA","55,184,726,715","-733,780,212,402","ESTACION DE SERVICIO DE GNCV","GNV","3","284","236","2,863.8"
"2022 Jun 27 12:00:00 AM","2,022","6","27","15,150","BOYACA","TUNJA","55,184,726,715","-733,780,212,402","ESTACION DE SERVICIO DE GNCV","GNV","3","237","200","2,292.73"
"2022 Jun 18 12:00:00 AM","2,022","6","18","15,157","BOYACA","SOGAMOSO","56,466,722,488","-728,709,564,209","ESTACION DE SERVICIO DE GNCV","GNV","1","278","189","2,407.45"
"2022 Jun 27 12:00:00 AM","2,022","6","27","15,152","BOYACA","DUITAMA","58,906,025,887","-730,670,928,955","ESTACION DE SERVICIO DE GNCV","GNV","2","174","136","3,166.92"
"2022 Jun 24 12:00:00 AM","2,022","6","24","15,152","BOYACA","DUITAMA","58,906,025,887","-730,670,928,955","ESTACION DE SERVICIO DE GNCV","GNV","2","238","200","5,997.65"
"2022 Jun 08 12:00:00 AM","2,022","6","8","15,150","BOYACA","TUNJA","55,184,726,715","-733,780,212,402","ESTACION DE SERVICIO DE GNCV","GNV","3","289","237","2,958.89"
"2022 Jun 05 12:00:00 AM","2,022","6","5","15,157","BOYACA","SOGAMOSO","56,466,722,488","-728,709,564,209","ESTACION DE SERVICIO DE GNCV","GNV","1","247","164","2,045.13"
"2022 Jun 25 12:00:00 AM","2,022","6","25","15,150","BOYACA","TUNJA","55,184,726,715","-733,780,212,402","ESTACION DE SERVICIO DE GNCV","GNV","3","377","320","3,784.98"
"2022 Jun 26 12:00:00 AM","2,022","6","26","15,157","BOYACA","SOGAMOSO","56,466,722,488","-728,709,564,209","ESTACION DE SERVICIO DE GNCV","GNV","1","179","109","1,823.45"
"2022 Jun 05 12:00:00 AM","2,022","6","5","15,152","BOYACA","DUITAMA","58,906,025,887","-730,670,928,955","ESTACION DE SERVICIO DE GNCV","GNV","2","201","138","3,808.16"
"2022 Jun 18 12:00:00 AM","2,022","6","18","15,151","BOYACA","CHIQUINQUIRA","56,224,880,219","-738,042,449,951","ESTACION DE SERVICIO DE GNCV","GNV","2","696","430","5,944.56"
"2022 Jun 05 12:00:00 AM","2,022","6","5","15,150","BOYACA","TUNJA","55,184,726,715","-733,780,212,402","ESTACION DE SERVICIO DE GNCV","GNV","3","255","213","2,410.56"
"2022 Jun 15 12:00:00 AM","2,022","6","15","15,152","BOYACA","DUITAMA","58,906,025,887","-730,670,928,955","ESTACION DE SERVICIO DE GNCV","GNV","2","251","198","8,066.28"
"2022 Jun 01 12:00:00 AM","2,022","6","1","15,152","BOYACA","DUITAMA","58,906,025,887","-730,670,928,955","ESTACION DE SERVICIO DE GNCV","GNV","2","265","208","8,442.58"
"2022 Jun 14 12:00:00 AM","2,022","6","14","15,151","BOYACA","CHIQUINQUIRA","56,224,880,219","-738,042,449,951","ESTACION DE SERVICIO DE GNCV","GNV","2","616","418","5,103.87"
"2022 Jun 21 12:00:00 AM","2,022","6","21","15,152","BOYACA","DUITAMA","58,906,025,887","-730,670,928,955","ESTACION DE SERVICIO DE GNCV","GNV","2","206","161","6,257.41"
"2022 Jun 11 12:00:00 AM","2,022","6","11","15,157","BOYACA","SOGAMOSO","56,466,722,488","-728,709,564,209","ESTACION DE SERVICIO DE GNCV","GNV","1","269","184","2,297.36"
"2022 Jun 29 12:00:00 AM","2,022","6","29","15,152","BOYACA","DUITAMA","58,906,025,887","-730,670,928,955","ESTACION DE SERVICIO DE GNCV","GNV","2","220","174","8,220.61"
"2022 Jun 05 12:00:00 AM","2,022","6","5","15,151","BOYACA","CHIQUINQUIRA","56,224,880,219","-738,042,449,951","ESTACION DE SERVICIO DE GNCV","GNV","2","552","354","4,321.83"
"2022 Jun 20 12:00:00 AM","2,022","6","20","15,150","BOYACA","TUNJA","55,184,726,715","-733,780,212,402","ESTACION DE SERVICIO DE GNCV","GNV","3","225","200","2,349.62"
"2022 Jun 29 12:00:00 AM","2,022","6","29","15,150","BOYACA","TUNJA","55,184,726,715","-733,780,212,402","ESTACION DE SERVICIO DE GNCV","GNV","3","287","247","2,824.57"
"2022 Jun 02 12:00:00 AM","2,022","6","2","15,151","BOYACA","CHIQUINQUIRA","56,224,880,219","-738,042,449,951","ESTACION DE SERVICIO DE GNCV","GNV","2","609","409","5,019.91"
"2022 Jun 03 12:00:00 AM","2,022","6","3","15,151","BOYACA","CHIQUINQUIRA","56,224,880,219","-738,042,449,951","ESTACION DE SERVICIO DE GNCV","GNV","2","671","437","5,611.95"
"2022 Jun 04 12:00:00 AM","2,022","6","4","15,157","BOYACA","SOGAMOSO","56,466,722,488","-728,709,564,209","ESTACION DE SERVICIO DE GNCV","GNV","1","287","185","2,724.95"
"2022 Jun 26 12:00:00 AM","2,022","6","26","15,152","BOYACA","DUITAMA","58,906,025,887","-730,670,928,955","ESTACION DE SERVICIO DE GNCV","GNV","2","172","116","2,891.38"
"2022 Jun 16 12:00:00 AM","2,022","6","16","15,152","BOYACA","DUITAMA","58,906,025,887","-730,670,928,955","ESTACION DE SERVICIO DE GNCV","GNV","2","228","178","8,240.63"
"2022 Jun 12 12:00:00 AM","2,022","6","12","15,151","BOYACA","CHIQUINQUIRA","56,224,880,219","-738,042,449,951","ESTACION DE SERVICIO DE GNCV","GNV","2","574","370","4,555.38"
"2022 Jun 01 12:00:00 AM","2,022","6","1","15,151","BOYACA","CHIQUINQUIRA","56,224,880,219","-738,042,449,951","ESTACION DE SERVICIO DE GNCV","GNV","2","639","423","5,413.34"
"2022 Jun 29 12:00:00 AM","2,022","6","29","15,151","BOYACA","CHIQUINQUIRA","56,224,880,219","-738,042,449,951","ESTACION DE SERVICIO DE GNCV","GNV","2","600","404","4,994.68"
"2022 Jun 13 12:00:00 AM","2,022","6","13","15,151","BOYACA","CHIQUINQUIRA","56,224,880,219","-738,042,449,951","ESTACION DE SERVICIO DE GNCV","GNV","2","652","437","5,742.6"
"2022 Jun 07 12:00:00 AM","2,022","6","7","15,151","BOYACA","CHIQUINQUIRA","56,224,880,219","-738,042,449,951","ESTACION DE SERVICIO DE GNCV","GNV","2","643","416","5,478.68"
"2022 Jun 08 12:00:00 AM","2,022","6","8","15,151","BOYACA","CHIQUINQUIRA","56,224,880,219","-738,042,449,951","ESTACION DE SERVICIO DE GNCV","GNV","2","614","408","5,116.17"
"2022 Jun 22 12:00:00 AM","2,022","6","22","15,157","BOYACA","SOGAMOSO","56,466,722,488","-728,709,564,209","ESTACION DE SERVICIO DE GNCV","GNV","1","237","179","2,139.39"
"2022 Jun 06 12:00:00 AM","2,022","6","6","15,157","BOYACA","SOGAMOSO","56,466,722,488","-728,709,564,209","ESTACION DE SERVICIO DE GNCV","GNV","1","242","184","2,245.57"
"2022 Jun 16 12:00:00 AM","2,022","6","16","15,157","BOYACA","SOGAMOSO","56,466,722,488","-728,709,564,209","ESTACION DE SERVICIO DE GNCV","GNV","1","250","187","2,223.87"
"2022 Jun 08 12:00:00 AM","2,022","6","8","15,152","BOYACA","DUITAMA","58,906,025,887","-730,670,928,955","ESTACION DE SERVICIO DE GNCV","GNV","2","249","184","8.301"
"2022 Jun 01 12:00:00 AM","2,022","6","1","15,150","BOYACA","TUNJA","55,184,726,715","-733,780,212,402","ESTACION DE SERVICIO DE GNCV","GNV","3","274","229","2,833.89"
"2022 Jun 01 12:00:00 AM","2,022","6","1","15,157","BOYACA","SOGAMOSO","56,466,722,488","-728,709,564,209","ESTACION DE SERVICIO DE GNCV","GNV","1","43","42","454.97"
"2022 Jun 20 12:00:00 AM","2,022","6","20","15,157","BOYACA","SOGAMOSO","56,466,722,488","-728,709,564,209","ESTACION DE SERVICIO DE GNCV","GNV","1","199","149","1,747.66"
"2022 Jun 08 12:00:00 AM","2,022","6","8","15,157","BOYACA","SOGAMOSO","56,466,722,488","-728,709,564,209","ESTACION DE SERVICIO DE GNCV","GNV","1","232","170","2,051.5"
"2022 Jun 17 12:00:00 AM","2,022","6","17","15,157","BOYACA","SOGAMOSO","56,466,722,488","-728,709,564,209","ESTACION DE SERVICIO DE GNCV","GNV","1","279","195","2,327.07"
"2022 Jun 23 12:00:00 AM","2,022","6","23","15,152","BOYACA","DUITAMA","58,906,025,887","-730,670,928,955","ESTACION DE SERVICIO DE GNCV","GNV","2","220","169","7,573.42"
"2022 Jun 06 12:00:00 AM","2,022","6","6","15,151","BOYACA","CHIQUINQUIRA","56,224,880,219","-738,042,449,951","ESTACION DE SERVICIO DE GNCV","GNV","2","643","432","5,446.16"
"2022 Jun 11 12:00:00 AM","2,022","6","11","15,151","BOYACA","CHIQUINQUIRA","56,224,880,219","-738,042,449,951","ESTACION DE SERVICIO DE GNCV","GNV","2","645","413","5,339.11"
"2022 Jun 27 12:00:00 AM","2,022","6","27","15,151","BOYACA","CHIQUINQUIRA","56,224,880,219","-738,042,449,951","ESTACION DE SERVICIO DE GNCV","GNV","2","566","388","4,744.33"
"2022 Jun 19 12:00:00 AM","2,022","6","19","15,150","BOYACA","TUNJA","55,184,726,715","-733,780,212,402","ESTACION DE SERVICIO DE GNCV","GNV","3","206","174","1,883.13"
"2022 Jun 04 12:00:00 AM","2,022","6","4","15,152","BOYACA","DUITAMA","58,906,025,887","-730,670,928,955","ESTACION DE SERVICIO DE GNCV","GNV","2","246","181","5,923.81"
"2022 Jun 28 12:00:00 AM","2,022","6","28","15,150","BOYACA","TUNJA","55,184,726,715","-733,780,212,402","ESTACION DE SERVICIO DE GNCV","GNV","3","277","235","2,785.79"
"2022 Jun 13 12:00:00 AM","2,022","6","13","15,150","BOYACA","TUNJA","55,184,726,715","-733,780,212,402","ESTACION DE SERVICIO DE GNCV","GNV","3","253","216","2,445.91"
"2022 Jun 19 12:00:00 AM","2,022","6","19","15,151","BOYACA","CHIQUINQUIRA","56,224,880,219","-738,042,449,951","ESTACION DE SERVICIO DE GNCV","GNV","2","560","360","4,462.42"
"2022 Jun 14 12:00:00 AM","2,022","6","14","15,150","BOYACA","TUNJA","55,184,726,715","-733,780,212,402","ESTACION DE SERVICIO DE GNCV","GNV","3","267","230","2,854.11"
"2022 Jun 09 12:00:00 AM","2,022","6","9","15,152","BOYACA","DUITAMA","58,906,025,887","-730,670,928,955","ESTACION DE SERVICIO DE GNCV","GNV","2","229","181","7,580.26"
"2022 Jun 03 12:00:00 AM","2,022","6","3","15,152","BOYACA","DUITAMA","58,906,025,887","-730,670,928,955","ESTACION DE SERVICIO DE GNCV","GNV","2","258","182","7,142.64"
"2022 Jun 15 12:00:00 AM","2,022","6","15","15,151","BOYACA","CHIQUINQUIRA","56,224,880,219","-738,042,449,951","ESTACION DE SERVICIO DE GNCV","GNV","2","613","416","5,249.93"
"2022 Jun 02 12:00:00 AM","2,022","6","2","15,150","BOYACA","TUNJA","55,184,726,715","-733,780,212,402","ESTACION DE SERVICIO DE GNCV","GNV","3","244","205","2,410.12"
"2022 Jun 22 12:00:00 AM","2,022","6","22","15,151","BOYACA","CHIQUINQUIRA","56,224,880,219","-738,042,449,951","ESTACION DE SERVICIO DE GNCV","GNV","2","650","431","5,352.9"
"2022 Jun 19 12:00:00 AM","2,022","6","19","15,157","BOYACA","SOGAMOSO","56,466,722,488","-728,709,564,209","ESTACION DE SERVICIO DE GNCV","GNV","1","232","149","1,901.36"
"2022 Jun 28 12:00:00 AM","2,022","6","28","15,151","BOYACA","CHIQUINQUIRA","56,224,880,219","-738,042,449,951","ESTACION DE SERVICIO DE GNCV","GNV","2","655","438","5,643.64"
"2022 Jun 09 12:00:00 AM","2,022","6","9","15,157","BOYACA","SOGAMOSO","56,466,722,488","-728,709,564,209","ESTACION DE SERVICIO DE GNCV","GNV","1","236","175","2,025.05"
"2022 Jun 18 12:00:00 AM","2,022","6","18","15,152","BOYACA","DUITAMA","58,906,025,887","-730,670,928,955","ESTACION DE SERVICIO DE GNCV","GNV","2","242","166","6,397.57"
"2022 Jun 16 12:00:00 AM","2,022","6","16","15,150","BOYACA","TUNJA","55,184,726,715","-733,780,212,402","ESTACION DE SERVICIO DE GNCV","GNV","3","262","220","2,654.89"
"2022 Jun 12 12:00:00 AM","2,022","6","12","15,150","BOYACA","TUNJA","55,184,726,715","-733,780,212,402","ESTACION DE SERVICIO DE GNCV","GNV","3","243","202","2,531.02"
"2022 Jun 22 12:00:00 AM","2,022","6","22","15,150","BOYACA","TUNJA","55,184,726,715","-733,780,212,402","ESTACION DE SERVICIO DE GNCV","GNV","3","245","206","2,387.84"
"2022 Jun 24 12:00:00 AM","2,022","6","24","15,151","BOYACA","CHIQUINQUIRA","56,224,880,219","-738,042,449,951","ESTACION DE SERVICIO DE GNCV","GNV","2","687","437","5,595.04"
"2022 Jun 06 12:00:00 AM","2,022","6","6","15,150","BOYACA","TUNJA","55,184,726,715","-733,780,212,402","ESTACION DE SERVICIO DE GNCV","GNV","3","278","234","2,846.22"
"2022 Jun 30 12:00:00 AM","2,022","6","30","15,157","BOYACA","SOGAMOSO","56,466,722,488","-728,709,564,209","ESTACION DE SERVICIO DE GNCV","GNV","1","254","186","2,187.76"
"2022 Jun 25 12:00:00 AM","2,022","6","25","15,157","BOYACA","SOGAMOSO","56,466,722,488","-728,709,564,209","ESTACION DE SERVICIO DE GNCV","GNV","1","258","170","2,191.68"
"2022 Jun 09 12:00:00 AM","2,022","6","9","15,150","BOYACA","TUNJA","55,184,726,715","-733,780,212,402","ESTACION DE SERVICIO DE GNCV","GNV","3","285","239","3,018.62"
"2022 Jun 26 12:00:00 AM","2,022","6","26","15,151","BOYACA","CHIQUINQUIRA","56,224,880,219","-738,042,449,951","ESTACION DE SERVICIO DE GNCV","GNV","2","593","374","4,692.86"
"2022 Jun 14 12:00:00 AM","2,022","6","14","15,157","BOYACA","SOGAMOSO","56,466,722,488","-728,709,564,209","ESTACION DE SERVICIO DE GNCV","GNV","1","244","191","2,164.51"
"2022 Jun 22 12:00:00 AM","2,022","6","22","15,152","BOYACA","DUITAMA","58,906,025,887","-730,670,928,955","ESTACION DE SERVICIO DE GNCV","GNV","2","203","166","6,843.08"
"2022 Jun 04 12:00:00 AM","2,022","6","4","15,150","BOYACA","TUNJA","55,184,726,715","-733,780,212,402","ESTACION DE SERVICIO DE GNCV","GNV","3","312","262","3,260.88"
"2022 Jun 21 12:00:00 AM","2,022","6","21","15,151","BOYACA","CHIQUINQUIRA","56,224,880,219","-738,042,449,951","ESTACION DE SERVICIO DE GNCV","GNV","2","657","444","5,566.33"
"2022 Jun 21 12:00:00 AM","2,022","6","21","15,157","BOYACA","SOGAMOSO","56,466,722,488","-728,709,564,209","ESTACION DE SERVICIO DE GNCV","GNV","1","251","183","2,248.44"
"2022 Jun 11 12:00:00 AM","2,022","6","11","15,150","BOYACA","TUNJA","55,184,726,715","-733,780,212,402","ESTACION DE SERVICIO DE GNCV","GNV","3","304","251","3,000.73"
"2022 Jun 02 12:00:00 AM","2,022","6","2","15,152","BOYACA","DUITAMA","58,906,025,887","-730,670,928,955","ESTACION DE SERVICIO DE GNCV","GNV","2","230","181","7,372.45"
"2022 Jun 28 12:00:00 AM","2,022","6","28","15,152","BOYACA","DUITAMA","58,906,025,887","-730,670,928,955","ESTACION DE SERVICIO DE GNCV","GNV","2","237","183","7,005.45"
"2022 Jun 30 12:00:00 AM","2,022","6","30","15,150","BOYACA","TUNJA","55,184,726,715","-733,780,212,402","ESTACION DE SERVICIO DE GNCV","GNV","3","292","263","3,035.47"
"2022 Jun 10 12:00:00 AM","2,022","6","10","15,152","BOYACA","DUITAMA","58,906,025,887","-730,670,928,955","ESTACION DE SERVICIO DE GNCV","GNV","2","264","197","8,547.35"
"2022 Jun 20 12:00:00 AM","2,022","6","20","15,152","BOYACA","DUITAMA","58,906,025,887","-730,670,928,955","ESTACION DE SERVICIO DE GNCV","GNV","2","167","126","3,475.93"
"2022 Jun 25 12:00:00 AM","2,022","6","25","15,151","BOYACA","CHIQUINQUIRA","56,224,880,219","-738,042,449,951","ESTACION DE SERVICIO DE GNCV","GNV","2","735","455","5,990.27"
"2022 Jun 12 12:00:00 AM","2,022","6","12","15,152","BOYACA","DUITAMA","58,906,025,887","-730,670,928,955","ESTACION DE SERVICIO DE GNCV","GNV","2","167","113","2,059.85"
"2022 Jun 15 12:00:00 AM","2,022","6","15","15,157","BOYACA","SOGAMOSO","56,466,722,488","-728,709,564,209","ESTACION DE SERVICIO DE GNCV","GNV","1","251","179","2,121.38"
"2022 Jun 02 12:00:00 AM","2,022","6","2","15,157","BOYACA","SOGAMOSO","56,466,722,488","-728,709,564,209","ESTACION DE SERVICIO DE GNCV","GNV","1","267","202","2,496.61"
"2022 Jun 06 12:00:00 AM","2,022","6","6","15,152","BOYACA","DUITAMA","58,906,025,887","-730,670,928,955","ESTACION DE SERVICIO DE GNCV","GNV","2","224","170","6,755.96"
"2022 May 06 12:00:00 AM","2,022","5","6","15,152","BOYACA","DUITAMA","58,906,025,887","-730,670,928,955","ESTACION DE SERVICIO DE GNCV","GNV","2","274","193","7,170.6"
"2022 May 15 12:00:00 AM","2,022","5","15","15,157","BOYACA","SOGAMOSO","56,466,722,488","-728,709,564,209","ESTACION DE SERVICIO DE GNCV","GNV","1","237","157","2,205.4"
"2022 May 17 12:00:00 AM","2,022","5","17","15,152","BOYACA","DUITAMA","58,906,025,887","-730,670,928,955","ESTACION DE SERVICIO DE GNCV","GNV","2","231","182","5,024.36"
"2022 May 29 12:00:00 AM","2,022","5","29","15,151","BOYACA","CHIQUINQUIRA","56,224,880,219","-738,042,449,951","ESTACION DE SERVICIO DE GNCV","GNV","2","577","375","4,592.13"
"2022 May 28 12:00:00 AM","2,022","5","28","15,157","BOYACA","SOGAMOSO","56,466,722,488","-728,709,564,209","ESTACION DE SERVICIO DE GNCV","GNV","1","256","176","2,214.43"
"2022 May 03 12:00:00 AM","2,022","5","3","15,151","BOYACA","CHIQUINQUIRA","56,224,880,219","-738,042,449,951","ESTACION DE SERVICIO DE GNCV","GNV","2","621","419","5,367.14"
"2022 May 21 12:00:00 AM","2,022","5","21","15,151","BOYACA","CHIQUINQUIRA","56,224,880,219","-738,042,449,951","ESTACION DE SERVICIO DE GNCV","GNV","2","639","417","5,220.49"
"2022 May 01 12:00:00 AM","2,022","5","1","15,151","BOYACA","CHIQUINQUIRA","56,224,880,219","-738,042,449,951","ESTACION DE SERVICIO DE GNCV","GNV","2","573","379","4,590.47"
"2022 May 27 12:00:00 AM","2,022","5","27","15,157","BOYACA","SOGAMOSO","56,466,722,488","-728,709,564,209","ESTACION DE SERVICIO DE GNCV","GNV","1","268","193","2,379.46"
"2022 May 09 12:00:00 AM","2,022","5","9","15,150","BOYACA","TUNJA","55,184,726,715","-733,780,212,402","ESTACION DE SERVICIO DE GNCV","GNV","3","223","181","2,394.85"
"2022 May 06 12:00:00 AM","2,022","5","6","15,151","BOYACA","CHIQUINQUIRA","56,224,880,219","-738,042,449,951","ESTACION DE SERVICIO DE GNCV","GNV","2","785","460","6,401.52"
"2022 May 07 12:00:00 AM","2,022","5","7","15,150","BOYACA","TUNJA","55,184,726,715","-733,780,212,402","ESTACION DE SERVICIO DE GNCV","GNV","3","279","225","2,953.11"
"2022 May 18 12:00:00 AM","2,022","5","18","15,152","BOYACA","DUITAMA","58,906,025,887","-730,670,928,955","ESTACION DE SERVICIO DE GNCV","GNV","2","235","174","6,663.36"
"2022 May 04 12:00:00 AM","2,022","5","4","15,150","BOYACA","TUNJA","55,184,726,715","-733,780,212,402","ESTACION DE SERVICIO DE GNCV","GNV","3","213","171","2,088.96"
"2022 May 18 12:00:00 AM","2,022","5","18","15,150","BOYACA","TUNJA","55,184,726,715","-733,780,212,402","ESTACION DE SERVICIO DE GNCV","GNV","3","294","242","2,910.88"
"2022 May 31 12:00:00 AM","2,022","5","31","15,151","BOYACA","CHIQUINQUIRA","56,224,880,219","-738,042,449,951","ESTACION DE SERVICIO DE GNCV","GNV","2","699","454","6,130.19"
"2022 May 24 12:00:00 AM","2,022","5","24","15,151","BOYACA","CHIQUINQUIRA","56,224,880,219","-738,042,449,951","ESTACION DE SERVICIO DE GNCV","GNV","2","642","435","5,350.07"
"2022 May 12 12:00:00 AM","2,022","5","12","15,157","BOYACA","SOGAMOSO","56,466,722,488","-728,709,564,209","ESTACION DE SERVICIO DE GNCV","GNV","1","265","199","2,209.03"
"2022 May 10 12:00:00 AM","2,022","5","10","15,152","BOYACA","DUITAMA","58,906,025,887","-730,670,928,955","ESTACION DE SERVICIO DE GNCV","GNV","2","212","167","7,267.42"
"2022 May 05 12:00:00 AM","2,022","5","5","15,152","BOYACA","DUITAMA","58,906,025,887","-730,670,928,955","ESTACION DE SERVICIO DE GNCV","GNV","2","256","189","8,345.18"
"2022 May 10 12:00:00 AM","2,022","5","10","15,151","BOYACA","CHIQUINQUIRA","56,224,880,219","-738,042,449,951","ESTACION DE SERVICIO DE GNCV","GNV","2","651","435","5,607.91"
"2022 May 04 12:00:00 AM","2,022","5","4","15,157","BOYACA","SOGAMOSO","56,466,722,488","-728,709,564,209","ESTACION DE SERVICIO DE GNCV","GNV","1","273","197","2,596.95"
"2022 May 08 12:00:00 AM","2,022","5","8","15,152","BOYACA","DUITAMA","58,906,025,887","-730,670,928,955","ESTACION DE SERVICIO DE GNCV","GNV","2","195","142","2,893.08"
"2022 May 13 12:00:00 AM","2,022","5","13","15,150","BOYACA","TUNJA","55,184,726,715","-733,780,212,402","ESTACION DE SERVICIO DE GNCV","GNV","3","298","244","3,072.25"
"2022 May 15 12:00:00 AM","2,022","5","15","15,152","BOYACA","DUITAMA","58,906,025,887","-730,670,928,955","ESTACION DE SERVICIO DE GNCV","GNV","2","196","134","2,348.97"
"2022 May 11 12:00:00 AM","2,022","5","11","15,151","BOYACA","CHIQUINQUIRA","56,224,880,219","-738,042,449,951","ESTACION DE SERVICIO DE GNCV","GNV","2","614","413","5.136"
"2022 May 14 12:00:00 AM","2,022","5","14","15,152","BOYACA","DUITAMA","58,906,025,887","-730,670,928,955","ESTACION DE SERVICIO DE GNCV","GNV","2","235","174","5,609.39"
"2022 May 11 12:00:00 AM","2,022","5","11","15,150","BOYACA","TUNJA","55,184,726,715","-733,780,212,402","ESTACION DE SERVICIO DE GNCV","GNV","3","262","219","2,621.26"
"2022 May 09 12:00:00 AM","2,022","5","9","15,152","BOYACA","DUITAMA","58,906,025,887","-730,670,928,955","ESTACION DE SERVICIO DE GNCV","GNV","2","225","176","5,746.73"
"2022 May 26 12:00:00 AM","2,022","5","26","15,151","BOYACA","CHIQUINQUIRA","56,224,880,219","-738,042,449,951","ESTACION DE SERVICIO DE GNCV","GNV","1","533","371","4,581.43"
"2022 May 27 12:00:00 AM","2,022","5","27","15,152","BOYACA","DUITAMA","58,906,025,887","-730,670,928,955","ESTACION DE SERVICIO DE GNCV","GNV","2","261","192","8,440.71"
"2022 May 27 12:00:00 AM","2,022","5","27","15,150","BOYACA","TUNJA","55,184,726,715","-733,780,212,402","ESTACION DE SERVICIO DE GNCV","GNV","3","311","259","3,140.58"
"2022 May 10 12:00:00 AM","2,022","5","10","15,150","BOYACA","TUNJA","55,184,726,715","-733,780,212,402","ESTACION DE SERVICIO DE GNCV","GNV","3","233","192","2,361.77"
"2022 May 05 12:00:00 AM","2,022","5","5","15,157","BOYACA","SOGAMOSO","56,466,722,488","-728,709,564,209","ESTACION DE SERVICIO DE GNCV","GNV","1","262","191","2,387.19"
"2022 May 18 12:00:00 AM","2,022","5","18","15,157","BOYACA","SOGAMOSO","56,466,722,488","-728,709,564,209","ESTACION DE SERVICIO DE GNCV","GNV","1","263","188","2,317.27"
"2022 May 11 12:00:00 AM","2,022","5","11","15,157","BOYACA","SOGAMOSO","56,466,722,488","-728,709,564,209","ESTACION DE SERVICIO DE GNCV","GNV","1","284","209","2,462.18"
"2022 May 22 12:00:00 AM","2,022","5","22","15,150","BOYACA","TUNJA","55,184,726,715","-733,780,212,402","ESTACION DE SERVICIO DE GNCV","GNV","3","248","201","2,481.32"
"2022 May 25 12:00:00 AM","2,022","5","25","15,157","BOYACA","SOGAMOSO","56,466,722,488","-728,709,564,209","ESTACION DE SERVICIO DE GNCV","GNV","1","228","169","1,924.05"
"2022 May 07 12:00:00 AM","2,022","5","7","15,152","BOYACA","DUITAMA","58,906,025,887","-730,670,928,955","ESTACION DE SERVICIO DE GNCV","GNV","2","277","202","7,042.24"
"2022 May 30 12:00:00 AM","2,022","5","30","15,157","BOYACA","SOGAMOSO","56,466,722,488","-728,709,564,209","ESTACION DE SERVICIO DE GNCV","GNV","1","195","150","1,705.59"
"2022 May 02 12:00:00 AM","2,022","5","2","15,152","BOYACA","DUITAMA","58,906,025,887","-730,670,928,955","ESTACION DE SERVICIO DE GNCV","GNV","2","274","213","7,626.08"
"2022 May 18 12:00:00 AM","2,022","5","18","15,151","BOYACA","CHIQUINQUIRA","56,224,880,219","-738,042,449,951","ESTACION DE SERVICIO DE GNCV","GNV","2","638","413","5,454.06"
"2022 May 31 12:00:00 AM","2,022","5","31","15,150","BOYACA","TUNJA","55,184,726,715","-733,780,212,402","ESTACION DE SERVICIO DE GNCV","GNV","3","258","222","2,521.34"
"2022 May 23 12:00:00 AM","2,022","5","23","15,152","BOYACA","DUITAMA","58,906,025,887","-730,670,928,955","ESTACION DE SERVICIO DE GNCV","GNV","2","233","182","7,456.34"
"2022 May 14 12:00:00 AM","2,022","5","14","15,150","BOYACA","TUNJA","55,184,726,715","-733,780,212,402","ESTACION DE SERVICIO DE GNCV","GNV","3","317","267","3,293.65"
"2022 May 05 12:00:00 AM","2,022","5","5","15,150","BOYACA","TUNJA","55,184,726,715","-733,780,212,402","ESTACION DE SERVICIO DE GNCV","GNV","3","213","170","2,113.36"
"2022 May 21 12:00:00 AM","2,022","5","21","15,152","BOYACA","DUITAMA","58,906,025,887","-730,670,928,955","ESTACION DE SERVICIO DE GNCV","GNV","2","256","185","5,753.05"
"2022 May 24 12:00:00 AM","2,022","5","24","15,157","BOYACA","SOGAMOSO","56,466,722,488","-728,709,564,209","ESTACION DE SERVICIO DE GNCV","GNV","1","248","189","2,290.47"
"2022 May 13 12:00:00 AM","2,022","5","13","15,157","BOYACA","SOGAMOSO","56,466,722,488","-728,709,564,209","ESTACION DE SERVICIO DE GNCV","GNV","1","276","194","1,960.15"
"2022 May 28 12:00:00 AM","2,022","5","28","15,150","BOYACA","TUNJA","55,184,726,715","-733,780,212,402","ESTACION DE SERVICIO DE GNCV","GNV","3","319","267","3,322.93"
"2022 May 15 12:00:00 AM","2,022","5","15","15,151","BOYACA","CHIQUINQUIRA","56,224,880,219","-738,042,449,951","ESTACION DE SERVICIO DE GNCV","GNV","2","588","382","4,725.22"
"2022 May 26 12:00:00 AM","2,022","5","26","15,150","BOYACA","TUNJA","55,184,726,715","-733,780,212,402","ESTACION DE SERVICIO DE GNCV","GNV","3","287","248","2,867.87"
"2022 May 30 12:00:00 AM","2,022","5","30","15,152","BOYACA","DUITAMA","58,906,025,887","-730,670,928,955","ESTACION DE SERVICIO DE GNCV","GNV","2","183","148","5,454.75"
"2022 May 01 12:00:00 AM","2,022","5","1","15,150","BOYACA","TUNJA","55,184,726,715","-733,780,212,402","ESTACION DE SERVICIO DE GNCV","GNV","3","211","164","2,065.99"
"2022 May 26 12:00:00 AM","2,022","5","26","15,152","BOYACA","DUITAMA","58,906,025,887","-730,670,928,955","ESTACION DE SERVICIO DE GNCV","GNV","2","236","183","7,567.02"
"2022 May 25 12:00:00 AM","2,022","5","25","15,152","BOYACA","DUITAMA","58,906,025,887","-730,670,928,955","ESTACION DE SERVICIO DE GNCV","GNV","2","236","175","6,951.64"
"2022 May 20 12:00:00 AM","2,022","5","20","15,151","BOYACA","CHIQUINQUIRA","56,224,880,219","-738,042,449,951","ESTACION DE SERVICIO DE GNCV","GNV","2","647","427","5,548.34"
"2022 May 22 12:00:00 AM","2,022","5","22","15,152","BOYACA","DUITAMA","58,906,025,887","-730,670,928,955","ESTACION DE SERVICIO DE GNCV","GNV","2","164","122","2,858.34"
"2022 May 06 12:00:00 AM","2,022","5","6","15,157","BOYACA","SOGAMOSO","56,466,722,488","-728,709,564,209","ESTACION DE SERVICIO DE GNCV","GNV","1","267","188","2,246.57"
"2022 May 11 12:00:00 AM","2,022","5","11","15,152","BOYACA","DUITAMA","58,906,025,887","-730,670,928,955","ESTACION DE SERVICIO DE GNCV","GNV","2","252","189","6,611.87"
"2022 May 04 12:00:00 AM","2,022","5","4","15,152","BOYACA","DUITAMA","58,906,025,887","-730,670,928,955","ESTACION DE SERVICIO DE GNCV","GNV","2","245","191","6,623.03"
"2022 May 23 12:00:00 AM","2,022","5","23","15,151","BOYACA","CHIQUINQUIRA","56,224,880,219","-738,042,449,951","ESTACION DE SERVICIO DE GNCV","GNV","2","676","440","5,680.99"
"2022 May 19 12:00:00 AM","2,022","5","19","15,151","BOYACA","CHIQUINQUIRA","56,224,880,219","-738,042,449,951","ESTACION DE SERVICIO DE GNCV","GNV","2","641","411","5,254.24"
"2022 May 12 12:00:00 AM","2,022","5","12","15,151","BOYACA","CHIQUINQUIRA","56,224,880,219","-738,042,449,951","ESTACION DE SERVICIO DE GNCV","GNV","2","633","421","5,285.43"
"2022 May 14 12:00:00 AM","2,022","5","14","15,151","BOYACA","CHIQUINQUIRA","56,224,880,219","-738,042,449,951","ESTACION DE SERVICIO DE GNCV","GNV","2","676","425","5,647.7"
"2022 May 29 12:00:00 AM","2,022","5","29","15,150","BOYACA","TUNJA","55,184,726,715","-733,780,212,402","ESTACION DE SERVICIO DE GNCV","GNV","3","242","215","2,416.01"
"2022 May 17 12:00:00 AM","2,022","5","17","15,157","BOYACA","SOGAMOSO","56,466,722,488","-728,709,564,209","ESTACION DE SERVICIO DE GNCV","GNV","1","282","200","2,431.33"
"2022 May 08 12:00:00 AM","2,022","5","8","15,157","BOYACA","SOGAMOSO","56,466,722,488","-728,709,564,209","ESTACION DE SERVICIO DE GNCV","GNV","1","262","170","2,056.16"
"2022 May 15 12:00:00 AM","2,022","5","15","15,150","BOYACA","TUNJA","55,184,726,715","-733,780,212,402","ESTACION DE SERVICIO DE GNCV","GNV","3","234","198","2,346.07"
"2022 May 19 12:00:00 AM","2,022","5","19","15,157","BOYACA","SOGAMOSO","56,466,722,488","-728,709,564,209","ESTACION DE SERVICIO DE GNCV","GNV","1","248","190","2,236.93"
"2022 May 28 12:00:00 AM","2,022","5","28","15,152","BOYACA","DUITAMA","58,906,025,887","-730,670,928,955","ESTACION DE SERVICIO DE GNCV","GNV","2","235","168","4,369.3"
"2022 May 01 12:00:00 AM","2,022","5","1","15,157","BOYACA","SOGAMOSO","56,466,722,488","-728,709,564,209","ESTACION DE SERVICIO DE GNCV","GNV","1","259","163","2,191.83"
"2022 May 30 12:00:00 AM","2,022","5","30","15,150","BOYACA","TUNJA","55,184,726,715","-733,780,212,402","ESTACION DE SERVICIO DE GNCV","GNV","3","205","183","2,159.57"
"2022 May 21 12:00:00 AM","2,022","5","21","15,157","BOYACA","SOGAMOSO","56,466,722,488","-728,709,564,209","ESTACION DE SERVICIO DE GNCV","GNV","1","263","171","2,299.62"
"2022 May 16 12:00:00 AM","2,022","5","16","15,151","BOYACA","CHIQUINQUIRA","56,224,880,219","-738,042,449,951","ESTACION DE SERVICIO DE GNCV","GNV","2","603","386","4,870.32"
"2022 May 03 12:00:00 AM","2,022","5","3","15,152","BOYACA","DUITAMA","58,906,025,887","-730,670,928,955","ESTACION DE SERVICIO DE GNCV","GNV","2","245","193","6,184.88"
"2022 May 30 12:00:00 AM","2,022","5","30","15,151","BOYACA","CHIQUINQUIRA","56,224,880,219","-738,042,449,951","ESTACION DE SERVICIO DE GNCV","GNV","2","512","373","4,431.61"
"2022 May 16 12:00:00 AM","2,022","5","16","15,150","BOYACA","TUNJA","55,184,726,715","-733,780,212,402","ESTACION DE SERVICIO DE GNCV","GNV","3","280","246","3,033.06"
"2022 May 14 12:00:00 AM","2,022","5","14","15,157","BOYACA","SOGAMOSO","56,466,722,488","-728,709,564,209","ESTACION DE SERVICIO DE GNCV","GNV","1","289","192","2,432.32"
"2022 May 07 12:00:00 AM","2,022","5","7","15,157","BOYACA","SOGAMOSO","56,466,722,488","-728,709,564,209","ESTACION DE SERVICIO DE GNCV","GNV","1","325","208","3,250.2"
"2022 May 23 12:00:00 AM","2,022","5","23","15,150","BOYACA","TUNJA","55,184,726,715","-733,780,212,402","ESTACION DE SERVICIO DE GNCV","GNV","3","251","215","2,526.28"
"2022 May 07 12:00:00 AM","2,022","5","7","15,151","BOYACA","CHIQUINQUIRA","56,224,880,219","-738,042,449,951","ESTACION DE SERVICIO DE GNCV","GNV","2","590","398","4,684.29"
"2022 May 31 12:00:00 AM","2,022","5","31","15,152","BOYACA","DUITAMA","58,906,025,887","-730,670,928,955","ESTACION DE SERVICIO DE GNCV","GNV","2","241","184","7,623.1"
"2022 May 28 12:00:00 AM","2,022","5","28","15,151","BOYACA","CHIQUINQUIRA","56,224,880,219","-738,042,449,951","ESTACION DE SERVICIO DE GNCV","GNV","2","658","427","5,644.5"
"2022 May 16 12:00:00 AM","2,022","5","16","15,152","BOYACA","DUITAMA","58,906,025,887","-730,670,928,955","ESTACION DE SERVICIO DE GNCV","GNV","2","243","193","8,113.45"
"2022 May 29 12:00:00 AM","2,022","5","29","15,152","BOYACA","DUITAMA","58,906,025,887","-730,670,928,955","ESTACION DE SERVICIO DE GNCV","GNV","2","160","111","2,149.86"
"2022 May 25 12:00:00 AM","2,022","5","25","15,151","BOYACA","CHIQUINQUIRA","56,224,880,219","-738,042,449,951","ESTACION DE SERVICIO DE GNCV","GNV","2","581","396","4,940.09"
"2022 May 09 12:00:00 AM","2,022","5","9","15,157","BOYACA","SOGAMOSO","56,466,722,488","-728,709,564,209","ESTACION DE SERVICIO DE GNCV","GNV","1","254","193","2,292.81"
"2022 May 03 12:00:00 AM","2,022","5","3","15,150","BOYACA","TUNJA","55,184,726,715","-733,780,212,402","ESTACION DE SERVICIO DE GNCV","GNV","3","205","164","2.175"
"2022 May 27 12:00:00 AM","2,022","5","27","15,151","BOYACA","CHIQUINQUIRA","56,224,880,219","-738,042,449,951","ESTACION DE SERVICIO DE GNCV","GNV","2","618","416","5,093.05"
"2022 May 01 12:00:00 AM","2,022","5","1","15,152","BOYACA","DUITAMA","58,906,025,887","-730,670,928,955","ESTACION DE SERVICIO DE GNCV","GNV","2","174","126","2,059.42"
"2022 May 06 12:00:00 AM","2,022","5","6","15,150","BOYACA","TUNJA","55,184,726,715","-733,780,212,402","ESTACION DE SERVICIO DE GNCV","GNV","3","258","210","2,709.11"
"2022 May 19 12:00:00 AM","2,022","5","19","15,152","BOYACA","DUITAMA","58,906,025,887","-730,670,928,955","ESTACION DE SERVICIO DE GNCV","GNV","2","247","190","8,345.07"
"2022 May 20 12:00:00 AM","2,022","5","20","15,152","BOYACA","DUITAMA","58,906,025,887","-730,670,928,955","ESTACION DE SERVICIO DE GNCV","GNV","2","248","185","8,205.32"
"2022 May 22 12:00:00 AM","2,022","5","22","15,151","BOYACA","CHIQUINQUIRA","56,224,880,219","-738,042,449,951","ESTACION DE SERVICIO DE GNCV","GNV","2","589","361","4,609.77"
"2022 May 08 12:00:00 AM","2,022","5","8","15,150","BOYACA","TUNJA","55,184,726,715","-733,780,212,402","ESTACION DE SERVICIO DE GNCV","GNV","3","222","186","2,339.92"
"2022 May 10 12:00:00 AM","2,022","5","10","15,157","BOYACA","SOGAMOSO","56,466,722,488","-728,709,564,209","ESTACION DE SERVICIO DE GNCV","GNV","1","259","198","2,457.46"
"2022 May 17 12:00:00 AM","2,022","5","17","15,150","BOYACA","TUNJA","55,184,726,715","-733,780,212,402","ESTACION DE SERVICIO DE GNCV","GNV","3","291","237","2,905.01"
"2022 May 23 12:00:00 AM","2,022","5","23","15,157","BOYACA","SOGAMOSO","56,466,722,488","-728,709,564,209","ESTACION DE SERVICIO DE GNCV","GNV","1","245","187","2,252.86"
"2022 May 31 12:00:00 AM","2,022","5","31","15,157","BOYACA","SOGAMOSO","56,466,722,488","-728,709,564,209","ESTACION DE SERVICIO DE GNCV","GNV","1","283","206","2,462.18"
"2022 May 21 12:00:00 AM","2,022","5","21","15,150","BOYACA","TUNJA","55,184,726,715","-733,780,212,402","ESTACION DE SERVICIO DE GNCV","GNV","3","335","273","3,423.68"
"2022 May 24 12:00:00 AM","2,022","5","24","15,152","BOYACA","DUITAMA","58,906,025,887","-730,670,928,955","ESTACION DE SERVICIO DE GNCV","GNV","2","244","192","7,451.34"
"2022 May 05 12:00:00 AM","2,022","5","5","15,151","BOYACA","CHIQUINQUIRA","56,224,880,219","-738,042,449,951","ESTACION DE SERVICIO DE GNCV","GNV","2","628","418","5,033.7"
"2022 May 22 12:00:00 AM","2,022","5","22","15,157","BOYACA","SOGAMOSO","56,466,722,488","-728,709,564,209","ESTACION DE SERVICIO DE GNCV","GNV","1","229","152","2,195.68"
"2022 May 13 12:00:00 AM","2,022","5","13","15,152","BOYACA","DUITAMA","58,906,025,887","-730,670,928,955","ESTACION DE SERVICIO DE GNCV","GNV","2","232","164","5,548.75"
"2022 May 20 12:00:00 AM","2,022","5","20","15,150","BOYACA","TUNJA","55,184,726,715","-733,780,212,402","ESTACION DE SERVICIO DE GNCV","GNV","3","293","251","2,927.98"
"2022 May 20 12:00:00 AM","2,022","5","20","15,157","BOYACA","SOGAMOSO","56,466,722,488","-728,709,564,209","ESTACION DE SERVICIO DE GNCV","GNV","1","264","193","2,257.23"
"2022 May 19 12:00:00 AM","2,022","5","19","15,150","BOYACA","TUNJA","55,184,726,715","-733,780,212,402","ESTACION DE SERVICIO DE GNCV","GNV","3","286","234","2,882.87"
"2022 May 29 12:00:00 AM","2,022","5","29","15,157","BOYACA","SOGAMOSO","56,466,722,488","-728,709,564,209","ESTACION DE SERVICIO DE GNCV","GNV","1","221","156","1,794.81"
"2022 May 04 12:00:00 AM","2,022","5","4","15,151","BOYACA","CHIQUINQUIRA","56,224,880,219","-738,042,449,951","ESTACION DE SERVICIO DE GNCV","GNV","2","629","410","5,339.17"
"2022 May 02 12:00:00 AM","2,022","5","2","15,157","BOYACA","SOGAMOSO","56,466,722,488","-728,709,564,209","ESTACION DE SERVICIO DE GNCV","GNV","1","270","197","2,520.27"
"2022 May 13 12:00:00 AM","2,022","5","13","15,151","BOYACA","CHIQUINQUIRA","56,224,880,219","-738,042,449,951","ESTACION DE SERVICIO DE GNCV","GNV","2","648","435","5,528.5"
"2022 May 12 12:00:00 AM","2,022","5","12","15,152","BOYACA","DUITAMA","58,906,025,887","-730,670,928,955","ESTACION DE SERVICIO DE GNCV","GNV","2","216","164","7,305.34"
"2022 May 17 12:00:00 AM","2,022","5","17","15,151","BOYACA","CHIQUINQUIRA","56,224,880,219","-738,042,449,951","ESTACION DE SERVICIO DE GNCV","GNV","2","624","428","5,281.57"
"2022 May 16 12:00:00 AM","2,022","5","16","15,157","BOYACA","SOGAMOSO","56,466,722,488","-728,709,564,209","ESTACION DE SERVICIO DE GNCV","GNV","1","274","211","2,458.64"
"2022 May 03 12:00:00 AM","2,022","5","3","15,157","BOYACA","SOGAMOSO","56,466,722,488","-728,709,564,209","ESTACION DE SERVICIO DE GNCV","GNV","1","271","201","2,473.58"
"2022 May 08 12:00:00 AM","2,022","5","8","15,151","BOYACA","CHIQUINQUIRA","56,224,880,219","-738,042,449,951","ESTACION DE SERVICIO DE GNCV","GNV","2","635","389","4,889.85"
"2022 May 24 12:00:00 AM","2,022","5","24","15,150","BOYACA","TUNJA","55,184,726,715","-733,780,212,402","ESTACION DE SERVICIO DE GNCV","GNV","3","264","225","2,839.16"
"2022 May 09 12:00:00 AM","2,022","5","9","15,151","BOYACA","CHIQUINQUIRA","56,224,880,219","-738,042,449,951","ESTACION DE SERVICIO DE GNCV","GNV","2","650","424","5,432.54"
"2022 May 26 12:00:00 AM","2,022","5","26","15,157","BOYACA","SOGAMOSO","56,466,722,488","-728,709,564,209","ESTACION DE SERVICIO DE GNCV","GNV","1","238","184","1,956.39"
"2022 May 25 12:00:00 AM","2,022","5","25","15,150","BOYACA","TUNJA","55,184,726,715","-733,780,212,402","ESTACION DE SERVICIO DE GNCV","GNV","3","283","225","2,740.94"
"2022 May 12 12:00:00 AM","2,022","5","12","15,150","BOYACA","TUNJA","55,184,726,715","-733,780,212,402","ESTACION DE SERVICIO DE GNCV","GNV","3","276","232","3,030.09"
"2022 May 02 12:00:00 AM","2,022","5","2","15,151","BOYACA","CHIQUINQUIRA","56,224,880,219","-738,042,449,951","ESTACION DE SERVICIO DE GNCV","GNV","2","582","397","5,028.73"
"2022 May 02 12:00:00 AM","2,022","5","2","15,150","BOYACA","TUNJA","55,184,726,715","-733,780,212,402","ESTACION DE SERVICIO DE GNCV","GNV","3","253","208","2,652.12"
"2022 Apr 07 12:00:00 AM","2,022","4","7","15,152","BOYACA","DUITAMA","58,906,025,887","-730,670,928,955","ESTACION DE SERVICIO DE GNCV","GNV","2","265","200","7,970.08"
"2022 Apr 24 12:00:00 AM","2,022","4","24","15,151","BOYACA","CHIQUINQUIRA","56,224,880,219","-738,042,449,951","ESTACION DE SERVICIO DE GNCV","GNV","2","561","361","4,348.01"
"2022 Apr 29 12:00:00 AM","2,022","4","29","15,152","BOYACA","DUITAMA","58,906,025,887","-730,670,928,955","ESTACION DE SERVICIO DE GNCV","GNV","2","247","184","5,795.4"
"2022 Apr 15 12:00:00 AM","2,022","4","15","15,152","BOYACA","DUITAMA","58,906,025,887","-730,670,928,955","ESTACION DE SERVICIO DE GNCV","GNV","2","91","78","1,169.09"
"2022 Apr 04 12:00:00 AM","2,022","4","4","15,152","BOYACA","DUITAMA","58,906,025,887","-730,670,928,955","ESTACION DE SERVICIO DE GNCV","GNV","2","238","197","7,037.29"
"2022 Apr 17 12:00:00 AM","2,022","4","17","15,152","BOYACA","DUITAMA","58,906,025,887","-730,670,928,955","ESTACION DE SERVICIO DE GNCV","GNV","2","194","146","2,601.77"
"2022 Apr 17 12:00:00 AM","2,022","4","17","15,150","BOYACA","TUNJA","55,184,726,715","-733,780,212,402","ESTACION DE SERVICIO DE GNCV","GNV","2","206","180","2,131.87"
"2022 Apr 18 12:00:00 AM","2,022","4","18","15,150","BOYACA","TUNJA","55,184,726,715","-733,780,212,402","ESTACION DE SERVICIO DE GNCV","GNV","2","222","191","2,429.75"
"2022 Apr 27 12:00:00 AM","2,022","4","27","15,150","BOYACA","TUNJA","55,184,726,715","-733,780,212,402","ESTACION DE SERVICIO DE GNCV","GNV","3","265","223","2,843.49"
"2022 Apr 30 12:00:00 AM","2,022","4","30","15,151","BOYACA","CHIQUINQUIRA","56,224,880,219","-738,042,449,951","ESTACION DE SERVICIO DE GNCV","GNV","2","650","410","5,506.92"
"2022 Apr 01 12:00:00 AM","2,022","4","1","15,157","BOYACA","SOGAMOSO","56,466,722,488","-728,709,564,209","ESTACION DE SERVICIO DE GNCV","GNV","1","342","217","2,846.13"
"2022 Apr 14 12:00:00 AM","2,022","4","14","15,157","BOYACA","SOGAMOSO","56,466,722,488","-728,709,564,209","ESTACION DE SERVICIO DE GNCV","GNV","1","271","179","2,149.87"
"2022 Apr 06 12:00:00 AM","2,022","4","6","15,151","BOYACA","CHIQUINQUIRA","56,224,880,219","-738,042,449,951","ESTACION DE SERVICIO DE GNCV","GNV","2","661","420","5,598.25"
"2022 Apr 16 12:00:00 AM","2,022","4","16","15,150","BOYACA","TUNJA","55,184,726,715","-733,780,212,402","ESTACION DE SERVICIO DE GNCV","GNV","2","206","180","2,079.4"
"2022 Apr 13 12:00:00 AM","2,022","4","13","15,150","BOYACA","TUNJA","55,184,726,715","-733,780,212,402","ESTACION DE SERVICIO DE GNCV","GNV","2","291","249","3,257.64"
"2022 Apr 02 12:00:00 AM","2,022","4","2","15,151","BOYACA","CHIQUINQUIRA","56,224,880,219","-738,042,449,951","ESTACION DE SERVICIO DE GNCV","GNV","2","656","418","5,122.27"
"2022 Apr 01 12:00:00 AM","2,022","4","1","15,152","BOYACA","DUITAMA","58,906,025,887","-730,670,928,955","ESTACION DE SERVICIO DE GNCV","GNV","2","274","218","7,497.83"
"2022 Apr 22 12:00:00 AM","2,022","4","22","15,152","BOYACA","DUITAMA","58,906,025,887","-730,670,928,955","ESTACION DE SERVICIO DE GNCV","GNV","2","251","191","5,943.81"
"2022 Apr 06 12:00:00 AM","2,022","4","6","15,152","BOYACA","DUITAMA","58,906,025,887","-730,670,928,955","ESTACION DE SERVICIO DE GNCV","GNV","2","240","185","7,487.67"
"2022 Apr 03 12:00:00 AM","2,022","4","3","15,152","BOYACA","DUITAMA","58,906,025,887","-730,670,928,955","ESTACION DE SERVICIO DE GNCV","GNV","2","175","122","3,382.49"
"2022 Apr 04 12:00:00 AM","2,022","4","4","15,151","BOYACA","CHIQUINQUIRA","56,224,880,219","-738,042,449,951","ESTACION DE SERVICIO DE GNCV","GNV","2","653","424","5,428.18"
"2022 Apr 05 12:00:00 AM","2,022","4","5","15,150","BOYACA","TUNJA","55,184,726,715","-733,780,212,402","ESTACION DE SERVICIO DE GNCV","GNV","2","135","119","1,444.95"
"2022 Apr 30 12:00:00 AM","2,022","4","30","15,152","BOYACA","DUITAMA","58,906,025,887","-730,670,928,955","ESTACION DE SERVICIO DE GNCV","GNV","2","269","184","6,815.58"
"2022 Apr 05 12:00:00 AM","2,022","4","5","15,157","BOYACA","SOGAMOSO","56,466,722,488","-728,709,564,209","ESTACION DE SERVICIO DE GNCV","GNV","1","325","223","2,660.67"
"2022 Apr 16 12:00:00 AM","2,022","4","16","15,151","BOYACA","CHIQUINQUIRA","56,224,880,219","-738,042,449,951","ESTACION DE SERVICIO DE GNCV","GNV","2","633","416","5,150.61"
"2022 Apr 12 12:00:00 AM","2,022","4","12","15,150","BOYACA","TUNJA","55,184,726,715","-733,780,212,402","ESTACION DE SERVICIO DE GNCV","GNV","2","273","232","3,217.15"
"2022 Apr 20 12:00:00 AM","2,022","4","20","15,157","BOYACA","SOGAMOSO","56,466,722,488","-728,709,564,209","ESTACION DE SERVICIO DE GNCV","GNV","1","285","201","2,612.26"
"2022 Apr 19 12:00:00 AM","2,022","4","19","15,150","BOYACA","TUNJA","55,184,726,715","-733,780,212,402","ESTACION DE SERVICIO DE GNCV","GNV","2","242","204","2,722.04"
"2022 Apr 23 12:00:00 AM","2,022","4","23","15,150","BOYACA","TUNJA","55,184,726,715","-733,780,212,402","ESTACION DE SERVICIO DE GNCV","GNV","3","280","231","3,015.56"
"2022 Apr 28 12:00:00 AM","2,022","4","28","15,151","BOYACA","CHIQUINQUIRA","56,224,880,219","-738,042,449,951","ESTACION DE SERVICIO DE GNCV","GNV","2","632","418","5,081.76"
"2022 Apr 25 12:00:00 AM","2,022","4","25","15,152","BOYACA","DUITAMA","58,906,025,887","-730,670,928,955","ESTACION DE SERVICIO DE GNCV","GNV","2","233","181","6,936.53"
"2022 Apr 25 12:00:00 AM","2,022","4","25","15,157","BOYACA","SOGAMOSO","56,466,722,488","-728,709,564,209","ESTACION DE SERVICIO DE GNCV","GNV","1","293","201","2,526.02"
"2022 Apr 07 12:00:00 AM","2,022","4","7","15,151","BOYACA","CHIQUINQUIRA","56,224,880,219","-738,042,449,951","ESTACION DE SERVICIO DE GNCV","GNV","2","644","435","5,457.47"
"2022 Apr 02 12:00:00 AM","2,022","4","2","15,152","BOYACA","DUITAMA","58,906,025,887","-730,670,928,955","ESTACION DE SERVICIO DE GNCV","GNV","2","249","193","5,225.18"
"2022 Apr 20 12:00:00 AM","2,022","4","20","15,152","BOYACA","DUITAMA","58,906,025,887","-730,670,928,955","ESTACION DE SERVICIO DE GNCV","GNV","2","237","180","5.753"
"2022 Apr 07 12:00:00 AM","2,022","4","7","15,157","BOYACA","SOGAMOSO","56,466,722,488","-728,709,564,209","ESTACION DE SERVICIO DE GNCV","GNV","1","304","209","2,490.87"
"2022 Apr 18 12:00:00 AM","2,022","4","18","15,151","BOYACA","CHIQUINQUIRA","56,224,880,219","-738,042,449,951","ESTACION DE SERVICIO DE GNCV","GNV","2","669","463","5,787.42"
"2022 Apr 19 12:00:00 AM","2,022","4","19","15,152","BOYACA","DUITAMA","58,906,025,887","-730,670,928,955","ESTACION DE SERVICIO DE GNCV","GNV","2","244","201","8,277.78"
"2022 Apr 21 12:00:00 AM","2,022","4","21","15,150","BOYACA","TUNJA","55,184,726,715","-733,780,212,402","ESTACION DE SERVICIO DE GNCV","GNV","2","171","152","1,903.21"
"2022 Apr 27 12:00:00 AM","2,022","4","27","15,151","BOYACA","CHIQUINQUIRA","56,224,880,219","-738,042,449,951","ESTACION DE SERVICIO DE GNCV","GNV","2","627","420","5,147.45"
"2022 Apr 08 12:00:00 AM","2,022","4","8","15,157","BOYACA","SOGAMOSO","56,466,722,488","-728,709,564,209","ESTACION DE SERVICIO DE GNCV","GNV","1","328","213","2,660.97"
"2022 Apr 25 12:00:00 AM","2,022","4","25","15,151","BOYACA","CHIQUINQUIRA","56,224,880,219","-738,042,449,951","ESTACION DE SERVICIO DE GNCV","GNV","2","612","406","5,135.39"
"2022 Apr 28 12:00:00 AM","2,022","4","28","15,152","BOYACA","DUITAMA","58,906,025,887","-730,670,928,955","ESTACION DE SERVICIO DE GNCV","GNV","2","237","181","7,458.98"
"2022 Apr 11 12:00:00 AM","2,022","4","11","15,150","BOYACA","TUNJA","55,184,726,715","-733,780,212,402","ESTACION DE SERVICIO DE GNCV","GNV","2","178","156","1,975.11"
"2022 Apr 22 12:00:00 AM","2,022","4","22","15,151","BOYACA","CHIQUINQUIRA","56,224,880,219","-738,042,449,951","ESTACION DE SERVICIO DE GNCV","GNV","2","687","435","5,522.97"
"2022 Apr 02 12:00:00 AM","2,022","4","2","15,150","BOYACA","TUNJA","55,184,726,715","-733,780,212,402","ESTACION DE SERVICIO DE GNCV","GNV","2","195","163","2,029.51"
"2022 Apr 04 12:00:00 AM","2,022","4","4","15,150","BOYACA","TUNJA","55,184,726,715","-733,780,212,402","ESTACION DE SERVICIO DE GNCV","GNV","2","135","123","1,478.9"
"2022 Apr 25 12:00:00 AM","2,022","4","25","15,150","BOYACA","TUNJA","55,184,726,715","-733,780,212,402","ESTACION DE SERVICIO DE GNCV","GNV","3","266","222","2,787.43"
"2022 Apr 21 12:00:00 AM","2,022","4","21","15,151","BOYACA","CHIQUINQUIRA","56,224,880,219","-738,042,449,951","ESTACION DE SERVICIO DE GNCV","GNV","2","608","418","4,966.27"
"2022 Apr 10 12:00:00 AM","2,022","4","10","15,152","BOYACA","DUITAMA","58,906,025,887","-730,670,928,955","ESTACION DE SERVICIO DE GNCV","GNV","2","216","161","4,027.36"
"2022 Apr 12 12:00:00 AM","2,022","4","12","15,157","BOYACA","SOGAMOSO","56,466,722,488","-728,709,564,209","ESTACION DE SERVICIO DE GNCV","GNV","1","342","243","2,866.41"
"2022 Apr 13 12:00:00 AM","2,022","4","13","15,157","BOYACA","SOGAMOSO","56,466,722,488","-728,709,564,209","ESTACION DE SERVICIO DE GNCV","GNV","1","378","251","3,280.02"
"2022 Apr 13 12:00:00 AM","2,022","4","13","15,151","BOYACA","CHIQUINQUIRA","56,224,880,219","-738,042,449,951","ESTACION DE SERVICIO DE GNCV","GNV","2","774","497","6,617.73"
"2022 Apr 29 12:00:00 AM","2,022","4","29","15,157","BOYACA","SOGAMOSO","56,466,722,488","-728,709,564,209","ESTACION DE SERVICIO DE GNCV","GNV","1","306","205","2,693.37"
"2022 Apr 14 12:00:00 AM","2,022","4","14","15,150","BOYACA","TUNJA","55,184,726,715","-733,780,212,402","ESTACION DE SERVICIO DE GNCV","GNV","2","257","235","2,807.2"
"2022 Apr 24 12:00:00 AM","2,022","4","24","15,150","BOYACA","TUNJA","55,184,726,715","-733,780,212,402","ESTACION DE SERVICIO DE GNCV","GNV","3","246","204","2,607.92"
"2022 Apr 10 12:00:00 AM","2,022","4","10","15,150","BOYACA","TUNJA","55,184,726,715","-733,780,212,402","ESTACION DE SERVICIO DE GNCV","GNV","2","143","133","1,458.42"
"2022 Apr 28 12:00:00 AM","2,022","4","28","15,157","BOYACA","SOGAMOSO","56,466,722,488","-728,709,564,209","ESTACION DE SERVICIO DE GNCV","GNV","1","271","207","2,481.11"
"2022 Apr 08 12:00:00 AM","2,022","4","8","15,152","BOYACA","DUITAMA","58,906,025,887","-730,670,928,955","ESTACION DE SERVICIO DE GNCV","GNV","2","249","198","8,111.95"
"2022 Apr 22 12:00:00 AM","2,022","4","22","15,150","BOYACA","TUNJA","55,184,726,715","-733,780,212,402","ESTACION DE SERVICIO DE GNCV","GNV","3","185","150","1,996.79"
"2022 Apr 14 12:00:00 AM","2,022","4","14","15,152","BOYACA","DUITAMA","58,906,025,887","-730,670,928,955","ESTACION DE SERVICIO DE GNCV","GNV","2","177","129","2,133.76"
"2022 Apr 21 12:00:00 AM","2,022","4","21","15,157","BOYACA","SOGAMOSO","56,466,722,488","-728,709,564,209","ESTACION DE SERVICIO DE GNCV","GNV","1","327","230","3.077"
"2022 Apr 18 12:00:00 AM","2,022","4","18","15,152","BOYACA","DUITAMA","58,906,025,887","-730,670,928,955","ESTACION DE SERVICIO DE GNCV","GNV","2","293","227","9,585.26"
"2022 Apr 30 12:00:00 AM","2,022","4","30","15,150","BOYACA","TUNJA","55,184,726,715","-733,780,212,402","ESTACION DE SERVICIO DE GNCV","GNV","3","304","246","3,116.92"
"2022 Apr 20 12:00:00 AM","2,022","4","20","15,151","BOYACA","CHIQUINQUIRA","56,224,880,219","-738,042,449,951","ESTACION DE SERVICIO DE GNCV","GNV","2","633","414","5,309.25"
"2022 Apr 06 12:00:00 AM","2,022","4","6","15,157","BOYACA","SOGAMOSO","56,466,722,488","-728,709,564,209","ESTACION DE SERVICIO DE GNCV","GNV","1","312","218","2,634.57"
"2022 Apr 09 12:00:00 AM","2,022","4","9","15,157","BOYACA","SOGAMOSO","56,466,722,488","-728,709,564,209","ESTACION DE SERVICIO DE GNCV","GNV","1","324","206","3.189"
"2022 Apr 11 12:00:00 AM","2,022","4","11","15,151","BOYACA","CHIQUINQUIRA","56,224,880,219","-738,042,449,951","ESTACION DE SERVICIO DE GNCV","GNV","2","612","432","5,210.87"
"2022 Apr 15 12:00:00 AM","2,022","4","15","15,150","BOYACA","TUNJA","55,184,726,715","-733,780,212,402","ESTACION DE SERVICIO DE GNCV","GNV","2","112","99","1,035.03"
"2022 Apr 30 12:00:00 AM","2,022","4","30","15,157","BOYACA","SOGAMOSO","56,466,722,488","-728,709,564,209","ESTACION DE SERVICIO DE GNCV","GNV","1","285","186","2,446.25"
"2022 Apr 24 12:00:00 AM","2,022","4","24","15,157","BOYACA","SOGAMOSO","56,466,722,488","-728,709,564,209","ESTACION DE SERVICIO DE GNCV","GNV","1","246","153","2,070.61"
"2022 Apr 07 12:00:00 AM","2,022","4","7","15,150","BOYACA","TUNJA","55,184,726,715","-733,780,212,402","ESTACION DE SERVICIO DE GNCV","GNV","2","168","148","1,782.7"
"2022 Apr 03 12:00:00 AM","2,022","4","3","15,157","BOYACA","SOGAMOSO","56,466,722,488","-728,709,564,209","ESTACION DE SERVICIO DE GNCV","GNV","1","303","180","2,337.86"
"2022 Apr 14 12:00:00 AM","2,022","4","14","15,151","BOYACA","CHIQUINQUIRA","56,224,880,219","-738,042,449,951","ESTACION DE SERVICIO DE GNCV","GNV","2","630","421","5,063.37"
"2022 Apr 03 12:00:00 AM","2,022","4","3","15,151","BOYACA","CHIQUINQUIRA","56,224,880,219","-738,042,449,951","ESTACION DE SERVICIO DE GNCV","GNV","2","597","387","4,805.61"
"2022 Apr 29 12:00:00 AM","2,022","4","29","15,150","BOYACA","TUNJA","55,184,726,715","-733,780,212,402","ESTACION DE SERVICIO DE GNCV","GNV","3","310","251","3,417.94"
"2022 Apr 08 12:00:00 AM","2,022","4","8","15,150","BOYACA","TUNJA","55,184,726,715","-733,780,212,402","ESTACION DE SERVICIO DE GNCV","GNV","2","186","161","2,115.06"
"2022 Apr 03 12:00:00 AM","2,022","4","3","15,150","BOYACA","TUNJA","55,184,726,715","-733,780,212,402","ESTACION DE SERVICIO DE GNCV","GNV","2","147","136","1,517.09"
"2022 Apr 16 12:00:00 AM","2,022","4","16","15,152","BOYACA","DUITAMA","58,906,025,887","-730,670,928,955","ESTACION DE SERVICIO DE GNCV","GNV","2","206","171","2,414.37"
"2022 Apr 06 12:00:00 AM","2,022","4","6","15,150","BOYACA","TUNJA","55,184,726,715","-733,780,212,402","ESTACION DE SERVICIO DE GNCV","GNV","2","141","120","1,534.01"
"2022 Apr 12 12:00:00 AM","2,022","4","12","15,151","BOYACA","CHIQUINQUIRA","56,224,880,219","-738,042,449,951","ESTACION DE SERVICIO DE GNCV","GNV","2","655","448","5,659.77"
"2022 Apr 21 12:00:00 AM","2,022","4","21","15,152","BOYACA","DUITAMA","58,906,025,887","-730,670,928,955","ESTACION DE SERVICIO DE GNCV","GNV","2","209","165","6,379.5"
"2022 Apr 27 12:00:00 AM","2,022","4","27","15,152","BOYACA","DUITAMA","58,906,025,887","-730,670,928,955","ESTACION DE SERVICIO DE GNCV","GNV","2","233","178","6,607.33"
"2022 Apr 15 12:00:00 AM","2,022","4","15","15,151","BOYACA","CHIQUINQUIRA","56,224,880,219","-738,042,449,951","ESTACION DE SERVICIO DE GNCV","GNV","2","327","224","2,498.93"
"2022 Apr 10 12:00:00 AM","2,022","4","10","15,157","BOYACA","SOGAMOSO","56,466,722,488","-728,709,564,209","ESTACION DE SERVICIO DE GNCV","GNV","1","324","212","2,609.97"
"2022 Apr 28 12:00:00 AM","2,022","4","28","15,150","BOYACA","TUNJA","55,184,726,715","-733,780,212,402","ESTACION DE SERVICIO DE GNCV","GNV","3","265","220","2,783.55"
"2022 Apr 10 12:00:00 AM","2,022","4","10","15,151","BOYACA","CHIQUINQUIRA","56,224,880,219","-738,042,449,951","ESTACION DE SERVICIO DE GNCV","GNV","2","650","401","5,135.47"
"2022 Apr 19 12:00:00 AM","2,022","4","19","15,157","BOYACA","SOGAMOSO","56,466,722,488","-728,709,564,209","ESTACION DE SERVICIO DE GNCV","GNV","1","291","209","2,473.34"
"2022 Apr 18 12:00:00 AM","2,022","4","18","15,157","BOYACA","SOGAMOSO","56,466,722,488","-728,709,564,209","ESTACION DE SERVICIO DE GNCV","GNV","1","313","223","2,623.88"
"2022 Apr 04 12:00:00 AM","2,022","4","4","15,157","BOYACA","SOGAMOSO","56,466,722,488","-728,709,564,209","ESTACION DE SERVICIO DE GNCV","GNV","1","343","236","2,888.51"
"2022 Apr 12 12:00:00 AM","2,022","4","12","15,152","BOYACA","DUITAMA","58,906,025,887","-730,670,928,955","ESTACION DE SERVICIO DE GNCV","GNV","2","246","186","7,002.83"
"2022 Apr 26 12:00:00 AM","2,022","4","26","15,150","BOYACA","TUNJA","55,184,726,715","-733,780,212,402","ESTACION DE SERVICIO DE GNCV","GNV","3","285","231","2,840.62"
"2022 Apr 16 12:00:00 AM","2,022","4","16","15,157","BOYACA","SOGAMOSO","56,466,722,488","-728,709,564,209","ESTACION DE SERVICIO DE GNCV","GNV","1","279","197","2,474.31"
"2022 Apr 11 12:00:00 AM","2,022","4","11","15,152","BOYACA","DUITAMA","58,906,025,887","-730,670,928,955","ESTACION DE SERVICIO DE GNCV","GNV","2","254","208","7,018.32"
"2022 Apr 19 12:00:00 AM","2,022","4","19","15,151","BOYACA","CHIQUINQUIRA","56,224,880,219","-738,042,449,951","ESTACION DE SERVICIO DE GNCV","GNV","2","691","442","5,875.89"
"2022 Apr 08 12:00:00 AM","2,022","4","8","15,151","BOYACA","CHIQUINQUIRA","56,224,880,219","-738,042,449,951","ESTACION DE SERVICIO DE GNCV","GNV","2","665","431","5,444.04"
"2022 Apr 26 12:00:00 AM","2,022","4","26","15,157","BOYACA","SOGAMOSO","56,466,722,488","-728,709,564,209","ESTACION DE SERVICIO DE GNCV","GNV","1","290","209","2,551.69"
"2022 Apr 02 12:00:00 AM","2,022","4","2","15,157","BOYACA","SOGAMOSO","56,466,722,488","-728,709,564,209","ESTACION DE SERVICIO DE GNCV","GNV","1","368","223","2,886.79"
"2022 Apr 11 12:00:00 AM","2,022","4","11","15,157","BOYACA","SOGAMOSO","56,466,722,488","-728,709,564,209","ESTACION DE SERVICIO DE GNCV","GNV","1","304","221","2,586.1"
"2022 Apr 27 12:00:00 AM","2,022","4","27","15,157","BOYACA","SOGAMOSO","56,466,722,488","-728,709,564,209","ESTACION DE SERVICIO DE GNCV","GNV","1","281","207","2,629.79"
"2022 Apr 23 12:00:00 AM","2,022","4","23","15,152","BOYACA","DUITAMA","58,906,025,887","-730,670,928,955","ESTACION DE SERVICIO DE GNCV","GNV","2","244","173","5,385.13"
"2022 Apr 15 12:00:00 AM","2,022","4","15","15,157","BOYACA","SOGAMOSO","56,466,722,488","-728,709,564,209","ESTACION DE SERVICIO DE GNCV","GNV","1","156","99","1,117.43"
"2022 Apr 26 12:00:00 AM","2,022","4","26","15,151","BOYACA","CHIQUINQUIRA","56,224,880,219","-738,042,449,951","ESTACION DE SERVICIO DE GNCV","GNV","2","639","433","5,558.59"
"2022 Apr 13 12:00:00 AM","2,022","4","13","15,152","BOYACA","DUITAMA","58,906,025,887","-730,670,928,955","ESTACION DE SERVICIO DE GNCV","GNV","2","280","228","5,916.08"
"2022 Apr 22 12:00:00 AM","2,022","4","22","15,157","BOYACA","SOGAMOSO","56,466,722,488","-728,709,564,209","ESTACION DE SERVICIO DE GNCV","GNV","1","286","164","2,420.65"
"2022 Apr 29 12:00:00 AM","2,022","4","29","15,151","BOYACA","CHIQUINQUIRA","56,224,880,219","-738,042,449,951","ESTACION DE SERVICIO DE GNCV","GNV","2","656","429","5,522.66"
"2022 Apr 26 12:00:00 AM","2,022","4","26","15,152","BOYACA","DUITAMA","58,906,025,887","-730,670,928,955","ESTACION DE SERVICIO DE GNCV","GNV","2","248","204","6,763.95"
"2022 Apr 17 12:00:00 AM","2,022","4","17","15,157","BOYACA","SOGAMOSO","56,466,722,488","-728,709,564,209","ESTACION DE SERVICIO DE GNCV","GNV","1","304","216","2,769.24"
"2022 Apr 05 12:00:00 AM","2,022","4","5","15,152","BOYACA","DUITAMA","58,906,025,887","-730,670,928,955","ESTACION DE SERVICIO DE GNCV","GNV","2","244","195","7,053.63"
"2022 Apr 23 12:00:00 AM","2,022","4","23","15,157","BOYACA","SOGAMOSO","56,466,722,488","-728,709,564,209","ESTACION DE SERVICIO DE GNCV","GNV","1","325","219","2,724.1"
"2022 Apr 20 12:00:00 AM","2,022","4","20","15,150","BOYACA","TUNJA","55,184,726,715","-733,780,212,402","ESTACION DE SERVICIO DE GNCV","GNV","2","173","151","1,913.49"
"2022 Apr 23 12:00:00 AM","2,022","4","23","15,151","BOYACA","CHIQUINQUIRA","56,224,880,219","-738,042,449,951","ESTACION DE SERVICIO DE GNCV","GNV","2","640","425","5,311.53"
"2022 Apr 09 12:00:00 AM","2,022","4","9","15,151","BOYACA","CHIQUINQUIRA","56,224,880,219","-738,042,449,951","ESTACION DE SERVICIO DE GNCV","GNV","2","681","441","5,605.15"
"2022 Apr 01 12:00:00 AM","2,022","4","1","15,151","BOYACA","CHIQUINQUIRA","56,224,880,219","-738,042,449,951","ESTACION DE SERVICIO DE GNCV","GNV","2","661","443","5,711.33"
"2022 Apr 24 12:00:00 AM","2,022","4","24","15,152","BOYACA","DUITAMA","58,906,025,887","-730,670,928,955","ESTACION DE SERVICIO DE GNCV","GNV","2","204","144","3,400.39"
"2022 Apr 17 12:00:00 AM","2,022","4","17","15,151","BOYACA","CHIQUINQUIRA","56,224,880,219","-738,042,449,951","ESTACION DE SERVICIO DE GNCV","GNV","2","687","453","5,453.42"
"2022 Apr 09 12:00:00 AM","2,022","4","9","15,152","BOYACA","DUITAMA","58,906,025,887","-730,670,928,955","ESTACION DE SERVICIO DE GNCV","GNV","2","247","185","5,109.33"
"2022 Apr 09 12:00:00 AM","2,022","4","9","15,150","BOYACA","TUNJA","55,184,726,715","-733,780,212,402","ESTACION DE SERVICIO DE GNCV","GNV","2","202","182","2,165.97"
"2022 Apr 05 12:00:00 AM","2,022","4","5","15,151","BOYACA","CHIQUINQUIRA","56,224,880,219","-738,042,449,951","ESTACION DE SERVICIO DE GNCV","GNV","2","665","434","5,685.58"
"2022 Apr 01 12:00:00 AM","2,022","4","1","15,150","BOYACA","TUNJA","55,184,726,715","-733,780,212,402","ESTACION DE SERVICIO DE GNCV","GNV","2","200","165","1,977.8"
"2022 Mar 18 12:00:00 AM","2,022","3","18","15,157","BOYACA","SOGAMOSO","56,466,722,488","-728,709,564,209","ESTACION DE SERVICIO DE GNCV","GNV","1","347","222","2,991.16"
"2022 Mar 04 12:00:00 AM","2,022","3","4","15,157","BOYACA","SOGAMOSO","56,466,722,488","-728,709,564,209","ESTACION DE SERVICIO DE GNCV","GNV","1","353","230","3,208.42"
"2022 Mar 13 12:00:00 AM","2,022","3","13","15,150","BOYACA","TUNJA","55,184,726,715","-733,780,212,402","ESTACION DE SERVICIO DE GNCV","GNV","2","132","118","1.383"
"2022 Mar 29 12:00:00 AM","2,022","3","29","15,151","BOYACA","CHIQUINQUIRA","56,224,880,219","-738,042,449,951","ESTACION DE SERVICIO DE GNCV","GNV","2","605","410","5,185.13"
"2022 Mar 27 12:00:00 AM","2,022","3","27","15,157","BOYACA","SOGAMOSO","56,466,722,488","-728,709,564,209","ESTACION DE SERVICIO DE GNCV","GNV","1","285","171","2,387.18"
"2022 Mar 03 12:00:00 AM","2,022","3","3","15,150","BOYACA","TUNJA","55,184,726,715","-733,780,212,402","ESTACION DE SERVICIO DE GNCV","GNV","2","149","129","1,730.54"
"2022 Mar 05 12:00:00 AM","2,022","3","5","15,150","BOYACA","TUNJA","55,184,726,715","-733,780,212,402","ESTACION DE SERVICIO DE GNCV","GNV","2","282","207","2,742.47"
"2022 Mar 23 12:00:00 AM","2,022","3","23","15,157","BOYACA","SOGAMOSO","56,466,722,488","-728,709,564,209","ESTACION DE SERVICIO DE GNCV","GNV","1","287","208","2,464.39"
"2022 Mar 13 12:00:00 AM","2,022","3","13","15,157","BOYACA","SOGAMOSO","56,466,722,488","-728,709,564,209","ESTACION DE SERVICIO DE GNCV","GNV","1","260","164","1,893.96"
"2022 Mar 26 12:00:00 AM","2,022","3","26","15,152","BOYACA","DUITAMA","58,906,025,887","-730,670,928,955","ESTACION DE SERVICIO DE GNCV","GNV","2","262","206","6,181.17"
"2022 Mar 21 12:00:00 AM","2,022","3","21","15,157","BOYACA","SOGAMOSO","56,466,722,488","-728,709,564,209","ESTACION DE SERVICIO DE GNCV","GNV","1","255","194","2,115.27"
"2022 Mar 26 12:00:00 AM","2,022","3","26","15,150","BOYACA","TUNJA","55,184,726,715","-733,780,212,402","ESTACION DE SERVICIO DE GNCV","GNV","2","177","152","2,013.93"
"2022 Mar 31 12:00:00 AM","2,022","3","31","15,151","BOYACA","CHIQUINQUIRA","56,224,880,219","-738,042,449,951","ESTACION DE SERVICIO DE GNCV","GNV","2","651","431","5,613.21"
"2022 Mar 08 12:00:00 AM","2,022","3","8","15,151","BOYACA","CHIQUINQUIRA","56,224,880,219","-738,042,449,951","ESTACION DE SERVICIO DE GNCV","GNV","3","738","484","6,521.42"
"2022 Mar 21 12:00:00 AM","2,022","3","21","15,150","BOYACA","TUNJA","55,184,726,715","-733,780,212,402","ESTACION DE SERVICIO DE GNCV","GNV","2","134","118","1,464.22"
"2022 Mar 27 12:00:00 AM","2,022","3","27","15,152","BOYACA","DUITAMA","58,906,025,887","-730,670,928,955","ESTACION DE SERVICIO DE GNCV","GNV","2","161","128","2,672.59"
"2022 Mar 01 12:00:00 AM","2,022","3","1","15,157","BOYACA","SOGAMOSO","56,466,722,488","-728,709,564,209","ESTACION DE SERVICIO DE GNCV","GNV","1","322","222","2,669.51"
"2022 Mar 10 12:00:00 AM","2,022","3","10","15,151","BOYACA","CHIQUINQUIRA","56,224,880,219","-738,042,449,951","ESTACION DE SERVICIO DE GNCV","GNV","3","728","486","6,085.88"
"2022 Mar 16 12:00:00 AM","2,022","3","16","15,157","BOYACA","SOGAMOSO","56,466,722,488","-728,709,564,209","ESTACION DE SERVICIO DE GNCV","GNV","1","298","199","2,448.98"
"2022 Mar 15 12:00:00 AM","2,022","3","15","15,152","BOYACA","DUITAMA","58,906,025,887","-730,670,928,955","ESTACION DE SERVICIO DE GNCV","GNV","2","239","195","7,322.23"
"2022 Mar 18 12:00:00 AM","2,022","3","18","15,152","BOYACA","DUITAMA","58,906,025,887","-730,670,928,955","ESTACION DE SERVICIO DE GNCV","GNV","2","249","193","5,917.01"
"2022 Mar 15 12:00:00 AM","2,022","3","15","15,151","BOYACA","CHIQUINQUIRA","56,224,880,219","-738,042,449,951","ESTACION DE SERVICIO DE GNCV","GNV","2","584","405","4,880.33"
"2022 Mar 22 12:00:00 AM","2,022","3","22","15,152","BOYACA","DUITAMA","58,906,025,887","-730,670,928,955","ESTACION DE SERVICIO DE GNCV","GNV","2","262","210","6,472.37"
"2022 Mar 14 12:00:00 AM","2,022","3","14","15,152","BOYACA","DUITAMA","58,906,025,887","-730,670,928,955","ESTACION DE SERVICIO DE GNCV","GNV","2","233","190","8,941.71"
"2022 Mar 11 12:00:00 AM","2,022","3","11","15,150","BOYACA","TUNJA","55,184,726,715","-733,780,212,402","ESTACION DE SERVICIO DE GNCV","GNV","2","206","166","2,276.97"
"2022 Mar 30 12:00:00 AM","2,022","3","30","15,157","BOYACA","SOGAMOSO","56,466,722,488","-728,709,564,209","ESTACION DE SERVICIO DE GNCV","GNV","1","322","225","2,749.38"
"2022 Mar 25 12:00:00 AM","2,022","3","25","15,151","BOYACA","CHIQUINQUIRA","56,224,880,219","-738,042,449,951","ESTACION DE SERVICIO DE GNCV","GNV","2","643","421","5,343.78"
"2022 Mar 21 12:00:00 AM","2,022","3","21","15,152","BOYACA","DUITAMA","58,906,025,887","-730,670,928,955","ESTACION DE SERVICIO DE GNCV","GNV","2","190","152","2,679.39"
"2022 Mar 30 12:00:00 AM","2,022","3","30","15,150","BOYACA","TUNJA","55,184,726,715","-733,780,212,402","ESTACION DE SERVICIO DE GNCV","GNV","2","156","135","1,701.36"
"2022 Mar 15 12:00:00 AM","2,022","3","15","15,150","BOYACA","TUNJA","55,184,726,715","-733,780,212,402","ESTACION DE SERVICIO DE GNCV","GNV","2","153","128","1,622.85"
"2022 Mar 13 12:00:00 AM","2,022","3","13","15,152","BOYACA","DUITAMA","58,906,025,887","-730,670,928,955","ESTACION DE SERVICIO DE GNCV","GNV","2","163","124","2,571.91"
"2022 Mar 26 12:00:00 AM","2,022","3","26","15,157","BOYACA","SOGAMOSO","56,466,722,488","-728,709,564,209","ESTACION DE SERVICIO DE GNCV","GNV","1","329","192","2,604.71"
"2022 Mar 24 12:00:00 AM","2,022","3","24","15,152","BOYACA","DUITAMA","58,906,025,887","-730,670,928,955","ESTACION DE SERVICIO DE GNCV","GNV","2","240","189","7,031.35"
"2022 Mar 27 12:00:00 AM","2,022","3","27","15,150","BOYACA","TUNJA","55,184,726,715","-733,780,212,402","ESTACION DE SERVICIO DE GNCV","GNV","2","121","108","1.317"
"2022 Mar 07 12:00:00 AM","2,022","3","7","15,151","BOYACA","CHIQUINQUIRA","56,224,880,219","-738,042,449,951","ESTACION DE SERVICIO DE GNCV","GNV","3","753","511","6,517.5"
"2022 Mar 01 12:00:00 AM","2,022","3","1","15,152","BOYACA","DUITAMA","58,906,025,887","-730,670,928,955","ESTACION DE SERVICIO DE GNCV","GNV","2","267","203","6,534.81"
"2022 Mar 09 12:00:00 AM","2,022","3","9","15,152","BOYACA","DUITAMA","58,906,025,887","-730,670,928,955","ESTACION DE SERVICIO DE GNCV","GNV","2","229","182","6,809.08"
"2022 Mar 09 12:00:00 AM","2,022","3","9","15,157","BOYACA","SOGAMOSO","56,466,722,488","-728,709,564,209","ESTACION DE SERVICIO DE GNCV","GNV","1","275","201","2,286.5"
"2022 Mar 23 12:00:00 AM","2,022","3","23","15,152","BOYACA","DUITAMA","58,906,025,887","-730,670,928,955","ESTACION DE SERVICIO DE GNCV","GNV","2","234","182","6,167.82"
"2022 Mar 27 12:00:00 AM","2,022","3","27","15,151","BOYACA","CHIQUINQUIRA","56,224,880,219","-738,042,449,951","ESTACION DE SERVICIO DE GNCV","GNV","2","582","358","4,442.25"
"2022 Mar 19 12:00:00 AM","2,022","3","19","15,152","BOYACA","DUITAMA","58,906,025,887","-730,670,928,955","ESTACION DE SERVICIO DE GNCV","GNV","2","251","179","5,130.28"
"2022 Mar 12 12:00:00 AM","2,022","3","12","15,150","BOYACA","TUNJA","55,184,726,715","-733,780,212,402","ESTACION DE SERVICIO DE GNCV","GNV","2","189","164","2,111.55"
"2022 Mar 05 12:00:00 AM","2,022","3","5","15,151","BOYACA","CHIQUINQUIRA","56,224,880,219","-738,042,449,951","ESTACION DE SERVICIO DE GNCV","GNV","3","759","489","6,575.2"
"2022 Mar 03 12:00:00 AM","2,022","3","3","15,151","BOYACA","CHIQUINQUIRA","56,224,880,219","-738,042,449,951","ESTACION DE SERVICIO DE GNCV","GNV","3","745","494","6,370.64"
"2022 Mar 15 12:00:00 AM","2,022","3","15","15,157","BOYACA","SOGAMOSO","56,466,722,488","-728,709,564,209","ESTACION DE SERVICIO DE GNCV","GNV","1","262","189","2,192.09"
"2022 Mar 28 12:00:00 AM","2,022","3","28","15,151","BOYACA","CHIQUINQUIRA","56,224,880,219","-738,042,449,951","ESTACION DE SERVICIO DE GNCV","GNV","2","644","424","5,484.35"
"2022 Mar 23 12:00:00 AM","2,022","3","23","15,151","BOYACA","CHIQUINQUIRA","56,224,880,219","-738,042,449,951","ESTACION DE SERVICIO DE GNCV","GNV","2","675","428","5,471.57"
"2022 Mar 04 12:00:00 AM","2,022","3","4","15,152","BOYACA","DUITAMA","58,906,025,887","-730,670,928,955","ESTACION DE SERVICIO DE GNCV","GNV","2","258","194","7,156.93"
"2022 Mar 17 12:00:00 AM","2,022","3","17","15,152","BOYACA","DUITAMA","58,906,025,887","-730,670,928,955","ESTACION DE SERVICIO DE GNCV","GNV","2","253","198","7,372.41"
"2022 Mar 22 12:00:00 AM","2,022","3","22","15,150","BOYACA","TUNJA","55,184,726,715","-733,780,212,402","ESTACION DE SERVICIO DE GNCV","GNV","2","150","139","1,659.34"
"2022 Mar 11 12:00:00 AM","2,022","3","11","15,151","BOYACA","CHIQUINQUIRA","56,224,880,219","-738,042,449,951","ESTACION DE SERVICIO DE GNCV","GNV","2","651","423","5,342.3"
"2022 Mar 16 12:00:00 AM","2,022","3","16","15,151","BOYACA","CHIQUINQUIRA","56,224,880,219","-738,042,449,951","ESTACION DE SERVICIO DE GNCV","GNV","2","655","414","5,337.04"
"2022 Mar 04 12:00:00 AM","2,022","3","4","15,151","BOYACA","CHIQUINQUIRA","56,224,880,219","-738,042,449,951","ESTACION DE SERVICIO DE GNCV","GNV","3","763","505","6,681.15"
"2022 Mar 08 12:00:00 AM","2,022","3","8","15,152","BOYACA","DUITAMA","58,906,025,887","-730,670,928,955","ESTACION DE SERVICIO DE GNCV","GNV","2","249","199","6,829.99"
"2022 Mar 08 12:00:00 AM","2,022","3","8","15,157","BOYACA","SOGAMOSO","56,466,722,488","-728,709,564,209","ESTACION DE SERVICIO DE GNCV","GNV","1","311","223","2,647.8"
"2022 Mar 20 12:00:00 AM","2,022","3","20","15,151","BOYACA","CHIQUINQUIRA","56,224,880,219","-738,042,449,951","ESTACION DE SERVICIO DE GNCV","GNV","2","570","358","4,461.67"
"2022 Mar 28 12:00:00 AM","2,022","3","28","15,150","BOYACA","TUNJA","55,184,726,715","-733,780,212,402","ESTACION DE SERVICIO DE GNCV","GNV","2","154","134","1,745.95"
"2022 Mar 14 12:00:00 AM","2,022","3","14","15,157","BOYACA","SOGAMOSO","56,466,722,488","-728,709,564,209","ESTACION DE SERVICIO DE GNCV","GNV","1","320","210","2,457.09"
"2022 Mar 20 12:00:00 AM","2,022","3","20","15,150","BOYACA","TUNJA","55,184,726,715","-733,780,212,402","ESTACION DE SERVICIO DE GNCV","GNV","2","157","136","1,646.76"
"2022 Mar 29 12:00:00 AM","2,022","3","29","15,157","BOYACA","SOGAMOSO","56,466,722,488","-728,709,564,209","ESTACION DE SERVICIO DE GNCV","GNV","1","345","239","2,855.22"
"2022 Mar 03 12:00:00 AM","2,022","3","3","15,152","BOYACA","DUITAMA","58,906,025,887","-730,670,928,955","ESTACION DE SERVICIO DE GNCV","GNV","2","255","190","6,098.37"
"2022 Mar 22 12:00:00 AM","2,022","3","22","15,157","BOYACA","SOGAMOSO","56,466,722,488","-728,709,564,209","ESTACION DE SERVICIO DE GNCV","GNV","1","252","178","2,053.24"
"2022 Mar 21 12:00:00 AM","2,022","3","21","15,151","BOYACA","CHIQUINQUIRA","56,224,880,219","-738,042,449,951","ESTACION DE SERVICIO DE GNCV","GNV","2","572","411","4,742.06"
"2022 Mar 18 12:00:00 AM","2,022","3","18","15,150","BOYACA","TUNJA","55,184,726,715","-733,780,212,402","ESTACION DE SERVICIO DE GNCV","GNV","2","178","165","2,072.96"
"2022 Mar 24 12:00:00 AM","2,022","3","24","15,157","BOYACA","SOGAMOSO","56,466,722,488","-728,709,564,209","ESTACION DE SERVICIO DE GNCV","GNV","1","302","207","2,515.64"
"2022 Mar 24 12:00:00 AM","2,022","3","24","15,150","BOYACA","TUNJA","55,184,726,715","-733,780,212,402","ESTACION DE SERVICIO DE GNCV","GNV","2","132","112","1,552.16"
"2022 Mar 06 12:00:00 AM","2,022","3","6","15,152","BOYACA","DUITAMA","58,906,025,887","-730,670,928,955","ESTACION DE SERVICIO DE GNCV","GNV","2","179","134","2,718.91"
"2022 Mar 01 12:00:00 AM","2,022","3","1","15,150","BOYACA","TUNJA","55,184,726,715","-733,780,212,402","ESTACION DE SERVICIO DE GNCV","GNV","2","173","151","1,808.94"
"2022 Mar 06 12:00:00 AM","2,022","3","6","15,150","BOYACA","TUNJA","55,184,726,715","-733,780,212,402","ESTACION DE SERVICIO DE GNCV","GNV","2","192","154","1,748.81"
"2022 Mar 25 12:00:00 AM","2,022","3","25","15,157","BOYACA","SOGAMOSO","56,466,722,488","-728,709,564,209","ESTACION DE SERVICIO DE GNCV","GNV","1","319","208","2,577.65"
"2022 Mar 11 12:00:00 AM","2,022","3","11","15,157","BOYACA","SOGAMOSO","56,466,722,488","-728,709,564,209","ESTACION DE SERVICIO DE GNCV","GNV","1","328","212","2,661.69"
"2022 Mar 14 12:00:00 AM","2,022","3","14","15,150","BOYACA","TUNJA","55,184,726,715","-733,780,212,402","ESTACION DE SERVICIO DE GNCV","GNV","2","139","117","1,477.06"
"2022 Mar 25 12:00:00 AM","2,022","3","25","15,152","BOYACA","DUITAMA","58,906,025,887","-730,670,928,955","ESTACION DE SERVICIO DE GNCV","GNV","2","265","210","6,881.3"
"2022 Mar 30 12:00:00 AM","2,022","3","30","15,152","BOYACA","DUITAMA","58,906,025,887","-730,670,928,955","ESTACION DE SERVICIO DE GNCV","GNV","2","231","190","6,930.18"
"2022 Mar 31 12:00:00 AM","2,022","3","31","15,157","BOYACA","SOGAMOSO","56,466,722,488","-728,709,564,209","ESTACION DE SERVICIO DE GNCV","GNV","1","324","237","2,626.68"
"2022 Mar 10 12:00:00 AM","2,022","3","10","15,157","BOYACA","SOGAMOSO","56,466,722,488","-728,709,564,209","ESTACION DE SERVICIO DE GNCV","GNV","1","302","203","2,705.7"
"2022 Mar 05 12:00:00 AM","2,022","3","5","15,157","BOYACA","SOGAMOSO","56,466,722,488","-728,709,564,209","ESTACION DE SERVICIO DE GNCV","GNV","1","352","218","3,099.44"
"2022 Mar 12 12:00:00 AM","2,022","3","12","15,151","BOYACA","CHIQUINQUIRA","56,224,880,219","-738,042,449,951","ESTACION DE SERVICIO DE GNCV","GNV","2","657","422","5,613.36"
"2022 Mar 17 12:00:00 AM","2,022","3","17","15,150","BOYACA","TUNJA","55,184,726,715","-733,780,212,402","ESTACION DE SERVICIO DE GNCV","GNV","2","183","150","1,846.04"
"2022 Mar 24 12:00:00 AM","2,022","3","24","15,151","BOYACA","CHIQUINQUIRA","56,224,880,219","-738,042,449,951","ESTACION DE SERVICIO DE GNCV","GNV","2","627","419","5,204.72"
"2022 Mar 09 12:00:00 AM","2,022","3","9","15,151","BOYACA","CHIQUINQUIRA","56,224,880,219","-738,042,449,951","ESTACION DE SERVICIO DE GNCV","GNV","3","744","502","6,395.54"
"2022 Mar 18 12:00:00 AM","2,022","3","18","15,151","BOYACA","CHIQUINQUIRA","56,224,880,219","-738,042,449,951","ESTACION DE SERVICIO DE GNCV","GNV","2","667","438","5,482.31"
"2022 Mar 12 12:00:00 AM","2,022","3","12","15,157","BOYACA","SOGAMOSO","56,466,722,488","-728,709,564,209","ESTACION DE SERVICIO DE GNCV","GNV","1","335","214","2,807.93"
"2022 Mar 28 12:00:00 AM","2,022","3","28","15,152","BOYACA","DUITAMA","58,906,025,887","-730,670,928,955","ESTACION DE SERVICIO DE GNCV","GNV","2","253","193","7,531.14"
"2022 Mar 02 12:00:00 AM","2,022","3","2","15,152","BOYACA","DUITAMA","58,906,025,887","-730,670,928,955","ESTACION DE SERVICIO DE GNCV","GNV","2","249","193","6,763.37"
"2022 Mar 30 12:00:00 AM","2,022","3","30","15,151","BOYACA","CHIQUINQUIRA","56,224,880,219","-738,042,449,951","ESTACION DE SERVICIO DE GNCV","GNV","2","579","404","4,672.71"
"2022 Mar 08 12:00:00 AM","2,022","3","8","15,150","BOYACA","TUNJA","55,184,726,715","-733,780,212,402","ESTACION DE SERVICIO DE GNCV","GNV","2","171","144","1,883.04"
"2022 Mar 17 12:00:00 AM","2,022","3","17","15,151","BOYACA","CHIQUINQUIRA","56,224,880,219","-738,042,449,951","ESTACION DE SERVICIO DE GNCV","GNV","2","665","433","5,504.14"
"2022 Mar 02 12:00:00 AM","2,022","3","2","15,151","BOYACA","CHIQUINQUIRA","56,224,880,219","-738,042,449,951","ESTACION DE SERVICIO DE GNCV","GNV","3","784","520","6,808.24"
"2022 Mar 25 12:00:00 AM","2,022","3","25","15,150","BOYACA","TUNJA","55,184,726,715","-733,780,212,402","ESTACION DE SERVICIO DE GNCV","GNV","2","163","146","1,968.15"
"2022 Mar 17 12:00:00 AM","2,022","3","17","15,157","BOYACA","SOGAMOSO","56,466,722,488","-728,709,564,209","ESTACION DE SERVICIO DE GNCV","GNV","1","304","217","2,454.59"
"2022 Mar 01 12:00:00 AM","2,022","3","1","15,151","BOYACA","CHIQUINQUIRA","56,224,880,219","-738,042,449,951","ESTACION DE SERVICIO DE GNCV","GNV","3","718","496","6,276.26"
"2022 Mar 31 12:00:00 AM","2,022","3","31","15,152","BOYACA","DUITAMA","58,906,025,887","-730,670,928,955","ESTACION DE SERVICIO DE GNCV","GNV","2","219","181","6,461.04"
"2022 Mar 19 12:00:00 AM","2,022","3","19","15,150","BOYACA","TUNJA","55,184,726,715","-733,780,212,402","ESTACION DE SERVICIO DE GNCV","GNV","2","214","190","2,279.97"
"2022 Mar 06 12:00:00 AM","2,022","3","6","15,157","BOYACA","SOGAMOSO","56,466,722,488","-728,709,564,209","ESTACION DE SERVICIO DE GNCV","GNV","1","281","171","2,238.93"
"2022 Mar 26 12:00:00 AM","2,022","3","26","15,151","BOYACA","CHIQUINQUIRA","56,224,880,219","-738,042,449,951","ESTACION DE SERVICIO DE GNCV","GNV","2","649","418","5,347.39"
"2022 Mar 07 12:00:00 AM","2,022","3","7","15,152","BOYACA","DUITAMA","58,906,025,887","-730,670,928,955","ESTACION DE SERVICIO DE GNCV","GNV","2","228","185","6,557.75"
"2022 Mar 23 12:00:00 AM","2,022","3","23","15,150","BOYACA","TUNJA","55,184,726,715","-733,780,212,402","ESTACION DE SERVICIO DE GNCV","GNV","2","156","136","1,694.15"
"2022 Mar 05 12:00:00 AM","2,022","3","5","15,152","BOYACA","DUITAMA","58,906,025,887","-730,670,928,955","ESTACION DE SERVICIO DE GNCV","GNV","2","236","179","4,399.12"
"2022 Mar 10 12:00:00 AM","2,022","3","10","15,152","BOYACA","DUITAMA","58,906,025,887","-730,670,928,955","ESTACION DE SERVICIO DE GNCV","GNV","2","234","184","6,930.92"
"2022 Mar 19 12:00:00 AM","2,022","3","19","15,157","BOYACA","SOGAMOSO","56,466,722,488","-728,709,564,209","ESTACION DE SERVICIO DE GNCV","GNV","1","357","212","3,123.57"
"2022 Mar 07 12:00:00 AM","2,022","3","7","15,150","BOYACA","TUNJA","55,184,726,715","-733,780,212,402","ESTACION DE SERVICIO DE GNCV","GNV","2","170","145","1,903.12"
"2022 Mar 11 12:00:00 AM","2,022","3","11","15,152","BOYACA","DUITAMA","58,906,025,887","-730,670,928,955","ESTACION DE SERVICIO DE GNCV","GNV","2","255","194","7,208.83"
"2022 Mar 16 12:00:00 AM","2,022","3","16","15,152","BOYACA","DUITAMA","58,906,025,887","-730,670,928,955","ESTACION DE SERVICIO DE GNCV","GNV","2","219","170","7,562.94"
"2022 Mar 06 12:00:00 AM","2,022","3","6","15,151","BOYACA","CHIQUINQUIRA","56,224,880,219","-738,042,449,951","ESTACION DE SERVICIO DE GNCV","GNV","3","724","441","5,928.1"
"2022 Mar 02 12:00:00 AM","2,022","3","2","15,157","BOYACA","SOGAMOSO","56,466,722,488","-728,709,564,209","ESTACION DE SERVICIO DE GNCV","GNV","1","283","201","2,585.13"
"2022 Mar 13 12:00:00 AM","2,022","3","13","15,151","BOYACA","CHIQUINQUIRA","56,224,880,219","-738,042,449,951","ESTACION DE SERVICIO DE GNCV","GNV","2","562","360","4,519.85"
"2022 Mar 31 12:00:00 AM","2,022","3","31","15,150","BOYACA","TUNJA","55,184,726,715","-733,780,212,402","ESTACION DE SERVICIO DE GNCV","GNV","2","158","134","1,775.48"
"2022 Mar 20 12:00:00 AM","2,022","3","20","15,157","BOYACA","SOGAMOSO","56,466,722,488","-728,709,564,209","ESTACION DE SERVICIO DE GNCV","GNV","1","291","171","2,644.2"
"2022 Mar 03 12:00:00 AM","2,022","3","3","15,157","BOYACA","SOGAMOSO","56,466,722,488","-728,709,564,209","ESTACION DE SERVICIO DE GNCV","GNV","1","307","208","2,635.88"
"2022 Mar 14 12:00:00 AM","2,022","3","14","15,151","BOYACA","CHIQUINQUIRA","56,224,880,219","-738,042,449,951","ESTACION DE SERVICIO DE GNCV","GNV","2","638","423","5,411.67"
"2022 Mar 28 12:00:00 AM","2,022","3","28","15,157","BOYACA","SOGAMOSO","56,466,722,488","-728,709,564,209","ESTACION DE SERVICIO DE GNCV","GNV","1","311","222","2,978.18"
"2022 Mar 16 12:00:00 AM","2,022","3","16","15,150","BOYACA","TUNJA","55,184,726,715","-733,780,212,402","ESTACION DE SERVICIO DE GNCV","GNV","2","158","139","1,668.51"
"2022 Mar 19 12:00:00 AM","2,022","3","19","15,151","BOYACA","CHIQUINQUIRA","56,224,880,219","-738,042,449,951","ESTACION DE SERVICIO DE GNCV","GNV","2","716","455","6,144.74"
"2022 Mar 07 12:00:00 AM","2,022","3","7","15,157","BOYACA","SOGAMOSO","56,466,722,488","-728,709,564,209","ESTACION DE SERVICIO DE GNCV","GNV","1","316","218","2,893.67"
"2022 Mar 20 12:00:00 AM","2,022","3","20","15,152","BOYACA","DUITAMA","58,906,025,887","-730,670,928,955","ESTACION DE SERVICIO DE GNCV","GNV","2","204","153","3,322.78"
"2022 Mar 12 12:00:00 AM","2,022","3","12","15,152","BOYACA","DUITAMA","58,906,025,887","-730,670,928,955","ESTACION DE SERVICIO DE GNCV","GNV","2","233","174","6,219.13"
"2022 Mar 29 12:00:00 AM","2,022","3","29","15,152","BOYACA","DUITAMA","58,906,025,887","-730,670,928,955","ESTACION DE SERVICIO DE GNCV","GNV","2","248","192","5,716.68"
"2022 Mar 04 12:00:00 AM","2,022","3","4","15,150","BOYACA","TUNJA","55,184,726,715","-733,780,212,402","ESTACION DE SERVICIO DE GNCV","GNV","2","282","231","3,297.2"
"2022 Mar 09 12:00:00 AM","2,022","3","9","15,150","BOYACA","TUNJA","55,184,726,715","-733,780,212,402","ESTACION DE SERVICIO DE GNCV","GNV","2","168","153","1,780.72"
"2022 Mar 02 12:00:00 AM","2,022","3","2","15,150","BOYACA","TUNJA","55,184,726,715","-733,780,212,402","ESTACION DE SERVICIO DE GNCV","GNV","2","168","136","1,778.74"
"2022 Mar 29 12:00:00 AM","2,022","3","29","15,150","BOYACA","TUNJA","55,184,726,715","-733,780,212,402","ESTACION DE SERVICIO DE GNCV","GNV","2","144","125","1,596.53"
"2022 Mar 22 12:00:00 AM","2,022","3","22","15,151","BOYACA","CHIQUINQUIRA","56,224,880,219","-738,042,449,951","ESTACION DE SERVICIO DE GNCV","GNV","2","665","436","5,518.89"
"2022 Mar 10 12:00:00 AM","2,022","3","10","15,150","BOYACA","TUNJA","55,184,726,715","-733,780,212,402","ESTACION DE SERVICIO DE GNCV","GNV","2","140","119","1,537.99"
"2022 Feb 24 12:00:00 AM","2,022","2","24","15,151","BOYACA","CHIQUINQUIRA","56,224,880,219","-738,042,449,951","ESTACION DE SERVICIO DE GNCV","GNV","3","746","499","6,216.22"
"2022 Feb 10 12:00:00 AM","2,022","2","10","15,150","BOYACA","TUNJA","55,184,726,715","-733,780,212,402","ESTACION DE SERVICIO DE GNCV","GNV","2","149","132","1,608.06"
"2022 Feb 25 12:00:00 AM","2,022","2","25","15,150","BOYACA","TUNJA","55,184,726,715","-733,780,212,402","ESTACION DE SERVICIO DE GNCV","GNV","2","201","167","2,208.58"
"2022 Feb 22 12:00:00 AM","2,022","2","22","15,157","BOYACA","SOGAMOSO","56,466,722,488","-728,709,564,209","ESTACION DE SERVICIO DE GNCV","GNV","1","305","205","2,537.77"
"2022 Feb 21 12:00:00 AM","2,022","2","21","15,152","BOYACA","DUITAMA","58,906,025,887","-730,670,928,955","ESTACION DE SERVICIO DE GNCV","GNV","2","249","192","6,482.99"
"2022 Feb 02 12:00:00 AM","2,022","2","2","15,152","BOYACA","DUITAMA","58,906,025,887","-730,670,928,955","ESTACION DE SERVICIO DE GNCV","GNV","2","252","205","6,796.37"
"2022 Feb 15 12:00:00 AM","2,022","2","15","15,152","BOYACA","DUITAMA","58,906,025,887","-730,670,928,955","ESTACION DE SERVICIO DE GNCV","GNV","2","264","209","6,935.25"
"2022 Feb 16 12:00:00 AM","2,022","2","16","15,151","BOYACA","CHIQUINQUIRA","56,224,880,219","-738,042,449,951","ESTACION DE SERVICIO DE GNCV","GNV","3","788","523","6,667.74"
"2022 Feb 01 12:00:00 AM","2,022","2","1","15,152","BOYACA","DUITAMA","58,906,025,887","-730,670,928,955","ESTACION DE SERVICIO DE GNCV","GNV","2","254","196","6,615.43"
"2022 Feb 07 12:00:00 AM","2,022","2","7","15,157","BOYACA","SOGAMOSO","56,466,722,488","-728,709,564,209","ESTACION DE SERVICIO DE GNCV","GNV","1","320","231","2,930.61"
"2022 Feb 05 12:00:00 AM","2,022","2","5","15,150","BOYACA","TUNJA","55,184,726,715","-733,780,212,402","ESTACION DE SERVICIO DE GNCV","GNV","2","190","165","2,211.77"
"2022 Feb 05 12:00:00 AM","2,022","2","5","15,157","BOYACA","SOGAMOSO","56,466,722,488","-728,709,564,209","ESTACION DE SERVICIO DE GNCV","GNV","1","321","209","2,846.97"
"2022 Feb 26 12:00:00 AM","2,022","2","26","15,157","BOYACA","SOGAMOSO","56,466,722,488","-728,709,564,209","ESTACION DE SERVICIO DE GNCV","GNV","1","326","206","2,692.23"
"2022 Feb 14 12:00:00 AM","2,022","2","14","15,157","BOYACA","SOGAMOSO","56,466,722,488","-728,709,564,209","ESTACION DE SERVICIO DE GNCV","GNV","1","305","218","2,538.38"
"2022 Feb 08 12:00:00 AM","2,022","2","8","15,157","BOYACA","SOGAMOSO","56,466,722,488","-728,709,564,209","ESTACION DE SERVICIO DE GNCV","GNV","1","318","227","2,949.07"
"2022 Feb 17 12:00:00 AM","2,022","2","17","15,157","BOYACA","SOGAMOSO","56,466,722,488","-728,709,564,209","ESTACION DE SERVICIO DE GNCV","GNV","1","313","218","2,615.97"
"2022 Feb 20 12:00:00 AM","2,022","2","20","15,157","BOYACA","SOGAMOSO","56,466,722,488","-728,709,564,209","ESTACION DE SERVICIO DE GNCV","GNV","1","264","169","2,164.67"
"2022 Feb 11 12:00:00 AM","2,022","2","11","15,152","BOYACA","DUITAMA","58,906,025,887","-730,670,928,955","ESTACION DE SERVICIO DE GNCV","GNV","2","291","206","6,252.19"
"2022 Feb 24 12:00:00 AM","2,022","2","24","15,150","BOYACA","TUNJA","55,184,726,715","-733,780,212,402","ESTACION DE SERVICIO DE GNCV","GNV","2","149","123","1,497.3"
"2022 Feb 13 12:00:00 AM","2,022","2","13","15,151","BOYACA","CHIQUINQUIRA","56,224,880,219","-738,042,449,951","ESTACION DE SERVICIO DE GNCV","GNV","3","626","384","4,559.53"
"2022 Feb 08 12:00:00 AM","2,022","2","8","15,150","BOYACA","TUNJA","55,184,726,715","-733,780,212,402","ESTACION DE SERVICIO DE GNCV","GNV","2","157","134","1,902.56"
"2022 Feb 13 12:00:00 AM","2,022","2","13","15,150","BOYACA","TUNJA","55,184,726,715","-733,780,212,402","ESTACION DE SERVICIO DE GNCV","GNV","2","123","109","1,246.35"
"2022 Feb 21 12:00:00 AM","2,022","2","21","15,150","BOYACA","TUNJA","55,184,726,715","-733,780,212,402","ESTACION DE SERVICIO DE GNCV","GNV","2","176","156","2,041.55"
"2022 Feb 18 12:00:00 AM","2,022","2","18","15,150","BOYACA","TUNJA","55,184,726,715","-733,780,212,402","ESTACION DE SERVICIO DE GNCV","GNV","2","208","174","2,353.25"
"2022 Feb 03 12:00:00 AM","2,022","2","3","15,151","BOYACA","CHIQUINQUIRA","56,224,880,219","-738,042,449,951","ESTACION DE SERVICIO DE GNCV","GNV","3","634","434","5,224.68"
"2022 Feb 22 12:00:00 AM","2,022","2","22","15,152","BOYACA","DUITAMA","58,906,025,887","-730,670,928,955","ESTACION DE SERVICIO DE GNCV","GNV","2","267","204","7,906.44"
"2022 Feb 03 12:00:00 AM","2,022","2","3","15,157","BOYACA","SOGAMOSO","56,466,722,488","-728,709,564,209","ESTACION DE SERVICIO DE GNCV","GNV","1","305","221","2,838.53"
"2022 Feb 06 12:00:00 AM","2,022","2","6","15,152","BOYACA","DUITAMA","58,906,025,887","-730,670,928,955","ESTACION DE SERVICIO DE GNCV","GNV","2","218","157","3,996.84"
"2022 Feb 07 12:00:00 AM","2,022","2","7","15,152","BOYACA","DUITAMA","58,906,025,887","-730,670,928,955","ESTACION DE SERVICIO DE GNCV","GNV","2","262","198","6,857.77"
"2022 Feb 16 12:00:00 AM","2,022","2","16","15,152","BOYACA","DUITAMA","58,906,025,887","-730,670,928,955","ESTACION DE SERVICIO DE GNCV","GNV","2","237","178","6,536.8"
"2022 Feb 14 12:00:00 AM","2,022","2","14","15,152","BOYACA","DUITAMA","58,906,025,887","-730,670,928,955","ESTACION DE SERVICIO DE GNCV","GNV","2","267","204","5,824.11"
"2022 Feb 07 12:00:00 AM","2,022","2","7","15,150","BOYACA","TUNJA","55,184,726,715","-733,780,212,402","ESTACION DE SERVICIO DE GNCV","GNV","2","143","130","1,579.16"
"2022 Feb 21 12:00:00 AM","2,022","2","21","15,157","BOYACA","SOGAMOSO","56,466,722,488","-728,709,564,209","ESTACION DE SERVICIO DE GNCV","GNV","1","295","209","2,443.72"
"2022 Feb 07 12:00:00 AM","2,022","2","7","15,151","BOYACA","CHIQUINQUIRA","56,224,880,219","-738,042,449,951","ESTACION DE SERVICIO DE GNCV","GNV","3","693","459","5,795.67"
"2022 Feb 24 12:00:00 AM","2,022","2","24","15,157","BOYACA","SOGAMOSO","56,466,722,488","-728,709,564,209","ESTACION DE SERVICIO DE GNCV","GNV","1","283","195","2,174.43"
"2022 Feb 23 12:00:00 AM","2,022","2","23","15,151","BOYACA","CHIQUINQUIRA","56,224,880,219","-738,042,449,951","ESTACION DE SERVICIO DE GNCV","GNV","3","804","527","6,913.09"
"2022 Feb 13 12:00:00 AM","2,022","2","13","15,157","BOYACA","SOGAMOSO","56,466,722,488","-728,709,564,209","ESTACION DE SERVICIO DE GNCV","GNV","1","279","183","2,338.28"
"2022 Feb 19 12:00:00 AM","2,022","2","19","15,151","BOYACA","CHIQUINQUIRA","56,224,880,219","-738,042,449,951","ESTACION DE SERVICIO DE GNCV","GNV","3","752","488","6,507.13"
"2022 Feb 09 12:00:00 AM","2,022","2","9","15,152","BOYACA","DUITAMA","58,906,025,887","-730,670,928,955","ESTACION DE SERVICIO DE GNCV","GNV","2","234","179","6,547.91"
"2022 Feb 04 12:00:00 AM","2,022","2","4","15,157","BOYACA","SOGAMOSO","56,466,722,488","-728,709,564,209","ESTACION DE SERVICIO DE GNCV","GNV","1","307","210","2,744.77"
"2022 Feb 08 12:00:00 AM","2,022","2","8","15,152","BOYACA","DUITAMA","58,906,025,887","-730,670,928,955","ESTACION DE SERVICIO DE GNCV","GNV","2","276","204","7,510.54"
"2022 Feb 20 12:00:00 AM","2,022","2","20","15,150","BOYACA","TUNJA","55,184,726,715","-733,780,212,402","ESTACION DE SERVICIO DE GNCV","GNV","2","155","129","1,532.45"
"2022 Feb 13 12:00:00 AM","2,022","2","13","15,152","BOYACA","DUITAMA","58,906,025,887","-730,670,928,955","ESTACION DE SERVICIO DE GNCV","GNV","2","197","137","2,569.91"
"2022 Feb 18 12:00:00 AM","2,022","2","18","15,157","BOYACA","SOGAMOSO","56,466,722,488","-728,709,564,209","ESTACION DE SERVICIO DE GNCV","GNV","1","309","206","2,469.13"
"2022 Feb 26 12:00:00 AM","2,022","2","26","15,152","BOYACA","DUITAMA","58,906,025,887","-730,670,928,955","ESTACION DE SERVICIO DE GNCV","GNV","2","283","213","6,032.55"
"2022 Feb 27 12:00:00 AM","2,022","2","27","15,150","BOYACA","TUNJA","55,184,726,715","-733,780,212,402","ESTACION DE SERVICIO DE GNCV","GNV","2","150","126","1,601.71"
"2022 Feb 26 12:00:00 AM","2,022","2","26","15,151","BOYACA","CHIQUINQUIRA","56,224,880,219","-738,042,449,951","ESTACION DE SERVICIO DE GNCV","GNV","3","753","498","6,370.11"
"2022 Feb 01 12:00:00 AM","2,022","2","1","15,150","BOYACA","TUNJA","55,184,726,715","-733,780,212,402","ESTACION DE SERVICIO DE GNCV","GNV","2","176","147","2,138.1"
"2022 Feb 15 12:00:00 AM","2,022","2","15","15,150","BOYACA","TUNJA","55,184,726,715","-733,780,212,402","ESTACION DE SERVICIO DE GNCV","GNV","2","156","134","1,843.98"
"2022 Feb 16 12:00:00 AM","2,022","2","16","15,150","BOYACA","TUNJA","55,184,726,715","-733,780,212,402","ESTACION DE SERVICIO DE GNCV","GNV","2","155","133","1,804.76"
"2022 Feb 02 12:00:00 AM","2,022","2","2","15,157","BOYACA","SOGAMOSO","56,466,722,488","-728,709,564,209","ESTACION DE SERVICIO DE GNCV","GNV","1","281","194","2,503.46"
"2022 Feb 04 12:00:00 AM","2,022","2","4","15,151","BOYACA","CHIQUINQUIRA","56,224,880,219","-738,042,449,951","ESTACION DE SERVICIO DE GNCV","GNV","3","718","457","5,874.71"
"2022 Feb 10 12:00:00 AM","2,022","2","10","15,152","BOYACA","DUITAMA","58,906,025,887","-730,670,928,955","ESTACION DE SERVICIO DE GNCV","GNV","2","260","201","6,212.51"
"2022 Feb 03 12:00:00 AM","2,022","2","3","15,150","BOYACA","TUNJA","55,184,726,715","-733,780,212,402","ESTACION DE SERVICIO DE GNCV","GNV","2","138","120","1,568.13"
"2022 Feb 25 12:00:00 AM","2,022","2","25","15,157","BOYACA","SOGAMOSO","56,466,722,488","-728,709,564,209","ESTACION DE SERVICIO DE GNCV","GNV","1","323","222","2,634.01"
"2022 Feb 19 12:00:00 AM","2,022","2","19","15,150","BOYACA","TUNJA","55,184,726,715","-733,780,212,402","ESTACION DE SERVICIO DE GNCV","GNV","2","182","155","1,839.57"
"2022 Feb 10 12:00:00 AM","2,022","2","10","15,151","BOYACA","CHIQUINQUIRA","56,224,880,219","-738,042,449,951","ESTACION DE SERVICIO DE GNCV","GNV","3","654","438","5,407.83"
"2022 Feb 28 12:00:00 AM","2,022","2","28","15,151","BOYACA","CHIQUINQUIRA","56,224,880,219","-738,042,449,951","ESTACION DE SERVICIO DE GNCV","GNV","3","774","508","6,719.89"
"2022 Feb 17 12:00:00 AM","2,022","2","17","15,152","BOYACA","DUITAMA","58,906,025,887","-730,670,928,955","ESTACION DE SERVICIO DE GNCV","GNV","2","281","213","8,167.46"
"2022 Feb 09 12:00:00 AM","2,022","2","9","15,150","BOYACA","TUNJA","55,184,726,715","-733,780,212,402","ESTACION DE SERVICIO DE GNCV","GNV","2","171","142","1,888.89"
"2022 Feb 15 12:00:00 AM","2,022","2","15","15,151","BOYACA","CHIQUINQUIRA","56,224,880,219","-738,042,449,951","ESTACION DE SERVICIO DE GNCV","GNV","3","662","434","5,354.65"
"2022 Feb 06 12:00:00 AM","2,022","2","6","15,157","BOYACA","SOGAMOSO","56,466,722,488","-728,709,564,209","ESTACION DE SERVICIO DE GNCV","GNV","1","263","167","2,181.24"
"2022 Feb 05 12:00:00 AM","2,022","2","5","15,152","BOYACA","DUITAMA","58,906,025,887","-730,670,928,955","ESTACION DE SERVICIO DE GNCV","GNV","2","254","181","5,318.65"
"2022 Feb 21 12:00:00 AM","2,022","2","21","15,151","BOYACA","CHIQUINQUIRA","56,224,880,219","-738,042,449,951","ESTACION DE SERVICIO DE GNCV","GNV","3","785","523","7,141.41"
"2022 Feb 25 12:00:00 AM","2,022","2","25","15,152","BOYACA","DUITAMA","58,906,025,887","-730,670,928,955","ESTACION DE SERVICIO DE GNCV","GNV","2","273","204","6,643.63"
"2022 Feb 18 12:00:00 AM","2,022","2","18","15,152","BOYACA","DUITAMA","58,906,025,887","-730,670,928,955","ESTACION DE SERVICIO DE GNCV","GNV","2","270","196","5,724.88"
"2022 Feb 23 12:00:00 AM","2,022","2","23","15,157","BOYACA","SOGAMOSO","56,466,722,488","-728,709,564,209","ESTACION DE SERVICIO DE GNCV","GNV","1","307","218","2,681.66"
"2022 Feb 12 12:00:00 AM","2,022","2","12","15,151","BOYACA","CHIQUINQUIRA","56,224,880,219","-738,042,449,951","ESTACION DE SERVICIO DE GNCV","GNV","3","687","440","5,608.39"
"2022 Feb 19 12:00:00 AM","2,022","2","19","15,152","BOYACA","DUITAMA","58,906,025,887","-730,670,928,955","ESTACION DE SERVICIO DE GNCV","GNV","2","279","196","5,423.06"
"2022 Feb 18 12:00:00 AM","2,022","2","18","15,151","BOYACA","CHIQUINQUIRA","56,224,880,219","-738,042,449,951","ESTACION DE SERVICIO DE GNCV","GNV","3","817","529","7,044.03"
"2022 Feb 20 12:00:00 AM","2,022","2","20","15,151","BOYACA","CHIQUINQUIRA","56,224,880,219","-738,042,449,951","ESTACION DE SERVICIO DE GNCV","GNV","3","690","445","5,523.64"
"2022 Feb 02 12:00:00 AM","2,022","2","2","15,150","BOYACA","TUNJA","55,184,726,715","-733,780,212,402","ESTACION DE SERVICIO DE GNCV","GNV","2","146","123","1,738.62"
"2022 Feb 23 12:00:00 AM","2,022","2","23","15,150","BOYACA","TUNJA","55,184,726,715","-733,780,212,402","ESTACION DE SERVICIO DE GNCV","GNV","2","181","144","1,968.52"
"2022 Feb 16 12:00:00 AM","2,022","2","16","15,157","BOYACA","SOGAMOSO","56,466,722,488","-728,709,564,209","ESTACION DE SERVICIO DE GNCV","GNV","1","309","212","2,542.57"
"2022 Feb 11 12:00:00 AM","2,022","2","11","15,157","BOYACA","SOGAMOSO","56,466,722,488","-728,709,564,209","ESTACION DE SERVICIO DE GNCV","GNV","1","315","213","2,687.4"
"2022 Feb 27 12:00:00 AM","2,022","2","27","15,151","BOYACA","CHIQUINQUIRA","56,224,880,219","-738,042,449,951","ESTACION DE SERVICIO DE GNCV","GNV","3","734","473","6,045.21"
"2022 Feb 04 12:00:00 AM","2,022","2","4","15,152","BOYACA","DUITAMA","58,906,025,887","-730,670,928,955","ESTACION DE SERVICIO DE GNCV","GNV","2","283","197","6,608.41"
"2022 Feb 09 12:00:00 AM","2,022","2","9","15,157","BOYACA","SOGAMOSO","56,466,722,488","-728,709,564,209","ESTACION DE SERVICIO DE GNCV","GNV","1","291","213","2,581.86"
"2022 Feb 11 12:00:00 AM","2,022","2","11","15,151","BOYACA","CHIQUINQUIRA","56,224,880,219","-738,042,449,951","ESTACION DE SERVICIO DE GNCV","GNV","3","678","448","5,612.57"
"2022 Feb 19 12:00:00 AM","2,022","2","19","15,157","BOYACA","SOGAMOSO","56,466,722,488","-728,709,564,209","ESTACION DE SERVICIO DE GNCV","GNV","1","317","201","2,887.91"
"2022 Feb 22 12:00:00 AM","2,022","2","22","15,151","BOYACA","CHIQUINQUIRA","56,224,880,219","-738,042,449,951","ESTACION DE SERVICIO DE GNCV","GNV","3","721","486","6,203.8"
"2022 Feb 12 12:00:00 AM","2,022","2","12","15,152","BOYACA","DUITAMA","58,906,025,887","-730,670,928,955","ESTACION DE SERVICIO DE GNCV","GNV","2","278","198","6,792.19"
"2022 Feb 06 12:00:00 AM","2,022","2","6","15,151","BOYACA","CHIQUINQUIRA","56,224,880,219","-738,042,449,951","ESTACION DE SERVICIO DE GNCV","GNV","3","601","395","4,572.44"
"2022 Feb 01 12:00:00 AM","2,022","2","1","15,151","BOYACA","CHIQUINQUIRA","56,224,880,219","-738,042,449,951","ESTACION DE SERVICIO DE GNCV","GNV","3","712","487","6,109.03"
"2022 Feb 06 12:00:00 AM","2,022","2","6","15,150","BOYACA","TUNJA","55,184,726,715","-733,780,212,402","ESTACION DE SERVICIO DE GNCV","GNV","2","145","127","1,564.75"
"2022 Feb 24 12:00:00 AM","2,022","2","24","15,152","BOYACA","DUITAMA","58,906,025,887","-730,670,928,955","ESTACION DE SERVICIO DE GNCV","GNV","2","248","188","6,924.49"
"2022 Feb 10 12:00:00 AM","2,022","2","10","15,157","BOYACA","SOGAMOSO","56,466,722,488","-728,709,564,209","ESTACION DE SERVICIO DE GNCV","GNV","1","289","201","2,480.59"
"2022 Feb 12 12:00:00 AM","2,022","2","12","15,150","BOYACA","TUNJA","55,184,726,715","-733,780,212,402","ESTACION DE SERVICIO DE GNCV","GNV","2","156","135","1,838.17"
"2022 Feb 08 12:00:00 AM","2,022","2","8","15,151","BOYACA","CHIQUINQUIRA","56,224,880,219","-738,042,449,951","ESTACION DE SERVICIO DE GNCV","GNV","3","669","442","5,675.26"
"2022 Feb 28 12:00:00 AM","2,022","2","28","15,152","BOYACA","DUITAMA","58,906,025,887","-730,670,928,955","ESTACION DE SERVICIO DE GNCV","GNV","2","262","208","6,821.69"
"2022 Feb 09 12:00:00 AM","2,022","2","9","15,151","BOYACA","CHIQUINQUIRA","56,224,880,219","-738,042,449,951","ESTACION DE SERVICIO DE GNCV","GNV","3","677","448","5,708.01"
"2022 Feb 12 12:00:00 AM","2,022","2","12","15,157","BOYACA","SOGAMOSO","56,466,722,488","-728,709,564,209","ESTACION DE SERVICIO DE GNCV","GNV","1","327","219","2,720.44"
"2022 Feb 03 12:00:00 AM","2,022","2","3","15,152","BOYACA","DUITAMA","58,906,025,887","-730,670,928,955","ESTACION DE SERVICIO DE GNCV","GNV","2","258","201","6,557.37"
"2022 Feb 02 12:00:00 AM","2,022","2","2","15,151","BOYACA","CHIQUINQUIRA","56,224,880,219","-738,042,449,951","ESTACION DE SERVICIO DE GNCV","GNV","3","718","458","5,860.01"
"2022 Feb 17 12:00:00 AM","2,022","2","17","15,151","BOYACA","CHIQUINQUIRA","56,224,880,219","-738,042,449,951","ESTACION DE SERVICIO DE GNCV","GNV","3","682","454","5,561.06"
"2022 Feb 20 12:00:00 AM","2,022","2","20","15,152","BOYACA","DUITAMA","58,906,025,887","-730,670,928,955","ESTACION DE SERVICIO DE GNCV","GNV","2","212","151","3,726.68"
"2022 Feb 01 12:00:00 AM","2,022","2","1","15,157","BOYACA","SOGAMOSO","56,466,722,488","-728,709,564,209","ESTACION DE SERVICIO DE GNCV","GNV","1","329","226","2,958.25"
"2022 Feb 26 12:00:00 AM","2,022","2","26","15,150","BOYACA","TUNJA","55,184,726,715","-733,780,212,402","ESTACION DE SERVICIO DE GNCV","GNV","2","192","164","2,005.32"
"2022 Feb 04 12:00:00 AM","2,022","2","4","15,150","BOYACA","TUNJA","55,184,726,715","-733,780,212,402","ESTACION DE SERVICIO DE GNCV","GNV","2","194","162","2,236.85"
"2022 Feb 23 12:00:00 AM","2,022","2","23","15,152","BOYACA","DUITAMA","58,906,025,887","-730,670,928,955","ESTACION DE SERVICIO DE GNCV","GNV","2","249","194","6,631.87"
"2022 Feb 27 12:00:00 AM","2,022","2","27","15,152","BOYACA","DUITAMA","58,906,025,887","-730,670,928,955","ESTACION DE SERVICIO DE GNCV","GNV","2","216","155","3,939.99"
"2022 Feb 14 12:00:00 AM","2,022","2","14","15,151","BOYACA","CHIQUINQUIRA","56,224,880,219","-738,042,449,951","ESTACION DE SERVICIO DE GNCV","GNV","3","669","425","5,633.71"
"2022 Feb 14 12:00:00 AM","2,022","2","14","15,150","BOYACA","TUNJA","55,184,726,715","-733,780,212,402","ESTACION DE SERVICIO DE GNCV","GNV","2","175","146","1,962.29"
"2022 Feb 25 12:00:00 AM","2,022","2","25","15,151","BOYACA","CHIQUINQUIRA","56,224,880,219","-738,042,449,951","ESTACION DE SERVICIO DE GNCV","GNV","3","788","530","6,921.59"
"2022 Feb 11 12:00:00 AM","2,022","2","11","15,150","BOYACA","TUNJA","55,184,726,715","-733,780,212,402","ESTACION DE SERVICIO DE GNCV","GNV","2","173","149","1,978.31"
"2022 Feb 28 12:00:00 AM","2,022","2","28","15,157","BOYACA","SOGAMOSO","56,466,722,488","-728,709,564,209","ESTACION DE SERVICIO DE GNCV","GNV","1","306","217","2,602.41"
"2022 Feb 17 12:00:00 AM","2,022","2","17","15,150","BOYACA","TUNJA","55,184,726,715","-733,780,212,402","ESTACION DE SERVICIO DE GNCV","GNV","2","184","155","2,077.75"
"2022 Feb 15 12:00:00 AM","2,022","2","15","15,157","BOYACA","SOGAMOSO","56,466,722,488","-728,709,564,209","ESTACION DE SERVICIO DE GNCV","GNV","1","286","203","2,426.57"
"2022 Feb 28 12:00:00 AM","2,022","2","28","15,150","BOYACA","TUNJA","55,184,726,715","-733,780,212,402","ESTACION DE SERVICIO DE GNCV","GNV","2","164","139","1,750.49"
"2022 Feb 27 12:00:00 AM","2,022","2","27","15,157","BOYACA","SOGAMOSO","56,466,722,488","-728,709,564,209","ESTACION DE SERVICIO DE GNCV","GNV","1","289","184","2,298.51"
"2022 Feb 22 12:00:00 AM","2,022","2","22","15,150","BOYACA","TUNJA","55,184,726,715","-733,780,212,402","ESTACION DE SERVICIO DE GNCV","GNV","2","181","157","1,970.26"
"2022 Feb 05 12:00:00 AM","2,022","2","5","15,151","BOYACA","CHIQUINQUIRA","56,224,880,219","-738,042,449,951","ESTACION DE SERVICIO DE GNCV","GNV","3","683","454","5,651.2"
"2022 Jan 08 12:00:00 AM","2,022","1","8","15,151","BOYACA","CHIQUINQUIRA","56,224,880,219","-738,042,449,951","ESTACION DE SERVICIO DE GNCV","GNV","3","718","471","6,025.77"
"2022 Jan 01 12:00:00 AM","2,022","1","1","15,157","BOYACA","SOGAMOSO","56,466,722,488","-728,709,564,209","ESTACION DE SERVICIO DE GNCV","GNV","1","215","127","1,690.34"
"2022 Jan 25 12:00:00 AM","2,022","1","25","15,150","BOYACA","TUNJA","55,184,726,715","-733,780,212,402","ESTACION DE SERVICIO DE GNCV","GNV","2","173","149","2,058.07"
"2022 Jan 15 12:00:00 AM","2,022","1","15","15,150","BOYACA","TUNJA","55,184,726,715","-733,780,212,402","ESTACION DE SERVICIO DE GNCV","GNV","2","178","149","1,890.59"
"2022 Jan 20 12:00:00 AM","2,022","1","20","15,151","BOYACA","CHIQUINQUIRA","56,224,880,219","-738,042,449,951","ESTACION DE SERVICIO DE GNCV","GNV","3","632","422","5,044.96"
"2022 Jan 05 12:00:00 AM","2,022","1","5","15,157","BOYACA","SOGAMOSO","56,466,722,488","-728,709,564,209","ESTACION DE SERVICIO DE GNCV","GNV","1","241","193","2,052.22"
"2022 Jan 02 12:00:00 AM","2,022","1","2","15,150","BOYACA","TUNJA","55,184,726,715","-733,780,212,402","ESTACION DE SERVICIO DE GNCV","GNV","2","190","165","1,867.82"
"2022 Jan 28 12:00:00 AM","2,022","1","28","15,152","BOYACA","DUITAMA","58,906,025,887","-730,670,928,955","ESTACION DE SERVICIO DE GNCV","GNV","2","277","207","6,078.59"
"2022 Jan 03 12:00:00 AM","2,022","1","3","15,152","BOYACA","DUITAMA","58,906,025,887","-730,670,928,955","ESTACION DE SERVICIO DE GNCV","GNV","2","295","236","7,369.87"
"2022 Jan 21 12:00:00 AM","2,022","1","21","15,152","BOYACA","DUITAMA","58,906,025,887","-730,670,928,955","ESTACION DE SERVICIO DE GNCV","GNV","2","253","188","5,457.31"
"2022 Jan 27 12:00:00 AM","2,022","1","27","15,157","BOYACA","SOGAMOSO","56,466,722,488","-728,709,564,209","ESTACION DE SERVICIO DE GNCV","GNV","1","271","200","2,654.11"
"2022 Jan 31 12:00:00 AM","2,022","1","31","15,150","BOYACA","TUNJA","55,184,726,715","-733,780,212,402","ESTACION DE SERVICIO DE GNCV","GNV","2","210","173","2,417.43"
"2022 Jan 26 12:00:00 AM","2,022","1","26","15,151","BOYACA","CHIQUINQUIRA","56,224,880,219","-738,042,449,951","ESTACION DE SERVICIO DE GNCV","GNV","3","673","450","5,742.49"
"2022 Jan 15 12:00:00 AM","2,022","1","15","15,152","BOYACA","DUITAMA","58,906,025,887","-730,670,928,955","ESTACION DE SERVICIO DE GNCV","GNV","2","247","188","4,366.77"
"2022 Jan 04 12:00:00 AM","2,022","1","4","15,151","BOYACA","CHIQUINQUIRA","56,224,880,219","-738,042,449,951","ESTACION DE SERVICIO DE GNCV","GNV","3","688","472","5,950.6"
"2022 Jan 23 12:00:00 AM","2,022","1","23","15,150","BOYACA","TUNJA","55,184,726,715","-733,780,212,402","ESTACION DE SERVICIO DE GNCV","GNV","2","123","107","1,266.8"
"2022 Jan 28 12:00:00 AM","2,022","1","28","15,157","BOYACA","SOGAMOSO","56,466,722,488","-728,709,564,209","ESTACION DE SERVICIO DE GNCV","GNV","1","322","214","2,707.79"
"2022 Jan 11 12:00:00 AM","2,022","1","11","15,152","BOYACA","DUITAMA","58,906,025,887","-730,670,928,955","ESTACION DE SERVICIO DE GNCV","GNV","2","266","206","6,247.26"
"2022 Jan 16 12:00:00 AM","2,022","1","16","15,152","BOYACA","DUITAMA","58,906,025,887","-730,670,928,955","ESTACION DE SERVICIO DE GNCV","GNV","2","186","140","3,563.52"
"2022 Jan 24 12:00:00 AM","2,022","1","24","15,151","BOYACA","CHIQUINQUIRA","56,224,880,219","-738,042,449,951","ESTACION DE SERVICIO DE GNCV","GNV","3","662","438","5,332.02"
"2022 Jan 24 12:00:00 AM","2,022","1","24","15,152","BOYACA","DUITAMA","58,906,025,887","-730,670,928,955","ESTACION DE SERVICIO DE GNCV","GNV","2","276","213","6,765.73"
"2022 Jan 08 12:00:00 AM","2,022","1","8","15,157","BOYACA","SOGAMOSO","56,466,722,488","-728,709,564,209","ESTACION DE SERVICIO DE GNCV","GNV","1","288","199","2,526.36"
"2022 Jan 24 12:00:00 AM","2,022","1","24","15,157","BOYACA","SOGAMOSO","56,466,722,488","-728,709,564,209","ESTACION DE SERVICIO DE GNCV","GNV","1","301","216","2,642.62"
"2022 Jan 19 12:00:00 AM","2,022","1","19","15,151","BOYACA","CHIQUINQUIRA","56,224,880,219","-738,042,449,951","ESTACION DE SERVICIO DE GNCV","GNV","3","640","436","5,338.97"
"2022 Jan 06 12:00:00 AM","2,022","1","6","15,152","BOYACA","DUITAMA","58,906,025,887","-730,670,928,955","ESTACION DE SERVICIO DE GNCV","GNV","2","285","207","5,033.46"
"2022 Jan 20 12:00:00 AM","2,022","1","20","15,152","BOYACA","DUITAMA","58,906,025,887","-730,670,928,955","ESTACION DE SERVICIO DE GNCV","GNV","2","249","192","5,852.93"
"2022 Jan 07 12:00:00 AM","2,022","1","7","15,151","BOYACA","CHIQUINQUIRA","56,224,880,219","-738,042,449,951","ESTACION DE SERVICIO DE GNCV","GNV","3","680","457","5,706.89"
"2022 Jan 15 12:00:00 AM","2,022","1","15","15,151","BOYACA","CHIQUINQUIRA","56,224,880,219","-738,042,449,951","ESTACION DE SERVICIO DE GNCV","GNV","3","685","444","5,632.88"
"2022 Jan 01 12:00:00 AM","2,022","1","1","15,151","BOYACA","CHIQUINQUIRA","56,224,880,219","-738,042,449,951","ESTACION DE SERVICIO DE GNCV","GNV","3","411","273","3,071.82"
"2022 Jan 12 12:00:00 AM","2,022","1","12","15,150","BOYACA","TUNJA","55,184,726,715","-733,780,212,402","ESTACION DE SERVICIO DE GNCV","GNV","2","153","127","1,673.84"
"2022 Jan 31 12:00:00 AM","2,022","1","31","15,157","BOYACA","SOGAMOSO","56,466,722,488","-728,709,564,209","ESTACION DE SERVICIO DE GNCV","GNV","1","311","220","2,733.7"
"2022 Jan 22 12:00:00 AM","2,022","1","22","15,151","BOYACA","CHIQUINQUIRA","56,224,880,219","-738,042,449,951","ESTACION DE SERVICIO DE GNCV","GNV","3","683","446","5,641.59"
"2022 Jan 07 12:00:00 AM","2,022","1","7","15,157","BOYACA","SOGAMOSO","56,466,722,488","-728,709,564,209","ESTACION DE SERVICIO DE GNCV","GNV","1","183","149","1,549.11"
"2022 Jan 24 12:00:00 AM","2,022","1","24","15,150","BOYACA","TUNJA","55,184,726,715","-733,780,212,402","ESTACION DE SERVICIO DE GNCV","GNV","2","164","138","1,885.93"
"2022 Jan 12 12:00:00 AM","2,022","1","12","15,157","BOYACA","SOGAMOSO","56,466,722,488","-728,709,564,209","ESTACION DE SERVICIO DE GNCV","GNV","1","277","196","2,449.52"
"2022 Jan 06 12:00:00 AM","2,022","1","6","15,150","BOYACA","TUNJA","55,184,726,715","-733,780,212,402","ESTACION DE SERVICIO DE GNCV","GNV","2","180","153","1,772.84"
"2022 Jan 18 12:00:00 AM","2,022","1","18","15,152","BOYACA","DUITAMA","58,906,025,887","-730,670,928,955","ESTACION DE SERVICIO DE GNCV","GNV","2","247","194","7,052.04"
"2022 Jan 02 12:00:00 AM","2,022","1","2","15,152","BOYACA","DUITAMA","58,906,025,887","-730,670,928,955","ESTACION DE SERVICIO DE GNCV","GNV","2","228","176","2,513.8"
"2022 Jan 22 12:00:00 AM","2,022","1","22","15,152","BOYACA","DUITAMA","58,906,025,887","-730,670,928,955","ESTACION DE SERVICIO DE GNCV","GNV","2","284","197","4,671.66"
"2022 Jan 08 12:00:00 AM","2,022","1","8","15,150","BOYACA","TUNJA","55,184,726,715","-733,780,212,402","ESTACION DE SERVICIO DE GNCV","GNV","2","180","160","1,842.39"
"2022 Jan 29 12:00:00 AM","2,022","1","29","15,150","BOYACA","TUNJA","55,184,726,715","-733,780,212,402","ESTACION DE SERVICIO DE GNCV","GNV","2","213","180","2,333.43"
"2022 Jan 11 12:00:00 AM","2,022","1","11","15,157","BOYACA","SOGAMOSO","56,466,722,488","-728,709,564,209","ESTACION DE SERVICIO DE GNCV","GNV","1","293","203","2,875.37"
"2022 Jan 14 12:00:00 AM","2,022","1","14","15,152","BOYACA","DUITAMA","58,906,025,887","-730,670,928,955","ESTACION DE SERVICIO DE GNCV","GNV","2","253","189","6,073.39"
"2022 Jan 27 12:00:00 AM","2,022","1","27","15,151","BOYACA","CHIQUINQUIRA","56,224,880,219","-738,042,449,951","ESTACION DE SERVICIO DE GNCV","GNV","3","615","415","5,197.33"
"2022 Jan 14 12:00:00 AM","2,022","1","14","15,150","BOYACA","TUNJA","55,184,726,715","-733,780,212,402","ESTACION DE SERVICIO DE GNCV","GNV","2","185","159","1,873.36"
"2022 Jan 16 12:00:00 AM","2,022","1","16","15,150","BOYACA","TUNJA","55,184,726,715","-733,780,212,402","ESTACION DE SERVICIO DE GNCV","GNV","2","139","112","1,422.51"
"2022 Jan 21 12:00:00 AM","2,022","1","21","15,157","BOYACA","SOGAMOSO","56,466,722,488","-728,709,564,209","ESTACION DE SERVICIO DE GNCV","GNV","1","262","183","2,241.39"
"2022 Jan 05 12:00:00 AM","2,022","1","5","15,151","BOYACA","CHIQUINQUIRA","56,224,880,219","-738,042,449,951","ESTACION DE SERVICIO DE GNCV","GNV","3","687","450","5,543.47"
"2022 Jan 20 12:00:00 AM","2,022","1","20","15,157","BOYACA","SOGAMOSO","56,466,722,488","-728,709,564,209","ESTACION DE SERVICIO DE GNCV","GNV","1","281","204","2,763.11"
"2022 Jan 03 12:00:00 AM","2,022","1","3","15,151","BOYACA","CHIQUINQUIRA","56,224,880,219","-738,042,449,951","ESTACION DE SERVICIO DE GNCV","GNV","3","661","453","5,458.26"
"2022 Jan 13 12:00:00 AM","2,022","1","13","15,151","BOYACA","CHIQUINQUIRA","56,224,880,219","-738,042,449,951","ESTACION DE SERVICIO DE GNCV","GNV","3","646","439","5,474.72"
"2022 Jan 14 12:00:00 AM","2,022","1","14","15,157","BOYACA","SOGAMOSO","56,466,722,488","-728,709,564,209","ESTACION DE SERVICIO DE GNCV","GNV","1","268","187","2,349.74"
"2022 Jan 10 12:00:00 AM","2,022","1","10","15,152","BOYACA","DUITAMA","58,906,025,887","-730,670,928,955","ESTACION DE SERVICIO DE GNCV","GNV","2","202","162","2,547.49"
"2022 Jan 05 12:00:00 AM","2,022","1","5","15,150","BOYACA","TUNJA","55,184,726,715","-733,780,212,402","ESTACION DE SERVICIO DE GNCV","GNV","2","212","179","2,620.77"
"2022 Jan 02 12:00:00 AM","2,022","1","2","15,157","BOYACA","SOGAMOSO","56,466,722,488","-728,709,564,209","ESTACION DE SERVICIO DE GNCV","GNV","1","264","184","2,143.4"
"2022 Jan 05 12:00:00 AM","2,022","1","5","15,152","BOYACA","DUITAMA","58,906,025,887","-730,670,928,955","ESTACION DE SERVICIO DE GNCV","GNV","2","288","222","6,187.61"
"2022 Jan 25 12:00:00 AM","2,022","1","25","15,151","BOYACA","CHIQUINQUIRA","56,224,880,219","-738,042,449,951","ESTACION DE SERVICIO DE GNCV","GNV","3","644","425","5,236.45"
"2022 Jan 09 12:00:00 AM","2,022","1","9","15,152","BOYACA","DUITAMA","58,906,025,887","-730,670,928,955","ESTACION DE SERVICIO DE GNCV","GNV","2","214","160","2,816.34"
"2022 Jan 30 12:00:00 AM","2,022","1","30","15,150","BOYACA","TUNJA","55,184,726,715","-733,780,212,402","ESTACION DE SERVICIO DE GNCV","GNV","2","160","135","1,765.71"
"2022 Jan 27 12:00:00 AM","2,022","1","27","15,150","BOYACA","TUNJA","55,184,726,715","-733,780,212,402","ESTACION DE SERVICIO DE GNCV","GNV","2","164","141","1,838.14"
"2022 Jan 16 12:00:00 AM","2,022","1","16","15,157","BOYACA","SOGAMOSO","56,466,722,488","-728,709,564,209","ESTACION DE SERVICIO DE GNCV","GNV","1","232","158","1,917.2"
"2022 Jan 15 12:00:00 AM","2,022","1","15","15,157","BOYACA","SOGAMOSO","56,466,722,488","-728,709,564,209","ESTACION DE SERVICIO DE GNCV","GNV","1","286","196","2,809.24"
"2022 Jan 28 12:00:00 AM","2,022","1","28","15,150","BOYACA","TUNJA","55,184,726,715","-733,780,212,402","ESTACION DE SERVICIO DE GNCV","GNV","2","227","179","2,602.17"
"2022 Jan 10 12:00:00 AM","2,022","1","10","15,150","BOYACA","TUNJA","55,184,726,715","-733,780,212,402","ESTACION DE SERVICIO DE GNCV","GNV","2","126","114","1,243.2"
"2022 Jan 03 12:00:00 AM","2,022","1","3","15,157","BOYACA","SOGAMOSO","56,466,722,488","-728,709,564,209","ESTACION DE SERVICIO DE GNCV","GNV","1","307","225","2,739.81"
"2022 Jan 10 12:00:00 AM","2,022","1","10","15,157","BOYACA","SOGAMOSO","56,466,722,488","-728,709,564,209","ESTACION DE SERVICIO DE GNCV","GNV","1","209","161","1,840.93"
"2022 Jan 19 12:00:00 AM","2,022","1","19","15,152","BOYACA","DUITAMA","58,906,025,887","-730,670,928,955","ESTACION DE SERVICIO DE GNCV","GNV","2","221","177","5,093.69"
"2022 Jan 17 12:00:00 AM","2,022","1","17","15,151","BOYACA","CHIQUINQUIRA","56,224,880,219","-738,042,449,951","ESTACION DE SERVICIO DE GNCV","GNV","3","646","437","5,399.47"
"2022 Jan 22 12:00:00 AM","2,022","1","22","15,150","BOYACA","TUNJA","55,184,726,715","-733,780,212,402","ESTACION DE SERVICIO DE GNCV","GNV","2","183","150","2,039.97"
"2022 Jan 13 12:00:00 AM","2,022","1","13","15,157","BOYACA","SOGAMOSO","56,466,722,488","-728,709,564,209","ESTACION DE SERVICIO DE GNCV","GNV","1","283","203","2,485.07"
"2022 Jan 10 12:00:00 AM","2,022","1","10","15,151","BOYACA","CHIQUINQUIRA","56,224,880,219","-738,042,449,951","ESTACION DE SERVICIO DE GNCV","GNV","3","570","405","4,763.05"
"2022 Jan 28 12:00:00 AM","2,022","1","28","15,151","BOYACA","CHIQUINQUIRA","56,224,880,219","-738,042,449,951","ESTACION DE SERVICIO DE GNCV","GNV","3","653","423","5,001.99"
"2022 Jan 01 12:00:00 AM","2,022","1","1","15,152","BOYACA","DUITAMA","58,906,025,887","-730,670,928,955","ESTACION DE SERVICIO DE GNCV","GNV","2","155","116","1,414.55"
"2022 Jan 22 12:00:00 AM","2,022","1","22","15,157","BOYACA","SOGAMOSO","56,466,722,488","-728,709,564,209","ESTACION DE SERVICIO DE GNCV","GNV","1","317","213","3,037.22"
"2022 Jan 12 12:00:00 AM","2,022","1","12","15,152","BOYACA","DUITAMA","58,906,025,887","-730,670,928,955","ESTACION DE SERVICIO DE GNCV","GNV","2","240","196","4,977.71"
"2022 Jan 21 12:00:00 AM","2,022","1","21","15,151","BOYACA","CHIQUINQUIRA","56,224,880,219","-738,042,449,951","ESTACION DE SERVICIO DE GNCV","GNV","3","679","447","5,518.82"
"2022 Jan 12 12:00:00 AM","2,022","1","12","15,151","BOYACA","CHIQUINQUIRA","56,224,880,219","-738,042,449,951","ESTACION DE SERVICIO DE GNCV","GNV","3","666","443","5,611.96"
"2022 Jan 01 12:00:00 AM","2,022","1","1","15,150","BOYACA","TUNJA","55,184,726,715","-733,780,212,402","ESTACION DE SERVICIO DE GNCV","GNV","2","151","128","1,423.45"
"2022 Jan 08 12:00:00 AM","2,022","1","8","15,152","BOYACA","DUITAMA","58,906,025,887","-730,670,928,955","ESTACION DE SERVICIO DE GNCV","GNV","2","289","226","3,605.74"
"2022 Jan 17 12:00:00 AM","2,022","1","17","15,157","BOYACA","SOGAMOSO","56,466,722,488","-728,709,564,209","ESTACION DE SERVICIO DE GNCV","GNV","1","277","201","2,364.52"
"2022 Jan 30 12:00:00 AM","2,022","1","30","15,157","BOYACA","SOGAMOSO","56,466,722,488","-728,709,564,209","ESTACION DE SERVICIO DE GNCV","GNV","1","261","168","2,203.09"
"2022 Jan 26 12:00:00 AM","2,022","1","26","15,157","BOYACA","SOGAMOSO","56,466,722,488","-728,709,564,209","ESTACION DE SERVICIO DE GNCV","GNV","1","267","200","2,404.41"
"2022 Jan 13 12:00:00 AM","2,022","1","13","15,152","BOYACA","DUITAMA","58,906,025,887","-730,670,928,955","ESTACION DE SERVICIO DE GNCV","GNV","2","234","182","5,325.28"
"2022 Jan 14 12:00:00 AM","2,022","1","14","15,151","BOYACA","CHIQUINQUIRA","56,224,880,219","-738,042,449,951","ESTACION DE SERVICIO DE GNCV","GNV","3","649","447","5,562.85"
"2022 Jan 30 12:00:00 AM","2,022","1","30","15,151","BOYACA","CHIQUINQUIRA","56,224,880,219","-738,042,449,951","ESTACION DE SERVICIO DE GNCV","GNV","3","643","408","5,022.26"
"2022 Jan 23 12:00:00 AM","2,022","1","23","15,151","BOYACA","CHIQUINQUIRA","56,224,880,219","-738,042,449,951","ESTACION DE SERVICIO DE GNCV","GNV","3","610","380","4,536.81"
"2022 Jan 29 12:00:00 AM","2,022","1","29","15,152","BOYACA","DUITAMA","58,906,025,887","-730,670,928,955","ESTACION DE SERVICIO DE GNCV","GNV","2","278","202","5,692.62"
"2022 Jan 29 12:00:00 AM","2,022","1","29","15,157","BOYACA","SOGAMOSO","56,466,722,488","-728,709,564,209","ESTACION DE SERVICIO DE GNCV","GNV","1","302","202","2,657.98"
"2022 Jan 19 12:00:00 AM","2,022","1","19","15,157","BOYACA","SOGAMOSO","56,466,722,488","-728,709,564,209","ESTACION DE SERVICIO DE GNCV","GNV","1","260","195","2,262.42"
"2022 Jan 26 12:00:00 AM","2,022","1","26","15,150","BOYACA","TUNJA","55,184,726,715","-733,780,212,402","ESTACION DE SERVICIO DE GNCV","GNV","2","152","132","1,648.96"
"2022 Jan 18 12:00:00 AM","2,022","1","18","15,157","BOYACA","SOGAMOSO","56,466,722,488","-728,709,564,209","ESTACION DE SERVICIO DE GNCV","GNV","1","276","190","2,616.68"
"2022 Jan 19 12:00:00 AM","2,022","1","19","15,150","BOYACA","TUNJA","55,184,726,715","-733,780,212,402","ESTACION DE SERVICIO DE GNCV","GNV","2","172","144","1,904.32"
"2022 Jan 11 12:00:00 AM","2,022","1","11","15,150","BOYACA","TUNJA","55,184,726,715","-733,780,212,402","ESTACION DE SERVICIO DE GNCV","GNV","2","200","160","2,290.73"
"2022 Jan 23 12:00:00 AM","2,022","1","23","15,157","BOYACA","SOGAMOSO","56,466,722,488","-728,709,564,209","ESTACION DE SERVICIO DE GNCV","GNV","1","264","160","2,071.67"
"2022 Jan 30 12:00:00 AM","2,022","1","30","15,152","BOYACA","DUITAMA","58,906,025,887","-730,670,928,955","ESTACION DE SERVICIO DE GNCV","GNV","2","241","166","4,027.56"
"2022 Jan 09 12:00:00 AM","2,022","1","9","15,150","BOYACA","TUNJA","55,184,726,715","-733,780,212,402","ESTACION DE SERVICIO DE GNCV","GNV","2","120","113","1,214.5"
"2022 Jan 18 12:00:00 AM","2,022","1","18","15,150","BOYACA","TUNJA","55,184,726,715","-733,780,212,402","ESTACION DE SERVICIO DE GNCV","GNV","2","182","149","2,234.59"
"2022 Jan 04 12:00:00 AM","2,022","1","4","15,150","BOYACA","TUNJA","55,184,726,715","-733,780,212,402","ESTACION DE SERVICIO DE GNCV","GNV","2","195","165","2,137.98"
"2022 Jan 07 12:00:00 AM","2,022","1","7","15,152","BOYACA","DUITAMA","58,906,025,887","-730,670,928,955","ESTACION DE SERVICIO DE GNCV","GNV","2","277","211","4,325.74"
"2022 Jan 25 12:00:00 AM","2,022","1","25","15,152","BOYACA","DUITAMA","58,906,025,887","-730,670,928,955","ESTACION DE SERVICIO DE GNCV","GNV","2","261","205","5,582.3"
"2022 Jan 13 12:00:00 AM","2,022","1","13","15,150","BOYACA","TUNJA","55,184,726,715","-733,780,212,402","ESTACION DE SERVICIO DE GNCV","GNV","2","161","129","1,810.07"
"2022 Jan 27 12:00:00 AM","2,022","1","27","15,152","BOYACA","DUITAMA","58,906,025,887","-730,670,928,955","ESTACION DE SERVICIO DE GNCV","GNV","2","257","194","5,548.57"
"2022 Jan 16 12:00:00 AM","2,022","1","16","15,151","BOYACA","CHIQUINQUIRA","56,224,880,219","-738,042,449,951","ESTACION DE SERVICIO DE GNCV","GNV","3","609","409","4,876.14"
"2022 Jan 09 12:00:00 AM","2,022","1","9","15,157","BOYACA","SOGAMOSO","56,466,722,488","-728,709,564,209","ESTACION DE SERVICIO DE GNCV","GNV","1","231","158","1,932.43"
"2022 Jan 04 12:00:00 AM","2,022","1","4","15,152","BOYACA","DUITAMA","58,906,025,887","-730,670,928,955","ESTACION DE SERVICIO DE GNCV","GNV","2","275","215","4,928.14"
"2022 Jan 20 12:00:00 AM","2,022","1","20","15,150","BOYACA","TUNJA","55,184,726,715","-733,780,212,402","ESTACION DE SERVICIO DE GNCV","GNV","2","155","131","1,692.73"
"2022 Jan 31 12:00:00 AM","2,022","1","31","15,151","BOYACA","CHIQUINQUIRA","56,224,880,219","-738,042,449,951","ESTACION DE SERVICIO DE GNCV","GNV","3","695","468","6,042.6"
"2022 Jan 23 12:00:00 AM","2,022","1","23","15,152","BOYACA","DUITAMA","58,906,025,887","-730,670,928,955","ESTACION DE SERVICIO DE GNCV","GNV","2","196","135","3,000.07"
"2022 Jan 03 12:00:00 AM","2,022","1","3","15,150","BOYACA","TUNJA","55,184,726,715","-733,780,212,402","ESTACION DE SERVICIO DE GNCV","GNV","2","226","180","2,430.11"
"2022 Jan 04 12:00:00 AM","2,022","1","4","15,157","BOYACA","SOGAMOSO","56,466,722,488","-728,709,564,209","ESTACION DE SERVICIO DE GNCV","GNV","1","313","226","3,017.83"
"2022 Jan 02 12:00:00 AM","2,022","1","2","15,151","BOYACA","CHIQUINQUIRA","56,224,880,219","-738,042,449,951","ESTACION DE SERVICIO DE GNCV","GNV","3","612","415","5,050.49"
"2022 Jan 18 12:00:00 AM","2,022","1","18","15,151","BOYACA","CHIQUINQUIRA","56,224,880,219","-738,042,449,951","ESTACION DE SERVICIO DE GNCV","GNV","3","641","422","5,367.1"
"2022 Jan 07 12:00:00 AM","2,022","1","7","15,150","BOYACA","TUNJA","55,184,726,715","-733,780,212,402","ESTACION DE SERVICIO DE GNCV","GNV","2","225","191","2,423.56"
"2022 Jan 26 12:00:00 AM","2,022","1","26","15,152","BOYACA","DUITAMA","58,906,025,887","-730,670,928,955","ESTACION DE SERVICIO DE GNCV","GNV","2","255","189","7,255.4"
"2022 Jan 31 12:00:00 AM","2,022","1","31","15,152","BOYACA","DUITAMA","58,906,025,887","-730,670,928,955","ESTACION DE SERVICIO DE GNCV","GNV","2","265","195","6,765.02"
"2022 Jan 21 12:00:00 AM","2,022","1","21","15,150","BOYACA","TUNJA","55,184,726,715","-733,780,212,402","ESTACION DE SERVICIO DE GNCV","GNV","2","203","166","2,175.13"
"2022 Jan 25 12:00:00 AM","2,022","1","25","15,157","BOYACA","SOGAMOSO","56,466,722,488","-728,709,564,209","ESTACION DE SERVICIO DE GNCV","GNV","1","314","221","2,745.63"
"2022 Jan 29 12:00:00 AM","2,022","1","29","15,151","BOYACA","CHIQUINQUIRA","56,224,880,219","-738,042,449,951","ESTACION DE SERVICIO DE GNCV","GNV","3","674","428","5,517.45"
"2022 Jan 11 12:00:00 AM","2,022","1","11","15,151","BOYACA","CHIQUINQUIRA","56,224,880,219","-738,042,449,951","ESTACION DE SERVICIO DE GNCV","GNV","3","670","443","5,469.6"
"2022 Jan 17 12:00:00 AM","2,022","1","17","15,150","BOYACA","TUNJA","55,184,726,715","-733,780,212,402","ESTACION DE SERVICIO DE GNCV","GNV","2","183","157","2,024.91"
"2022 Jan 09 12:00:00 AM","2,022","1","9","15,151","BOYACA","CHIQUINQUIRA","56,224,880,219","-738,042,449,951","ESTACION DE SERVICIO DE GNCV","GNV","3","656","403","5,154.33"
"2022 Jan 06 12:00:00 AM","2,022","1","6","15,151","BOYACA","CHIQUINQUIRA","56,224,880,219","-738,042,449,951","ESTACION DE SERVICIO DE GNCV","GNV","3","701","476","5,862.09"
"2022 Jan 17 12:00:00 AM","2,022","1","17","15,152","BOYACA","DUITAMA","58,906,025,887","-730,670,928,955","ESTACION DE SERVICIO DE GNCV","GNV","2","246","196","5,004.15"
"2021 Dec 27 12:00:00 AM","2,021","12","27","15,157","BOYACA","SOGAMOSO","56,466,722,488","-728,709,564,209","ESTACION DE SERVICIO DE GNCV","GNV","1","331","230","3,357.19"
"2021 Dec 08 12:00:00 AM","2,021","12","8","15,151","BOYACA","CHIQUINQUIRA","56,224,880,219","-738,042,449,951","ESTACION DE SERVICIO DE GNCV","GNV","3","631","406","5,236.37"
"2021 Dec 10 12:00:00 AM","2,021","12","10","15,151","BOYACA","CHIQUINQUIRA","56,224,880,219","-738,042,449,951","ESTACION DE SERVICIO DE GNCV","GNV","3","733","473","6,225.28"
"2021 Dec 25 12:00:00 AM","2,021","12","25","15,152","BOYACA","DUITAMA","58,906,025,887","-730,670,928,955","ESTACION DE SERVICIO DE GNCV","GNV","2","178","125","1,935.46"
"2021 Dec 14 12:00:00 AM","2,021","12","14","15,157","BOYACA","SOGAMOSO","56,466,722,488","-728,709,564,209","ESTACION DE SERVICIO DE GNCV","GNV","1","346","233","3,245.16"
"2021 Dec 17 12:00:00 AM","2,021","12","17","15,157","BOYACA","SOGAMOSO","56,466,722,488","-728,709,564,209","ESTACION DE SERVICIO DE GNCV","GNV","1","346","226","3,282.77"
"2021 Dec 28 12:00:00 AM","2,021","12","28","15,150","BOYACA","TUNJA","55,184,726,715","-733,780,212,402","ESTACION DE SERVICIO DE GNCV","GNV","2","192","164","2,154.66"
"2021 Dec 21 12:00:00 AM","2,021","12","21","15,152","BOYACA","DUITAMA","58,906,025,887","-730,670,928,955","ESTACION DE SERVICIO DE GNCV","GNV","2","277","212","5,361.67"
"2021 Dec 05 12:00:00 AM","2,021","12","5","15,151","BOYACA","CHIQUINQUIRA","56,224,880,219","-738,042,449,951","ESTACION DE SERVICIO DE GNCV","GNV","3","675","410","5,408.8"
"2021 Dec 08 12:00:00 AM","2,021","12","8","15,157","BOYACA","SOGAMOSO","56,466,722,488","-728,709,564,209","ESTACION DE SERVICIO DE GNCV","GNV","1","266","172","2,186.49"
"2021 Dec 07 12:00:00 AM","2,021","12","7","15,157","BOYACA","SOGAMOSO","56,466,722,488","-728,709,564,209","ESTACION DE SERVICIO DE GNCV","GNV","1","362","233","3,110.09"
"2021 Dec 11 12:00:00 AM","2,021","12","11","15,157","BOYACA","SOGAMOSO","56,466,722,488","-728,709,564,209","ESTACION DE SERVICIO DE GNCV","GNV","1","375","233","3,084.14"
"2021 Dec 15 12:00:00 AM","2,021","12","15","15,157","BOYACA","SOGAMOSO","56,466,722,488","-728,709,564,209","ESTACION DE SERVICIO DE GNCV","GNV","1","311","215","2,722.12"
"2021 Dec 17 12:00:00 AM","2,021","12","17","15,151","BOYACA","CHIQUINQUIRA","56,224,880,219","-738,042,449,951","ESTACION DE SERVICIO DE GNCV","GNV","3","769","461","6,102.65"
"2021 Dec 06 12:00:00 AM","2,021","12","6","15,150","BOYACA","TUNJA","55,184,726,715","-733,780,212,402","ESTACION DE SERVICIO DE GNCV","GNV","2","211","174","2,361.52"
"2021 Dec 18 12:00:00 AM","2,021","12","18","15,157","BOYACA","SOGAMOSO","56,466,722,488","-728,709,564,209","ESTACION DE SERVICIO DE GNCV","GNV","1","404","250","3,390.39"
"2021 Dec 07 12:00:00 AM","2,021","12","7","15,152","BOYACA","DUITAMA","58,906,025,887","-730,670,928,955","ESTACION DE SERVICIO DE GNCV","GNV","2","298","214","5,046.85"
"2021 Dec 03 12:00:00 AM","2,021","12","3","15,152","BOYACA","DUITAMA","58,906,025,887","-730,670,928,955","ESTACION DE SERVICIO DE GNCV","GNV","2","313","233","6,567.45"
"2021 Dec 23 12:00:00 AM","2,021","12","23","15,150","BOYACA","TUNJA","55,184,726,715","-733,780,212,402","ESTACION DE SERVICIO DE GNCV","GNV","2","243","202","2,592.48"
"2021 Dec 09 12:00:00 AM","2,021","12","9","15,157","BOYACA","SOGAMOSO","56,466,722,488","-728,709,564,209","ESTACION DE SERVICIO DE GNCV","GNV","1","340","234","3,205.53"
"2021 Dec 03 12:00:00 AM","2,021","12","3","15,150","BOYACA","TUNJA","55,184,726,715","-733,780,212,402","ESTACION DE SERVICIO DE GNCV","GNV","2","205","172","2,297.92"
"2021 Dec 19 12:00:00 AM","2,021","12","19","15,151","BOYACA","CHIQUINQUIRA","56,224,880,219","-738,042,449,951","ESTACION DE SERVICIO DE GNCV","GNV","3","740","452","5,948.14"
"2021 Dec 03 12:00:00 AM","2,021","12","3","15,151","BOYACA","CHIQUINQUIRA","56,224,880,219","-738,042,449,951","ESTACION DE SERVICIO DE GNCV","GNV","3","778","459","6,299.5"
"2021 Dec 06 12:00:00 AM","2,021","12","6","15,152","BOYACA","DUITAMA","58,906,025,887","-730,670,928,955","ESTACION DE SERVICIO DE GNCV","GNV","2","275","201","5,746.84"
"2021 Dec 31 12:00:00 AM","2,021","12","31","15,151","BOYACA","CHIQUINQUIRA","56,224,880,219","-738,042,449,951","ESTACION DE SERVICIO DE GNCV","GNV","3","909","536","7,270.65"
"2021 Dec 28 12:00:00 AM","2,021","12","28","15,157","BOYACA","SOGAMOSO","56,466,722,488","-728,709,564,209","ESTACION DE SERVICIO DE GNCV","GNV","1","341","233","2,898.48"
"2021 Dec 27 12:00:00 AM","2,021","12","27","15,151","BOYACA","CHIQUINQUIRA","56,224,880,219","-738,042,449,951","ESTACION DE SERVICIO DE GNCV","GNV","3","712","470","5,878.14"
"2021 Dec 25 12:00:00 AM","2,021","12","25","15,151","BOYACA","CHIQUINQUIRA","56,224,880,219","-738,042,449,951","ESTACION DE SERVICIO DE GNCV","GNV","3","547","331","3,945.07"
"2021 Dec 13 12:00:00 AM","2,021","12","13","15,150","BOYACA","TUNJA","55,184,726,715","-733,780,212,402","ESTACION DE SERVICIO DE GNCV","GNV","2","187","155","2,034.6"
"2021 Dec 27 12:00:00 AM","2,021","12","27","15,150","BOYACA","TUNJA","55,184,726,715","-733,780,212,402","ESTACION DE SERVICIO DE GNCV","GNV","2","188","155","2,076.51"
"2021 Dec 10 12:00:00 AM","2,021","12","10","15,157","BOYACA","SOGAMOSO","56,466,722,488","-728,709,564,209","ESTACION DE SERVICIO DE GNCV","GNV","1","354","220","2,986.14"
"2021 Dec 12 12:00:00 AM","2,021","12","12","15,157","BOYACA","SOGAMOSO","56,466,722,488","-728,709,564,209","ESTACION DE SERVICIO DE GNCV","GNV","1","333","198","2,680.03"
"2021 Dec 28 12:00:00 AM","2,021","12","28","15,152","BOYACA","DUITAMA","58,906,025,887","-730,670,928,955","ESTACION DE SERVICIO DE GNCV","GNV","2","292","213","5,746.61"
"2021 Dec 13 12:00:00 AM","2,021","12","13","15,152","BOYACA","DUITAMA","58,906,025,887","-730,670,928,955","ESTACION DE SERVICIO DE GNCV","GNV","2","269","203","4,494.46"
"2021 Dec 17 12:00:00 AM","2,021","12","17","15,152","BOYACA","DUITAMA","58,906,025,887","-730,670,928,955","ESTACION DE SERVICIO DE GNCV","GNV","2","305","211","5,379.74"
"2021 Dec 29 12:00:00 AM","2,021","12","29","15,150","BOYACA","TUNJA","55,184,726,715","-733,780,212,402","ESTACION DE SERVICIO DE GNCV","GNV","2","202","166","2,178.29"
"2021 Dec 06 12:00:00 AM","2,021","12","6","15,157","BOYACA","SOGAMOSO","56,466,722,488","-728,709,564,209","ESTACION DE SERVICIO DE GNCV","GNV","1","320","222","2,940.56"
"2021 Dec 20 12:00:00 AM","2,021","12","20","15,151","BOYACA","CHIQUINQUIRA","56,224,880,219","-738,042,449,951","ESTACION DE SERVICIO DE GNCV","GNV","3","693","439","5,619.62"
"2021 Dec 16 12:00:00 AM","2,021","12","16","15,152","BOYACA","DUITAMA","58,906,025,887","-730,670,928,955","ESTACION DE SERVICIO DE GNCV","GNV","2","295","204","5,234.23"
"2021 Dec 14 12:00:00 AM","2,021","12","14","15,152","BOYACA","DUITAMA","58,906,025,887","-730,670,928,955","ESTACION DE SERVICIO DE GNCV","GNV","2","290","219","5,558.27"
"2021 Dec 19 12:00:00 AM","2,021","12","19","15,150","BOYACA","TUNJA","55,184,726,715","-733,780,212,402","ESTACION DE SERVICIO DE GNCV","GNV","2","195","167","1.923"
"2021 Dec 22 12:00:00 AM","2,021","12","22","15,151","BOYACA","CHIQUINQUIRA","56,224,880,219","-738,042,449,951","ESTACION DE SERVICIO DE GNCV","GNV","3","769","493","6,449.04"
"2021 Dec 29 12:00:00 AM","2,021","12","29","15,152","BOYACA","DUITAMA","58,906,025,887","-730,670,928,955","ESTACION DE SERVICIO DE GNCV","GNV","2","305","226","5,363.61"
"2021 Dec 01 12:00:00 AM","2,021","12","1","15,150","BOYACA","TUNJA","55,184,726,715","-733,780,212,402","ESTACION DE SERVICIO DE GNCV","GNV","2","185","156","2,192.62"
"2021 Dec 24 12:00:00 AM","2,021","12","24","15,157","BOYACA","SOGAMOSO","56,466,722,488","-728,709,564,209","ESTACION DE SERVICIO DE GNCV","GNV","1","414","242","3,449.35"
"2021 Dec 02 12:00:00 AM","2,021","12","2","15,151","BOYACA","CHIQUINQUIRA","56,224,880,219","-738,042,449,951","ESTACION DE SERVICIO DE GNCV","GNV","3","697","447","5,581.38"
"2021 Dec 11 12:00:00 AM","2,021","12","11","15,152","BOYACA","DUITAMA","58,906,025,887","-730,670,928,955","ESTACION DE SERVICIO DE GNCV","GNV","2","295","207","5,054.95"
"2021 Dec 21 12:00:00 AM","2,021","12","21","15,150","BOYACA","TUNJA","55,184,726,715","-733,780,212,402","ESTACION DE SERVICIO DE GNCV","GNV","2","239","190","2,533.34"
"2021 Dec 10 12:00:00 AM","2,021","12","10","15,150","BOYACA","TUNJA","55,184,726,715","-733,780,212,402","ESTACION DE SERVICIO DE GNCV","GNV","2","230","185","2,388.64"
"2021 Dec 01 12:00:00 AM","2,021","12","1","15,152","BOYACA","DUITAMA","58,906,025,887","-730,670,928,955","ESTACION DE SERVICIO DE GNCV","GNV","2","276","213","5,227.37"
"2021 Dec 17 12:00:00 AM","2,021","12","17","15,150","BOYACA","TUNJA","55,184,726,715","-733,780,212,402","ESTACION DE SERVICIO DE GNCV","GNV","2","221","183","2,267.11"
"2021 Dec 11 12:00:00 AM","2,021","12","11","15,151","BOYACA","CHIQUINQUIRA","56,224,880,219","-738,042,449,951","ESTACION DE SERVICIO DE GNCV","GNV","3","771","465","6,278.88"
"2021 Dec 29 12:00:00 AM","2,021","12","29","15,157","BOYACA","SOGAMOSO","56,466,722,488","-728,709,564,209","ESTACION DE SERVICIO DE GNCV","GNV","1","336","223","2,882.85"
"2021 Dec 21 12:00:00 AM","2,021","12","21","15,157","BOYACA","SOGAMOSO","56,466,722,488","-728,709,564,209","ESTACION DE SERVICIO DE GNCV","GNV","1","397","250","3,547.79"
"2021 Dec 04 12:00:00 AM","2,021","12","4","15,151","BOYACA","CHIQUINQUIRA","56,224,880,219","-738,042,449,951","ESTACION DE SERVICIO DE GNCV","GNV","3","779","456","6,026.8"
"2021 Dec 20 12:00:00 AM","2,021","12","20","15,150","BOYACA","TUNJA","55,184,726,715","-733,780,212,402","ESTACION DE SERVICIO DE GNCV","GNV","2","201","170","2,040.64"
"2021 Dec 05 12:00:00 AM","2,021","12","5","15,157","BOYACA","SOGAMOSO","56,466,722,488","-728,709,564,209","ESTACION DE SERVICIO DE GNCV","GNV","1","333","187","2,705.86"
"2021 Dec 26 12:00:00 AM","2,021","12","26","15,151","BOYACA","CHIQUINQUIRA","56,224,880,219","-738,042,449,951","ESTACION DE SERVICIO DE GNCV","GNV","3","669","443","5,421.34"
"2021 Dec 31 12:00:00 AM","2,021","12","31","15,150","BOYACA","TUNJA","55,184,726,715","-733,780,212,402","ESTACION DE SERVICIO DE GNCV","GNV","2","377","324","3,812.3"
"2021 Dec 27 12:00:00 AM","2,021","12","27","15,152","BOYACA","DUITAMA","58,906,025,887","-730,670,928,955","ESTACION DE SERVICIO DE GNCV","GNV","2","301","228","7,738.41"
"2021 Dec 23 12:00:00 AM","2,021","12","23","15,151","BOYACA","CHIQUINQUIRA","56,224,880,219","-738,042,449,951","ESTACION DE SERVICIO DE GNCV","GNV","3","789","481","6,467.53"
"2021 Dec 30 12:00:00 AM","2,021","12","30","15,157","BOYACA","SOGAMOSO","56,466,722,488","-728,709,564,209","ESTACION DE SERVICIO DE GNCV","GNV","1","385","249","3,465.8"
"2021 Dec 25 12:00:00 AM","2,021","12","25","15,157","BOYACA","SOGAMOSO","56,466,722,488","-728,709,564,209","ESTACION DE SERVICIO DE GNCV","GNV","1","243","134","1,911.43"
"2021 Dec 18 12:00:00 AM","2,021","12","18","15,152","BOYACA","DUITAMA","58,906,025,887","-730,670,928,955","ESTACION DE SERVICIO DE GNCV","GNV","2","329","219","4,158.48"
"2021 Dec 16 12:00:00 AM","2,021","12","16","15,151","BOYACA","CHIQUINQUIRA","56,224,880,219","-738,042,449,951","ESTACION DE SERVICIO DE GNCV","GNV","3","717","464","5,808.32"
"2021 Dec 14 12:00:00 AM","2,021","12","14","15,150","BOYACA","TUNJA","55,184,726,715","-733,780,212,402","ESTACION DE SERVICIO DE GNCV","GNV","2","177","141","1,901.03"
"2021 Dec 18 12:00:00 AM","2,021","12","18","15,150","BOYACA","TUNJA","55,184,726,715","-733,780,212,402","ESTACION DE SERVICIO DE GNCV","GNV","2","251","199","2,738.01"
"2021 Dec 08 12:00:00 AM","2,021","12","8","15,150","BOYACA","TUNJA","55,184,726,715","-733,780,212,402","ESTACION DE SERVICIO DE GNCV","GNV","2","122","108","1,155.82"
"2021 Dec 24 12:00:00 AM","2,021","12","24","15,150","BOYACA","TUNJA","55,184,726,715","-733,780,212,402","ESTACION DE SERVICIO DE GNCV","GNV","2","233","195","2,484.67"
"2021 Dec 04 12:00:00 AM","2,021","12","4","15,150","BOYACA","TUNJA","55,184,726,715","-733,780,212,402","ESTACION DE SERVICIO DE GNCV","GNV","2","213","168","2,146.24"
"2021 Dec 30 12:00:00 AM","2,021","12","30","15,152","BOYACA","DUITAMA","58,906,025,887","-730,670,928,955","ESTACION DE SERVICIO DE GNCV","GNV","2","288","219","4,595.83"
"2021 Dec 13 12:00:00 AM","2,021","12","13","15,151","BOYACA","CHIQUINQUIRA","56,224,880,219","-738,042,449,951","ESTACION DE SERVICIO DE GNCV","GNV","3","695","465","5,894.03"
"2021 Dec 12 12:00:00 AM","2,021","12","12","15,152","BOYACA","DUITAMA","58,906,025,887","-730,670,928,955","ESTACION DE SERVICIO DE GNCV","GNV","2","254","181","4,210.79"
"2021 Dec 02 12:00:00 AM","2,021","12","2","15,150","BOYACA","TUNJA","55,184,726,715","-733,780,212,402","ESTACION DE SERVICIO DE GNCV","GNV","2","174","143","2,020.91"
"2021 Dec 09 12:00:00 AM","2,021","12","9","15,150","BOYACA","TUNJA","55,184,726,715","-733,780,212,402","ESTACION DE SERVICIO DE GNCV","GNV","2","189","160","1,946.16"
"2021 Dec 01 12:00:00 AM","2,021","12","1","15,157","BOYACA","SOGAMOSO","56,466,722,488","-728,709,564,209","ESTACION DE SERVICIO DE GNCV","GNV","1","315","219","2,559.37"
"2021 Dec 14 12:00:00 AM","2,021","12","14","15,151","BOYACA","CHIQUINQUIRA","56,224,880,219","-738,042,449,951","ESTACION DE SERVICIO DE GNCV","GNV","3","686","443","5,558.95"
"2021 Dec 13 12:00:00 AM","2,021","12","13","15,157","BOYACA","SOGAMOSO","56,466,722,488","-728,709,564,209","ESTACION DE SERVICIO DE GNCV","GNV","1","299","209","2,576.43"
"2021 Dec 15 12:00:00 AM","2,021","12","15","15,151","BOYACA","CHIQUINQUIRA","56,224,880,219","-738,042,449,951","ESTACION DE SERVICIO DE GNCV","GNV","3","715","451","5,791.27"
"2021 Dec 31 12:00:00 AM","2,021","12","31","15,152","BOYACA","DUITAMA","58,906,025,887","-730,670,928,955","ESTACION DE SERVICIO DE GNCV","GNV","2","324","236","3,326.52"
"2021 Dec 18 12:00:00 AM","2,021","12","18","15,151","BOYACA","CHIQUINQUIRA","56,224,880,219","-738,042,449,951","ESTACION DE SERVICIO DE GNCV","GNV","3","772","460","6,283.01"
"2021 Dec 26 12:00:00 AM","2,021","12","26","15,152","BOYACA","DUITAMA","58,906,025,887","-730,670,928,955","ESTACION DE SERVICIO DE GNCV","GNV","2","230","171","3,799.71"
"2021 Dec 10 12:00:00 AM","2,021","12","10","15,152","BOYACA","DUITAMA","58,906,025,887","-730,670,928,955","ESTACION DE SERVICIO DE GNCV","GNV","2","273","190","5,166.12"
"2021 Dec 02 12:00:00 AM","2,021","12","2","15,152","BOYACA","DUITAMA","58,906,025,887","-730,670,928,955","ESTACION DE SERVICIO DE GNCV","GNV","2","272","209","5,971.62"
"2021 Dec 26 12:00:00 AM","2,021","12","26","15,150","BOYACA","TUNJA","55,184,726,715","-733,780,212,402","ESTACION DE SERVICIO DE GNCV","GNV","2","150","136","1,570.07"
"2021 Dec 01 12:00:00 AM","2,021","12","1","15,151","BOYACA","CHIQUINQUIRA","56,224,880,219","-738,042,449,951","ESTACION DE SERVICIO DE GNCV","GNV","3","740","466","6,043.38"
"2021 Dec 22 12:00:00 AM","2,021","12","22","15,157","BOYACA","SOGAMOSO","56,466,722,488","-728,709,564,209","ESTACION DE SERVICIO DE GNCV","GNV","1","363","230","3,223.14"
"2021 Dec 04 12:00:00 AM","2,021","12","4","15,152","BOYACA","DUITAMA","58,906,025,887","-730,670,928,955","ESTACION DE SERVICIO DE GNCV","GNV","2","312","212","5,435.56"
"2021 Dec 23 12:00:00 AM","2,021","12","23","15,157","BOYACA","SOGAMOSO","56,466,722,488","-728,709,564,209","ESTACION DE SERVICIO DE GNCV","GNV","1","379","233","3,198.09"
"2021 Dec 12 12:00:00 AM","2,021","12","12","15,150","BOYACA","TUNJA","55,184,726,715","-733,780,212,402","ESTACION DE SERVICIO DE GNCV","GNV","2","196","168","1,831.57"
"2021 Dec 22 12:00:00 AM","2,021","12","22","15,152","BOYACA","DUITAMA","58,906,025,887","-730,670,928,955","ESTACION DE SERVICIO DE GNCV","GNV","2","280","205","5,216.88"
"2021 Dec 19 12:00:00 AM","2,021","12","19","15,152","BOYACA","DUITAMA","58,906,025,887","-730,670,928,955","ESTACION DE SERVICIO DE GNCV","GNV","2","256","169","3,371.66"
"2021 Dec 11 12:00:00 AM","2,021","12","11","15,150","BOYACA","TUNJA","55,184,726,715","-733,780,212,402","ESTACION DE SERVICIO DE GNCV","GNV","2","230","186","2,379.18"
"2021 Dec 02 12:00:00 AM","2,021","12","2","15,157","BOYACA","SOGAMOSO","56,466,722,488","-728,709,564,209","ESTACION DE SERVICIO DE GNCV","GNV","1","357","230","2,940.34"
"2021 Dec 19 12:00:00 AM","2,021","12","19","15,157","BOYACA","SOGAMOSO","56,466,722,488","-728,709,564,209","ESTACION DE SERVICIO DE GNCV","GNV","1","344","205","2,725.57"
"2021 Dec 04 12:00:00 AM","2,021","12","4","15,157","BOYACA","SOGAMOSO","56,466,722,488","-728,709,564,209","ESTACION DE SERVICIO DE GNCV","GNV","1","397","226","3,313.74"
"2021 Dec 15 12:00:00 AM","2,021","12","15","15,150","BOYACA","TUNJA","55,184,726,715","-733,780,212,402","ESTACION DE SERVICIO DE GNCV","GNV","2","205","166","2,304.5"
"2021 Dec 16 12:00:00 AM","2,021","12","16","15,157","BOYACA","SOGAMOSO","56,466,722,488","-728,709,564,209","ESTACION DE SERVICIO DE GNCV","GNV","1","355","229","3,043.77"
"2021 Dec 05 12:00:00 AM","2,021","12","5","15,152","BOYACA","DUITAMA","58,906,025,887","-730,670,928,955","ESTACION DE SERVICIO DE GNCV","GNV","2","235","172","3,348.89"
"2021 Dec 25 12:00:00 AM","2,021","12","25","15,150","BOYACA","TUNJA","55,184,726,715","-733,780,212,402","ESTACION DE SERVICIO DE GNCV","GNV","2","114","102","1,147.91"
"2021 Dec 06 12:00:00 AM","2,021","12","6","15,151","BOYACA","CHIQUINQUIRA","56,224,880,219","-738,042,449,951","ESTACION DE SERVICIO DE GNCV","GNV","3","772","479","6,318.24"
"2021 Dec 05 12:00:00 AM","2,021","12","5","15,150","BOYACA","TUNJA","55,184,726,715","-733,780,212,402","ESTACION DE SERVICIO DE GNCV","GNV","2","181","143","1,710.72"
"2021 Dec 20 12:00:00 AM","2,021","12","20","15,152","BOYACA","DUITAMA","58,906,025,887","-730,670,928,955","ESTACION DE SERVICIO DE GNCV","GNV","2","310","228","6,406.32"
"2021 Dec 21 12:00:00 AM","2,021","12","21","15,151","BOYACA","CHIQUINQUIRA","56,224,880,219","-738,042,449,951","ESTACION DE SERVICIO DE GNCV","GNV","3","716","469","5,912.72"
"2021 Dec 12 12:00:00 AM","2,021","12","12","15,151","BOYACA","CHIQUINQUIRA","56,224,880,219","-738,042,449,951","ESTACION DE SERVICIO DE GNCV","GNV","3","649","410","5,192.19"
"2021 Dec 23 12:00:00 AM","2,021","12","23","15,152","BOYACA","DUITAMA","58,906,025,887","-730,670,928,955","ESTACION DE SERVICIO DE GNCV","GNV","2","309","215","6,192.31"
"2021 Dec 29 12:00:00 AM","2,021","12","29","15,151","BOYACA","CHIQUINQUIRA","56,224,880,219","-738,042,449,951","ESTACION DE SERVICIO DE GNCV","GNV","3","801","512","6,870.23"
"2021 Dec 03 12:00:00 AM","2,021","12","3","15,157","BOYACA","SOGAMOSO","56,466,722,488","-728,709,564,209","ESTACION DE SERVICIO DE GNCV","GNV","1","358","230","3,288.37"
"2021 Dec 08 12:00:00 AM","2,021","12","8","15,152","BOYACA","DUITAMA","58,906,025,887","-730,670,928,955","ESTACION DE SERVICIO DE GNCV","GNV","2","240","163","3,494.7"
"2021 Dec 09 12:00:00 AM","2,021","12","9","15,151","BOYACA","CHIQUINQUIRA","56,224,880,219","-738,042,449,951","ESTACION DE SERVICIO DE GNCV","GNV","3","750","479","6,153.52"
"2021 Dec 30 12:00:00 AM","2,021","12","30","15,151","BOYACA","CHIQUINQUIRA","56,224,880,219","-738,042,449,951","ESTACION DE SERVICIO DE GNCV","GNV","3","840","530","6,996.71"
"2021 Dec 22 12:00:00 AM","2,021","12","22","15,150","BOYACA","TUNJA","55,184,726,715","-733,780,212,402","ESTACION DE SERVICIO DE GNCV","GNV","2","199","169","2,389.13"
"2021 Dec 24 12:00:00 AM","2,021","12","24","15,152","BOYACA","DUITAMA","58,906,025,887","-730,670,928,955","ESTACION DE SERVICIO DE GNCV","GNV","2","286","197","2,867.53"
"2021 Dec 07 12:00:00 AM","2,021","12","7","15,150","BOYACA","TUNJA","55,184,726,715","-733,780,212,402","ESTACION DE SERVICIO DE GNCV","GNV","2","206","169","2,507.3"
"2021 Dec 16 12:00:00 AM","2,021","12","16","15,150","BOYACA","TUNJA","55,184,726,715","-733,780,212,402","ESTACION DE SERVICIO DE GNCV","GNV","2","219","170","2,352.37"
"2021 Dec 24 12:00:00 AM","2,021","12","24","15,151","BOYACA","CHIQUINQUIRA","56,224,880,219","-738,042,449,951","ESTACION DE SERVICIO DE GNCV","GNV","3","866","491","7,000.55"
"2021 Dec 31 12:00:00 AM","2,021","12","31","15,157","BOYACA","SOGAMOSO","56,466,722,488","-728,709,564,209","ESTACION DE SERVICIO DE GNCV","GNV","1","408","241","3,377.29"
"2021 Dec 20 12:00:00 AM","2,021","12","20","15,157","BOYACA","SOGAMOSO","56,466,722,488","-728,709,564,209","ESTACION DE SERVICIO DE GNCV","GNV","1","350","233","3,023.8"
"2021 Dec 09 12:00:00 AM","2,021","12","9","15,152","BOYACA","DUITAMA","58,906,025,887","-730,670,928,955","ESTACION DE SERVICIO DE GNCV","GNV","2","287","214","6,364.73"
"2021 Dec 28 12:00:00 AM","2,021","12","28","15,151","BOYACA","CHIQUINQUIRA","56,224,880,219","-738,042,449,951","ESTACION DE SERVICIO DE GNCV","GNV","3","703","454","5,960.7"
"2021 Dec 07 12:00:00 AM","2,021","12","7","15,151","BOYACA","CHIQUINQUIRA","56,224,880,219","-738,042,449,951","ESTACION DE SERVICIO DE GNCV","GNV","3","766","467","6,309.52"
"2021 Dec 26 12:00:00 AM","2,021","12","26","15,157","BOYACA","SOGAMOSO","56,466,722,488","-728,709,564,209","ESTACION DE SERVICIO DE GNCV","GNV","1","276","186","2,234.13"
"2021 Dec 30 12:00:00 AM","2,021","12","30","15,150","BOYACA","TUNJA","55,184,726,715","-733,780,212,402","ESTACION DE SERVICIO DE GNCV","GNV","2","269","225","2,897.48"
"2021 Dec 15 12:00:00 AM","2,021","12","15","15,152","BOYACA","DUITAMA","58,906,025,887","-730,670,928,955","ESTACION DE SERVICIO DE GNCV","GNV","2","301","219","6,200.19"
"2021 Nov 05 12:00:00 AM","2,021","11","5","15,150","BOYACA","TUNJA","55,184,726,715","-733,780,212,402","ESTACION DE SERVICIO DE GNCV","GNV","2","152","124","1,685.44"
"2021 Nov 07 12:00:00 AM","2,021","11","7","15,150","BOYACA","TUNJA","55,184,726,715","-733,780,212,402","ESTACION DE SERVICIO DE GNCV","GNV","2","152","122","1,513.46"
"2021 Nov 13 12:00:00 AM","2,021","11","13","15,151","BOYACA","CHIQUINQUIRA","56,224,880,219","-738,042,449,951","ESTACION DE SERVICIO DE GNCV","GNV","3","788","490","6,536.01"
"2021 Nov 27 12:00:00 AM","2,021","11","27","15,152","BOYACA","DUITAMA","58,906,025,887","-730,670,928,955","ESTACION DE SERVICIO DE GNCV","GNV","1","122","97","3,520.99"
"2021 Nov 17 12:00:00 AM","2,021","11","17","15,150","BOYACA","TUNJA","55,184,726,715","-733,780,212,402","ESTACION DE SERVICIO DE GNCV","GNV","2","159","134","1,603.2"
"2021 Nov 18 12:00:00 AM","2,021","11","18","15,150","BOYACA","TUNJA","55,184,726,715","-733,780,212,402","ESTACION DE SERVICIO DE GNCV","GNV","2","193","164","2,122.49"
"2021 Nov 13 12:00:00 AM","2,021","11","13","15,157","BOYACA","SOGAMOSO","56,466,722,488","-728,709,564,209","ESTACION DE SERVICIO DE GNCV","GNV","1","329","201","2,892.49"
"2021 Nov 24 12:00:00 AM","2,021","11","24","15,150","BOYACA","TUNJA","55,184,726,715","-733,780,212,402","ESTACION DE SERVICIO DE GNCV","GNV","2","200","170","2,230.58"
"2021 Nov 24 12:00:00 AM","2,021","11","24","15,157","BOYACA","SOGAMOSO","56,466,722,488","-728,709,564,209","ESTACION DE SERVICIO DE GNCV","GNV","1","301","213","2,483.4"
"2021 Nov 06 12:00:00 AM","2,021","11","6","15,151","BOYACA","CHIQUINQUIRA","56,224,880,219","-738,042,449,951","ESTACION DE SERVICIO DE GNCV","GNV","3","723","444","5,777.47"
"2021 Nov 16 12:00:00 AM","2,021","11","16","15,151","BOYACA","CHIQUINQUIRA","56,224,880,219","-738,042,449,951","ESTACION DE SERVICIO DE GNCV","GNV","3","678","456","5,623.11"
"2021 Nov 26 12:00:00 AM","2,021","11","26","15,151","BOYACA","CHIQUINQUIRA","56,224,880,219","-738,042,449,951","ESTACION DE SERVICIO DE GNCV","GNV","3","732","457","6,090.95"
"2021 Nov 10 12:00:00 AM","2,021","11","10","15,150","BOYACA","TUNJA","55,184,726,715","-733,780,212,402","ESTACION DE SERVICIO DE GNCV","GNV","2","180","152","1,916.32"
"2021 Nov 12 12:00:00 AM","2,021","11","12","15,152","BOYACA","DUITAMA","58,906,025,887","-730,670,928,955","ESTACION DE SERVICIO DE GNCV","GNV","2","320","228","6,207.72"
"2021 Nov 02 12:00:00 AM","2,021","11","2","15,150","BOYACA","TUNJA","55,184,726,715","-733,780,212,402","ESTACION DE SERVICIO DE GNCV","GNV","2","197","162","2,203.57"
"2021 Nov 20 12:00:00 AM","2,021","11","20","15,150","BOYACA","TUNJA","55,184,726,715","-733,780,212,402","ESTACION DE SERVICIO DE GNCV","GNV","2","187","159","2,010.95"
"2021 Nov 19 12:00:00 AM","2,021","11","19","15,150","BOYACA","TUNJA","55,184,726,715","-733,780,212,402","ESTACION DE SERVICIO DE GNCV","GNV","2","190","154","2,124.34"
"2021 Nov 09 12:00:00 AM","2,021","11","9","15,157","BOYACA","SOGAMOSO","56,466,722,488","-728,709,564,209","ESTACION DE SERVICIO DE GNCV","GNV","1","338","226","3,248.44"
"2021 Nov 04 12:00:00 AM","2,021","11","4","15,157","BOYACA","SOGAMOSO","56,466,722,488","-728,709,564,209","ESTACION DE SERVICIO DE GNCV","GNV","1","360","242","3,032.38"
"2021 Nov 05 12:00:00 AM","2,021","11","5","15,152","BOYACA","DUITAMA","58,906,025,887","-730,670,928,955","ESTACION DE SERVICIO DE GNCV","GNV","2","299","218","5,335.13"
"2021 Nov 09 12:00:00 AM","2,021","11","9","15,151","BOYACA","CHIQUINQUIRA","56,224,880,219","-738,042,449,951","ESTACION DE SERVICIO DE GNCV","GNV","3","732","465","5,804.79"
"2021 Nov 21 12:00:00 AM","2,021","11","21","15,150","BOYACA","TUNJA","55,184,726,715","-733,780,212,402","ESTACION DE SERVICIO DE GNCV","GNV","2","160","138","1,654.1"
"2021 Nov 06 12:00:00 AM","2,021","11","6","15,150","BOYACA","TUNJA","55,184,726,715","-733,780,212,402","ESTACION DE SERVICIO DE GNCV","GNV","2","220","182","2,367.67"
"2021 Nov 17 12:00:00 AM","2,021","11","17","15,152","BOYACA","DUITAMA","58,906,025,887","-730,670,928,955","ESTACION DE SERVICIO DE GNCV","GNV","2","265","207","5,791.56"
"2021 Nov 24 12:00:00 AM","2,021","11","24","15,151","BOYACA","CHIQUINQUIRA","56,224,880,219","-738,042,449,951","ESTACION DE SERVICIO DE GNCV","GNV","3","695","452","5,622.66"
"2021 Nov 04 12:00:00 AM","2,021","11","4","15,152","BOYACA","DUITAMA","58,906,025,887","-730,670,928,955","ESTACION DE SERVICIO DE GNCV","GNV","2","288","214","5,256.46"
"2021 Nov 27 12:00:00 AM","2,021","11","27","15,150","BOYACA","TUNJA","55,184,726,715","-733,780,212,402","ESTACION DE SERVICIO DE GNCV","GNV","2","210","175","2,273.04"
"2021 Nov 18 12:00:00 AM","2,021","11","18","15,157","BOYACA","SOGAMOSO","56,466,722,488","-728,709,564,209","ESTACION DE SERVICIO DE GNCV","GNV","1","310","210","2,889.05"
"2021 Nov 25 12:00:00 AM","2,021","11","25","15,157","BOYACA","SOGAMOSO","56,466,722,488","-728,709,564,209","ESTACION DE SERVICIO DE GNCV","GNV","1","307","212","2,603.9"
"2021 Nov 15 12:00:00 AM","2,021","11","15","15,150","BOYACA","TUNJA","55,184,726,715","-733,780,212,402","ESTACION DE SERVICIO DE GNCV","GNV","2","155","133","1,594.58"
"2021 Nov 05 12:00:00 AM","2,021","11","5","15,151","BOYACA","CHIQUINQUIRA","56,224,880,219","-738,042,449,951","ESTACION DE SERVICIO DE GNCV","GNV","3","710","456","5,773.9"
"2021 Nov 25 12:00:00 AM","2,021","11","25","15,151","BOYACA","CHIQUINQUIRA","56,224,880,219","-738,042,449,951","ESTACION DE SERVICIO DE GNCV","GNV","3","706","446","5,853.45"
"2021 Nov 21 12:00:00 AM","2,021","11","21","15,157","BOYACA","SOGAMOSO","56,466,722,488","-728,709,564,209","ESTACION DE SERVICIO DE GNCV","GNV","1","277","181","2,240.54"
"2021 Nov 10 12:00:00 AM","2,021","11","10","15,152","BOYACA","DUITAMA","58,906,025,887","-730,670,928,955","ESTACION DE SERVICIO DE GNCV","GNV","2","290","208","6,255.17"
"2021 Nov 20 12:00:00 AM","2,021","11","20","15,151","BOYACA","CHIQUINQUIRA","56,224,880,219","-738,042,449,951","ESTACION DE SERVICIO DE GNCV","GNV","3","669","428","5,361.44"
"2021 Nov 26 12:00:00 AM","2,021","11","26","15,152","BOYACA","DUITAMA","58,906,025,887","-730,670,928,955","ESTACION DE SERVICIO DE GNCV","GNV","1","112","93","3,947.56"
"2021 Nov 21 12:00:00 AM","2,021","11","21","15,152","BOYACA","DUITAMA","58,906,025,887","-730,670,928,955","ESTACION DE SERVICIO DE GNCV","GNV","2","247","173","4,051.26"
"2021 Nov 06 12:00:00 AM","2,021","11","6","15,157","BOYACA","SOGAMOSO","56,466,722,488","-728,709,564,209","ESTACION DE SERVICIO DE GNCV","GNV","1","384","223","3,503.39"
"2021 Nov 14 12:00:00 AM","2,021","11","14","15,150","BOYACA","TUNJA","55,184,726,715","-733,780,212,402","ESTACION DE SERVICIO DE GNCV","GNV","2","176","150","1,788.06"
"2021 Nov 08 12:00:00 AM","2,021","11","8","15,157","BOYACA","SOGAMOSO","56,466,722,488","-728,709,564,209","ESTACION DE SERVICIO DE GNCV","GNV","1","311","220","2,601.56"
"2021 Nov 01 12:00:00 AM","2,021","11","1","15,150","BOYACA","TUNJA","55,184,726,715","-733,780,212,402","ESTACION DE SERVICIO DE GNCV","GNV","2","160","132","1,670.59"
"2021 Nov 10 12:00:00 AM","2,021","11","10","15,151","BOYACA","CHIQUINQUIRA","56,224,880,219","-738,042,449,951","ESTACION DE SERVICIO DE GNCV","GNV","3","752","482","6,252.25"
"2021 Nov 25 12:00:00 AM","2,021","11","25","15,150","BOYACA","TUNJA","55,184,726,715","-733,780,212,402","ESTACION DE SERVICIO DE GNCV","GNV","2","402","302","4,355.93"
"2021 Nov 15 12:00:00 AM","2,021","11","15","15,152","BOYACA","DUITAMA","58,906,025,887","-730,670,928,955","ESTACION DE SERVICIO DE GNCV","GNV","2","254","189","3,052.49"
"2021 Nov 16 12:00:00 AM","2,021","11","16","15,150","BOYACA","TUNJA","55,184,726,715","-733,780,212,402","ESTACION DE SERVICIO DE GNCV","GNV","2","211","170","2,305.57"
"2021 Nov 14 12:00:00 AM","2,021","11","14","15,157","BOYACA","SOGAMOSO","56,466,722,488","-728,709,564,209","ESTACION DE SERVICIO DE GNCV","GNV","1","332","197","2,661.83"
"2021 Nov 13 12:00:00 AM","2,021","11","13","15,152","BOYACA","DUITAMA","58,906,025,887","-730,670,928,955","ESTACION DE SERVICIO DE GNCV","GNV","2","318","232","5,249.65"
"2021 Nov 19 12:00:00 AM","2,021","11","19","15,151","BOYACA","CHIQUINQUIRA","56,224,880,219","-738,042,449,951","ESTACION DE SERVICIO DE GNCV","GNV","3","770","478","6,289.41"
"2021 Nov 30 12:00:00 AM","2,021","11","30","15,151","BOYACA","CHIQUINQUIRA","56,224,880,219","-738,042,449,951","ESTACION DE SERVICIO DE GNCV","GNV","3","682","448","5,683.56"
"2021 Nov 07 12:00:00 AM","2,021","11","7","15,151","BOYACA","CHIQUINQUIRA","56,224,880,219","-738,042,449,951","ESTACION DE SERVICIO DE GNCV","GNV","3","652","406","4,997.78"
"2021 Nov 03 12:00:00 AM","2,021","11","3","15,157","BOYACA","SOGAMOSO","56,466,722,488","-728,709,564,209","ESTACION DE SERVICIO DE GNCV","GNV","1","305","204","2.562"
"2021 Nov 23 12:00:00 AM","2,021","11","23","15,157","BOYACA","SOGAMOSO","56,466,722,488","-728,709,564,209","ESTACION DE SERVICIO DE GNCV","GNV","1","334","224","2,838.4"
"2021 Nov 28 12:00:00 AM","2,021","11","28","15,157","BOYACA","SOGAMOSO","56,466,722,488","-728,709,564,209","ESTACION DE SERVICIO DE GNCV","GNV","1","307","179","2,327.57"
"2021 Nov 30 12:00:00 AM","2,021","11","30","15,150","BOYACA","TUNJA","55,184,726,715","-733,780,212,402","ESTACION DE SERVICIO DE GNCV","GNV","2","180","141","1,995.56"
"2021 Nov 11 12:00:00 AM","2,021","11","11","15,157","BOYACA","SOGAMOSO","56,466,722,488","-728,709,564,209","ESTACION DE SERVICIO DE GNCV","GNV","1","309","208","2,999.15"
"2021 Nov 06 12:00:00 AM","2,021","11","6","15,152","BOYACA","DUITAMA","58,906,025,887","-730,670,928,955","ESTACION DE SERVICIO DE GNCV","GNV","2","297","212","4,896.89"
"2021 Nov 21 12:00:00 AM","2,021","11","21","15,151","BOYACA","CHIQUINQUIRA","56,224,880,219","-738,042,449,951","ESTACION DE SERVICIO DE GNCV","GNV","3","669","407","5,255.14"
"2021 Nov 11 12:00:00 AM","2,021","11","11","15,150","BOYACA","TUNJA","55,184,726,715","-733,780,212,402","ESTACION DE SERVICIO DE GNCV","GNV","2","172","151","1,855.25"
"2021 Nov 17 12:00:00 AM","2,021","11","17","15,151","BOYACA","CHIQUINQUIRA","56,224,880,219","-738,042,449,951","ESTACION DE SERVICIO DE GNCV","GNV","3","720","463","5,688.21"
"2021 Nov 14 12:00:00 AM","2,021","11","14","15,152","BOYACA","DUITAMA","58,906,025,887","-730,670,928,955","ESTACION DE SERVICIO DE GNCV","GNV","2","225","158","2,672.34"
"2021 Nov 01 12:00:00 AM","2,021","11","1","15,151","BOYACA","CHIQUINQUIRA","56,224,880,219","-738,042,449,951","ESTACION DE SERVICIO DE GNCV","GNV","3","629","417","5,198.14"
"2021 Nov 22 12:00:00 AM","2,021","11","22","15,150","BOYACA","TUNJA","55,184,726,715","-733,780,212,402","ESTACION DE SERVICIO DE GNCV","GNV","2","210","174","2,266.11"
"2021 Nov 15 12:00:00 AM","2,021","11","15","15,157","BOYACA","SOGAMOSO","56,466,722,488","-728,709,564,209","ESTACION DE SERVICIO DE GNCV","GNV","1","286","198","2,593.64"
"2021 Nov 19 12:00:00 AM","2,021","11","19","15,157","BOYACA","SOGAMOSO","56,466,722,488","-728,709,564,209","ESTACION DE SERVICIO DE GNCV","GNV","1","341","225","2,960.39"
"2021 Nov 01 12:00:00 AM","2,021","11","1","15,152","BOYACA","DUITAMA","58,906,025,887","-730,670,928,955","ESTACION DE SERVICIO DE GNCV","GNV","2","238","176","2,992.66"
"2021 Nov 11 12:00:00 AM","2,021","11","11","15,151","BOYACA","CHIQUINQUIRA","56,224,880,219","-738,042,449,951","ESTACION DE SERVICIO DE GNCV","GNV","3","668","434","5,474.31"
"2021 Nov 12 12:00:00 AM","2,021","11","12","15,157","BOYACA","SOGAMOSO","56,466,722,488","-728,709,564,209","ESTACION DE SERVICIO DE GNCV","GNV","1","377","243","3,227.14"
"2021 Nov 02 12:00:00 AM","2,021","11","2","15,157","BOYACA","SOGAMOSO","56,466,722,488","-728,709,564,209","ESTACION DE SERVICIO DE GNCV","GNV","1","355","244","3,240.42"
"2021 Nov 04 12:00:00 AM","2,021","11","4","15,150","BOYACA","TUNJA","55,184,726,715","-733,780,212,402","ESTACION DE SERVICIO DE GNCV","GNV","2","189","167","2,122.15"
"2021 Nov 23 12:00:00 AM","2,021","11","23","15,151","BOYACA","CHIQUINQUIRA","56,224,880,219","-738,042,449,951","ESTACION DE SERVICIO DE GNCV","GNV","3","667","439","5,631.21"
"2021 Nov 26 12:00:00 AM","2,021","11","26","15,150","BOYACA","TUNJA","55,184,726,715","-733,780,212,402","ESTACION DE SERVICIO DE GNCV","GNV","2","241","192","2,510.66"
"2021 Nov 18 12:00:00 AM","2,021","11","18","15,151","BOYACA","CHIQUINQUIRA","56,224,880,219","-738,042,449,951","ESTACION DE SERVICIO DE GNCV","GNV","3","677","441","5,379.67"
"2021 Nov 30 12:00:00 AM","2,021","11","30","15,157","BOYACA","SOGAMOSO","56,466,722,488","-728,709,564,209","ESTACION DE SERVICIO DE GNCV","GNV","1","357","239","2,925.26"
"2021 Nov 09 12:00:00 AM","2,021","11","9","15,150","BOYACA","TUNJA","55,184,726,715","-733,780,212,402","ESTACION DE SERVICIO DE GNCV","GNV","2","169","139","1,795.59"
"2021 Nov 03 12:00:00 AM","2,021","11","3","15,151","BOYACA","CHIQUINQUIRA","56,224,880,219","-738,042,449,951","ESTACION DE SERVICIO DE GNCV","GNV","3","703","458","5,979.65"
"2021 Nov 18 12:00:00 AM","2,021","11","18","15,152","BOYACA","DUITAMA","58,906,025,887","-730,670,928,955","ESTACION DE SERVICIO DE GNCV","GNV","2","279","208","6,184.38"
"2021 Nov 16 12:00:00 AM","2,021","11","16","15,157","BOYACA","SOGAMOSO","56,466,722,488","-728,709,564,209","ESTACION DE SERVICIO DE GNCV","GNV","1","346","221","3,131.86"
"2021 Nov 12 12:00:00 AM","2,021","11","12","15,151","BOYACA","CHIQUINQUIRA","56,224,880,219","-738,042,449,951","ESTACION DE SERVICIO DE GNCV","GNV","3","788","503","6,536.87"
"2021 Nov 23 12:00:00 AM","2,021","11","23","15,152","BOYACA","DUITAMA","58,906,025,887","-730,670,928,955","ESTACION DE SERVICIO DE GNCV","GNV","2","194","169","5,897.25"
"2021 Nov 27 12:00:00 AM","2,021","11","27","15,157","BOYACA","SOGAMOSO","56,466,722,488","-728,709,564,209","ESTACION DE SERVICIO DE GNCV","GNV","1","378","226","3,097.22"
"2021 Nov 29 12:00:00 AM","2,021","11","29","15,151","BOYACA","CHIQUINQUIRA","56,224,880,219","-738,042,449,951","ESTACION DE SERVICIO DE GNCV","GNV","3","690","450","5,452.87"
"2021 Nov 29 12:00:00 AM","2,021","11","29","15,157","BOYACA","SOGAMOSO","56,466,722,488","-728,709,564,209","ESTACION DE SERVICIO DE GNCV","GNV","1","329","227","2,947.59"
"2021 Nov 22 12:00:00 AM","2,021","11","22","15,152","BOYACA","DUITAMA","58,906,025,887","-730,670,928,955","ESTACION DE SERVICIO DE GNCV","GNV","2","264","200","4,462.41"
"2021 Nov 19 12:00:00 AM","2,021","11","19","15,152","BOYACA","DUITAMA","58,906,025,887","-730,670,928,955","ESTACION DE SERVICIO DE GNCV","GNV","2","312","233","5,983.45"
"2021 Nov 08 12:00:00 AM","2,021","11","8","15,151","BOYACA","CHIQUINQUIRA","56,224,880,219","-738,042,449,951","ESTACION DE SERVICIO DE GNCV","GNV","3","723","461","5,904.92"
"2021 Nov 15 12:00:00 AM","2,021","11","15","15,151","BOYACA","CHIQUINQUIRA","56,224,880,219","-738,042,449,951","ESTACION DE SERVICIO DE GNCV","GNV","3","595","401","4,927.29"
"2021 Nov 04 12:00:00 AM","2,021","11","4","15,151","BOYACA","CHIQUINQUIRA","56,224,880,219","-738,042,449,951","ESTACION DE SERVICIO DE GNCV","GNV","3","728","451","5,799.63"
"2021 Nov 07 12:00:00 AM","2,021","11","7","15,152","BOYACA","DUITAMA","58,906,025,887","-730,670,928,955","ESTACION DE SERVICIO DE GNCV","GNV","2","230","157","3,150.64"
"2021 Nov 03 12:00:00 AM","2,021","11","3","15,152","BOYACA","DUITAMA","58,906,025,887","-730,670,928,955","ESTACION DE SERVICIO DE GNCV","GNV","2","275","208","4,505.67"
"2021 Nov 24 12:00:00 AM","2,021","11","24","15,152","BOYACA","DUITAMA","58,906,025,887","-730,670,928,955","ESTACION DE SERVICIO DE GNCV","GNV","1","99","86","3,958.94"
"2021 Nov 02 12:00:00 AM","2,021","11","2","15,151","BOYACA","CHIQUINQUIRA","56,224,880,219","-738,042,449,951","ESTACION DE SERVICIO DE GNCV","GNV","3","758","505","6,363.82"
"2021 Nov 01 12:00:00 AM","2,021","11","1","15,157","BOYACA","SOGAMOSO","56,466,722,488","-728,709,564,209","ESTACION DE SERVICIO DE GNCV","GNV","1","258","174","2,119.12"
"2021 Nov 03 12:00:00 AM","2,021","11","3","15,150","BOYACA","TUNJA","55,184,726,715","-733,780,212,402","ESTACION DE SERVICIO DE GNCV","GNV","2","166","141","1,709.75"
"2021 Nov 12 12:00:00 AM","2,021","11","12","15,150","BOYACA","TUNJA","55,184,726,715","-733,780,212,402","ESTACION DE SERVICIO DE GNCV","GNV","2","225","189","2,518.12"
"2021 Nov 08 12:00:00 AM","2,021","11","8","15,152","BOYACA","DUITAMA","58,906,025,887","-730,670,928,955","ESTACION DE SERVICIO DE GNCV","GNV","2","273","200","5,219.51"
"2021 Nov 28 12:00:00 AM","2,021","11","28","15,151","BOYACA","CHIQUINQUIRA","56,224,880,219","-738,042,449,951","ESTACION DE SERVICIO DE GNCV","GNV","3","654","406","4,933.66"
"2021 Nov 30 12:00:00 AM","2,021","11","30","15,152","BOYACA","DUITAMA","58,906,025,887","-730,670,928,955","ESTACION DE SERVICIO DE GNCV","GNV","2","109","94","4,421.23"
"2021 Nov 02 12:00:00 AM","2,021","11","2","15,152","BOYACA","DUITAMA","58,906,025,887","-730,670,928,955","ESTACION DE SERVICIO DE GNCV","GNV","2","283","212","5,025.29"
"2021 Nov 17 12:00:00 AM","2,021","11","17","15,157","BOYACA","SOGAMOSO","56,466,722,488","-728,709,564,209","ESTACION DE SERVICIO DE GNCV","GNV","1","339","236","3,043.87"
"2021 Nov 28 12:00:00 AM","2,021","11","28","15,152","BOYACA","DUITAMA","58,906,025,887","-730,670,928,955","ESTACION DE SERVICIO DE GNCV","GNV","1","87","65","1,372.67"
"2021 Nov 20 12:00:00 AM","2,021","11","20","15,157","BOYACA","SOGAMOSO","56,466,722,488","-728,709,564,209","ESTACION DE SERVICIO DE GNCV","GNV","1","355","214","3,275.04"
"2021 Nov 29 12:00:00 AM","2,021","11","29","15,152","BOYACA","DUITAMA","58,906,025,887","-730,670,928,955","ESTACION DE SERVICIO DE GNCV","GNV","1","125","105","5,330.75"
"2021 Nov 22 12:00:00 AM","2,021","11","22","15,157","BOYACA","SOGAMOSO","56,466,722,488","-728,709,564,209","ESTACION DE SERVICIO DE GNCV","GNV","1","343","235","3,290.86"
"2021 Nov 16 12:00:00 AM","2,021","11","16","15,152","BOYACA","DUITAMA","58,906,025,887","-730,670,928,955","ESTACION DE SERVICIO DE GNCV","GNV","2","283","222","6,133.84"
"2021 Nov 05 12:00:00 AM","2,021","11","5","15,157","BOYACA","SOGAMOSO","56,466,722,488","-728,709,564,209","ESTACION DE SERVICIO DE GNCV","GNV","1","360","235","2,966.9"
"2021 Nov 27 12:00:00 AM","2,021","11","27","15,151","BOYACA","CHIQUINQUIRA","56,224,880,219","-738,042,449,951","ESTACION DE SERVICIO DE GNCV","GNV","3","737","450","6,076.71"
"2021 Nov 29 12:00:00 AM","2,021","11","29","15,150","BOYACA","TUNJA","55,184,726,715","-733,780,212,402","ESTACION DE SERVICIO DE GNCV","GNV","2","196","170","2,210.1"
"2021 Nov 26 12:00:00 AM","2,021","11","26","15,157","BOYACA","SOGAMOSO","56,466,722,488","-728,709,564,209","ESTACION DE SERVICIO DE GNCV","GNV","1","343","227","2,962.68"
"2021 Nov 10 12:00:00 AM","2,021","11","10","15,157","BOYACA","SOGAMOSO","56,466,722,488","-728,709,564,209","ESTACION DE SERVICIO DE GNCV","GNV","1","339","229","2,913.7"
"2021 Nov 09 12:00:00 AM","2,021","11","9","15,152","BOYACA","DUITAMA","58,906,025,887","-730,670,928,955","ESTACION DE SERVICIO DE GNCV","GNV","2","266","211","4,941.77"
"2021 Nov 28 12:00:00 AM","2,021","11","28","15,150","BOYACA","TUNJA","55,184,726,715","-733,780,212,402","ESTACION DE SERVICIO DE GNCV","GNV","2","150","130","1,465.12"
"2021 Nov 14 12:00:00 AM","2,021","11","14","15,151","BOYACA","CHIQUINQUIRA","56,224,880,219","-738,042,449,951","ESTACION DE SERVICIO DE GNCV","GNV","3","744","441","5,680.43"
"2021 Nov 11 12:00:00 AM","2,021","11","11","15,152","BOYACA","DUITAMA","58,906,025,887","-730,670,928,955","ESTACION DE SERVICIO DE GNCV","GNV","2","288","211","5,978.74"
"2021 Nov 25 12:00:00 AM","2,021","11","25","15,152","BOYACA","DUITAMA","58,906,025,887","-730,670,928,955","ESTACION DE SERVICIO DE GNCV","GNV","1","113","94","5,384.52"
"2021 Nov 13 12:00:00 AM","2,021","11","13","15,150","BOYACA","TUNJA","55,184,726,715","-733,780,212,402","ESTACION DE SERVICIO DE GNCV","GNV","2","243","214","2,746.11"
"2021 Nov 08 12:00:00 AM","2,021","11","8","15,150","BOYACA","TUNJA","55,184,726,715","-733,780,212,402","ESTACION DE SERVICIO DE GNCV","GNV","2","189","164","2,127.76"
"2021 Nov 23 12:00:00 AM","2,021","11","23","15,150","BOYACA","TUNJA","55,184,726,715","-733,780,212,402","ESTACION DE SERVICIO DE GNCV","GNV","2","172","144","1,780.73"
"2021 Nov 07 12:00:00 AM","2,021","11","7","15,157","BOYACA","SOGAMOSO","56,466,722,488","-728,709,564,209","ESTACION DE SERVICIO DE GNCV","GNV","1","333","194","2,625.01"
"2021 Nov 22 12:00:00 AM","2,021","11","22","15,151","BOYACA","CHIQUINQUIRA","56,224,880,219","-738,042,449,951","ESTACION DE SERVICIO DE GNCV","GNV","3","705","479","6,052.14"
"2021 Nov 20 12:00:00 AM","2,021","11","20","15,152","BOYACA","DUITAMA","58,906,025,887","-730,670,928,955","ESTACION DE SERVICIO DE GNCV","GNV","2","302","209","5,210.95"
"2021 Oct 25 12:00:00 AM","2,021","10","25","15,152","BOYACA","DUITAMA","58,906,025,887","-730,670,928,955","ESTACION DE SERVICIO DE GNCV","GNV","2","274","204","4,059.5"
"2021 Oct 13 12:00:00 AM","2,021","10","13","15,157","BOYACA","SOGAMOSO","56,466,722,488","-728,709,564,209","ESTACION DE SERVICIO DE GNCV","GNV","1","309","217","2,624.19"
"2021 Oct 08 12:00:00 AM","2,021","10","8","15,151","BOYACA","CHIQUINQUIRA","56,224,880,219","-738,042,449,951","ESTACION DE SERVICIO DE GNCV","GNV","3","716","458","5,614.57"
"2021 Oct 02 12:00:00 AM","2,021","10","2","15,151","BOYACA","CHIQUINQUIRA","56,224,880,219","-738,042,449,951","ESTACION DE SERVICIO DE GNCV","GNV","3","732","457","5,857.79"
"2021 Oct 03 12:00:00 AM","2,021","10","3","15,150","BOYACA","TUNJA","55,184,726,715","-733,780,212,402","ESTACION DE SERVICIO DE GNCV","GNV","2","171","142","1,742.48"
"2021 Oct 31 12:00:00 AM","2,021","10","31","15,150","BOYACA","TUNJA","55,184,726,715","-733,780,212,402","ESTACION DE SERVICIO DE GNCV","GNV","2","164","137","1,666.47"
"2021 Oct 12 12:00:00 AM","2,021","10","12","15,157","BOYACA","SOGAMOSO","56,466,722,488","-728,709,564,209","ESTACION DE SERVICIO DE GNCV","GNV","1","348","247","3,183.87"
"2021 Oct 30 12:00:00 AM","2,021","10","30","15,151","BOYACA","CHIQUINQUIRA","56,224,880,219","-738,042,449,951","ESTACION DE SERVICIO DE GNCV","GNV","3","787","472","6,131.8"
"2021 Oct 30 12:00:00 AM","2,021","10","30","15,152","BOYACA","DUITAMA","58,906,025,887","-730,670,928,955","ESTACION DE SERVICIO DE GNCV","GNV","2","293","207","4,186.84"
"2021 Oct 27 12:00:00 AM","2,021","10","27","15,150","BOYACA","TUNJA","55,184,726,715","-733,780,212,402","ESTACION DE SERVICIO DE GNCV","GNV","2","456","326","4,762.74"
"2021 Oct 01 12:00:00 AM","2,021","10","1","15,152","BOYACA","DUITAMA","58,906,025,887","-730,670,928,955","ESTACION DE SERVICIO DE GNCV","GNV","2","281","211","5,233.83"
"2021 Oct 17 12:00:00 AM","2,021","10","17","15,152","BOYACA","DUITAMA","58,906,025,887","-730,670,928,955","ESTACION DE SERVICIO DE GNCV","GNV","2","208","152","3,140.9"
"2021 Oct 11 12:00:00 AM","2,021","10","11","15,150","BOYACA","TUNJA","55,184,726,715","-733,780,212,402","ESTACION DE SERVICIO DE GNCV","GNV","2","188","151","2,227.23"
"2021 Oct 22 12:00:00 AM","2,021","10","22","15,157","BOYACA","SOGAMOSO","56,466,722,488","-728,709,564,209","ESTACION DE SERVICIO DE GNCV","GNV","1","364","239","2,956.36"
"2021 Oct 20 12:00:00 AM","2,021","10","20","15,157","BOYACA","SOGAMOSO","56,466,722,488","-728,709,564,209","ESTACION DE SERVICIO DE GNCV","GNV","1","339","231","3,205.02"
"2021 Oct 26 12:00:00 AM","2,021","10","26","15,157","BOYACA","SOGAMOSO","56,466,722,488","-728,709,564,209","ESTACION DE SERVICIO DE GNCV","GNV","1","350","236","3,102.54"
"2021 Oct 26 12:00:00 AM","2,021","10","26","15,151","BOYACA","CHIQUINQUIRA","56,224,880,219","-738,042,449,951","ESTACION DE SERVICIO DE GNCV","GNV","3","714","447","5,682.89"
"2021 Oct 08 12:00:00 AM","2,021","10","8","15,152","BOYACA","DUITAMA","58,906,025,887","-730,670,928,955","ESTACION DE SERVICIO DE GNCV","GNV","2","311","225","4,603.85"
"2021 Oct 11 12:00:00 AM","2,021","10","11","15,157","BOYACA","SOGAMOSO","56,466,722,488","-728,709,564,209","ESTACION DE SERVICIO DE GNCV","GNV","1","335","233","2,888.57"
"2021 Oct 30 12:00:00 AM","2,021","10","30","15,150","BOYACA","TUNJA","55,184,726,715","-733,780,212,402","ESTACION DE SERVICIO DE GNCV","GNV","2","265","214","2,810.22"
"2021 Oct 24 12:00:00 AM","2,021","10","24","15,152","BOYACA","DUITAMA","58,906,025,887","-730,670,928,955","ESTACION DE SERVICIO DE GNCV","GNV","2","212","155","3,435.65"
"2021 Oct 17 12:00:00 AM","2,021","10","17","15,150","BOYACA","TUNJA","55,184,726,715","-733,780,212,402","ESTACION DE SERVICIO DE GNCV","GNV","2","171","143","1,715.4"
"2021 Oct 11 12:00:00 AM","2,021","10","11","15,151","BOYACA","CHIQUINQUIRA","56,224,880,219","-738,042,449,951","ESTACION DE SERVICIO DE GNCV","GNV","3","702","450","5,696.41"
"2021 Oct 07 12:00:00 AM","2,021","10","7","15,157","BOYACA","SOGAMOSO","56,466,722,488","-728,709,564,209","ESTACION DE SERVICIO DE GNCV","GNV","1","308","217","2,598.48"
"2021 Oct 14 12:00:00 AM","2,021","10","14","15,151","BOYACA","CHIQUINQUIRA","56,224,880,219","-738,042,449,951","ESTACION DE SERVICIO DE GNCV","GNV","3","699","455","5,467.54"
"2021 Oct 15 12:00:00 AM","2,021","10","15","15,151","BOYACA","CHIQUINQUIRA","56,224,880,219","-738,042,449,951","ESTACION DE SERVICIO DE GNCV","GNV","3","712","466","5,770.43"
"2021 Oct 29 12:00:00 AM","2,021","10","29","15,157","BOYACA","SOGAMOSO","56,466,722,488","-728,709,564,209","ESTACION DE SERVICIO DE GNCV","GNV","1","379","235","3,624.07"
"2021 Oct 26 12:00:00 AM","2,021","10","26","15,150","BOYACA","TUNJA","55,184,726,715","-733,780,212,402","ESTACION DE SERVICIO DE GNCV","GNV","2","404","290","4,400.74"
"2021 Oct 23 12:00:00 AM","2,021","10","23","15,150","BOYACA","TUNJA","55,184,726,715","-733,780,212,402","ESTACION DE SERVICIO DE GNCV","GNV","2","176","146","1,880.54"
"2021 Oct 27 12:00:00 AM","2,021","10","27","15,157","BOYACA","SOGAMOSO","56,466,722,488","-728,709,564,209","ESTACION DE SERVICIO DE GNCV","GNV","1","302","208","2,503.62"
"2021 Oct 03 12:00:00 AM","2,021","10","3","15,151","BOYACA","CHIQUINQUIRA","56,224,880,219","-738,042,449,951","ESTACION DE SERVICIO DE GNCV","GNV","3","680","413","5,296.44"
"2021 Oct 28 12:00:00 AM","2,021","10","28","15,152","BOYACA","DUITAMA","58,906,025,887","-730,670,928,955","ESTACION DE SERVICIO DE GNCV","GNV","2","300","220","4,649.68"
"2021 Oct 22 12:00:00 AM","2,021","10","22","15,150","BOYACA","TUNJA","55,184,726,715","-733,780,212,402","ESTACION DE SERVICIO DE GNCV","GNV","2","203","157","2,016.72"
"2021 Oct 18 12:00:00 AM","2,021","10","18","15,157","BOYACA","SOGAMOSO","56,466,722,488","-728,709,564,209","ESTACION DE SERVICIO DE GNCV","GNV","1","296","206","2,655.1"
"2021 Oct 08 12:00:00 AM","2,021","10","8","15,150","BOYACA","TUNJA","55,184,726,715","-733,780,212,402","ESTACION DE SERVICIO DE GNCV","GNV","2","239","179","2,719.97"
"2021 Oct 23 12:00:00 AM","2,021","10","23","15,157","BOYACA","SOGAMOSO","56,466,722,488","-728,709,564,209","ESTACION DE SERVICIO DE GNCV","GNV","1","373","226","3,031.9"
"2021 Oct 12 12:00:00 AM","2,021","10","12","15,151","BOYACA","CHIQUINQUIRA","56,224,880,219","-738,042,449,951","ESTACION DE SERVICIO DE GNCV","GNV","3","659","425","5,440.78"
"2021 Oct 24 12:00:00 AM","2,021","10","24","15,150","BOYACA","TUNJA","55,184,726,715","-733,780,212,402","ESTACION DE SERVICIO DE GNCV","GNV","2","157","134","1,497.03"
"2021 Oct 04 12:00:00 AM","2,021","10","4","15,157","BOYACA","SOGAMOSO","56,466,722,488","-728,709,564,209","ESTACION DE SERVICIO DE GNCV","GNV","1","336","241","2,877.76"
"2021 Oct 16 12:00:00 AM","2,021","10","16","15,152","BOYACA","DUITAMA","58,906,025,887","-730,670,928,955","ESTACION DE SERVICIO DE GNCV","GNV","2","318","211","4,290.62"
"2021 Oct 03 12:00:00 AM","2,021","10","3","15,157","BOYACA","SOGAMOSO","56,466,722,488","-728,709,564,209","ESTACION DE SERVICIO DE GNCV","GNV","1","333","197","2,454.83"
"2021 Oct 21 12:00:00 AM","2,021","10","21","15,152","BOYACA","DUITAMA","58,906,025,887","-730,670,928,955","ESTACION DE SERVICIO DE GNCV","GNV","2","296","219","5,682.54"
"2021 Oct 09 12:00:00 AM","2,021","10","9","15,157","BOYACA","SOGAMOSO","56,466,722,488","-728,709,564,209","ESTACION DE SERVICIO DE GNCV","GNV","1","376","237","3,182.91"
"2021 Oct 12 12:00:00 AM","2,021","10","12","15,152","BOYACA","DUITAMA","58,906,025,887","-730,670,928,955","ESTACION DE SERVICIO DE GNCV","GNV","2","250","186","4,943.05"
"2021 Oct 05 12:00:00 AM","2,021","10","5","15,150","BOYACA","TUNJA","55,184,726,715","-733,780,212,402","ESTACION DE SERVICIO DE GNCV","GNV","2","200","156","1,991.1"
"2021 Oct 20 12:00:00 AM","2,021","10","20","15,150","BOYACA","TUNJA","55,184,726,715","-733,780,212,402","ESTACION DE SERVICIO DE GNCV","GNV","2","199","169","2,336.31"
"2021 Oct 28 12:00:00 AM","2,021","10","28","15,157","BOYACA","SOGAMOSO","56,466,722,488","-728,709,564,209","ESTACION DE SERVICIO DE GNCV","GNV","1","359","250","3,143.01"
"2021 Oct 13 12:00:00 AM","2,021","10","13","15,151","BOYACA","CHIQUINQUIRA","56,224,880,219","-738,042,449,951","ESTACION DE SERVICIO DE GNCV","GNV","3","698","445","5,567.06"
"2021 Oct 02 12:00:00 AM","2,021","10","2","15,152","BOYACA","DUITAMA","58,906,025,887","-730,670,928,955","ESTACION DE SERVICIO DE GNCV","GNV","2","268","182","3,567.4"
"2021 Oct 03 12:00:00 AM","2,021","10","3","15,152","BOYACA","DUITAMA","58,906,025,887","-730,670,928,955","ESTACION DE SERVICIO DE GNCV","GNV","2","225","155","2,653.38"
"2021 Oct 26 12:00:00 AM","2,021","10","26","15,152","BOYACA","DUITAMA","58,906,025,887","-730,670,928,955","ESTACION DE SERVICIO DE GNCV","GNV","2","278","208","5,855.16"
"2021 Oct 23 12:00:00 AM","2,021","10","23","15,152","BOYACA","DUITAMA","58,906,025,887","-730,670,928,955","ESTACION DE SERVICIO DE GNCV","GNV","2","270","187","4,514.8"
"2021 Oct 22 12:00:00 AM","2,021","10","22","15,152","BOYACA","DUITAMA","58,906,025,887","-730,670,928,955","ESTACION DE SERVICIO DE GNCV","GNV","2","276","199","4,937.39"
"2021 Oct 01 12:00:00 AM","2,021","10","1","15,150","BOYACA","TUNJA","55,184,726,715","-733,780,212,402","ESTACION DE SERVICIO DE GNCV","GNV","2","233","176","2,525.48"
"2021 Oct 17 12:00:00 AM","2,021","10","17","15,151","BOYACA","CHIQUINQUIRA","56,224,880,219","-738,042,449,951","ESTACION DE SERVICIO DE GNCV","GNV","3","712","428","5,601.16"
"2021 Oct 31 12:00:00 AM","2,021","10","31","15,157","BOYACA","SOGAMOSO","56,466,722,488","-728,709,564,209","ESTACION DE SERVICIO DE GNCV","GNV","1","348","195","2,682.88"
"2021 Oct 06 12:00:00 AM","2,021","10","6","15,152","BOYACA","DUITAMA","58,906,025,887","-730,670,928,955","ESTACION DE SERVICIO DE GNCV","GNV","2","262","193","5,100.55"
"2021 Oct 09 12:00:00 AM","2,021","10","9","15,151","BOYACA","CHIQUINQUIRA","56,224,880,219","-738,042,449,951","ESTACION DE SERVICIO DE GNCV","GNV","3","759","475","6,101.46"
"2021 Oct 18 12:00:00 AM","2,021","10","18","15,150","BOYACA","TUNJA","55,184,726,715","-733,780,212,402","ESTACION DE SERVICIO DE GNCV","GNV","2","164","145","1,650.33"
"2021 Oct 07 12:00:00 AM","2,021","10","7","15,150","BOYACA","TUNJA","55,184,726,715","-733,780,212,402","ESTACION DE SERVICIO DE GNCV","GNV","2","171","142","1,818.39"
"2021 Oct 01 12:00:00 AM","2,021","10","1","15,151","BOYACA","CHIQUINQUIRA","56,224,880,219","-738,042,449,951","ESTACION DE SERVICIO DE GNCV","GNV","3","675","423","5,274.49"
"2021 Oct 19 12:00:00 AM","2,021","10","19","15,152","BOYACA","DUITAMA","58,906,025,887","-730,670,928,955","ESTACION DE SERVICIO DE GNCV","GNV","2","298","232","5,413.87"
"2021 Oct 14 12:00:00 AM","2,021","10","14","15,152","BOYACA","DUITAMA","58,906,025,887","-730,670,928,955","ESTACION DE SERVICIO DE GNCV","GNV","2","244","196","3,699.11"
"2021 Oct 11 12:00:00 AM","2,021","10","11","15,152","BOYACA","DUITAMA","58,906,025,887","-730,670,928,955","ESTACION DE SERVICIO DE GNCV","GNV","2","290","210","4,486.74"
"2021 Oct 25 12:00:00 AM","2,021","10","25","15,150","BOYACA","TUNJA","55,184,726,715","-733,780,212,402","ESTACION DE SERVICIO DE GNCV","GNV","2","289","225","2,972.84"
"2021 Oct 21 12:00:00 AM","2,021","10","21","15,157","BOYACA","SOGAMOSO","56,466,722,488","-728,709,564,209","ESTACION DE SERVICIO DE GNCV","GNV","1","335","237","2,882.44"
"2021 Oct 31 12:00:00 AM","2,021","10","31","15,151","BOYACA","CHIQUINQUIRA","56,224,880,219","-738,042,449,951","ESTACION DE SERVICIO DE GNCV","GNV","3","739","417","5,406.83"
"2021 Oct 16 12:00:00 AM","2,021","10","16","15,157","BOYACA","SOGAMOSO","56,466,722,488","-728,709,564,209","ESTACION DE SERVICIO DE GNCV","GNV","1","395","238","3,316.33"
"2021 Oct 21 12:00:00 AM","2,021","10","21","15,151","BOYACA","CHIQUINQUIRA","56,224,880,219","-738,042,449,951","ESTACION DE SERVICIO DE GNCV","GNV","3","696","441","5,420.7"
"2021 Oct 15 12:00:00 AM","2,021","10","15","15,157","BOYACA","SOGAMOSO","56,466,722,488","-728,709,564,209","ESTACION DE SERVICIO DE GNCV","GNV","1","364","242","3,089.62"
"2021 Oct 12 12:00:00 AM","2,021","10","12","15,150","BOYACA","TUNJA","55,184,726,715","-733,780,212,402","ESTACION DE SERVICIO DE GNCV","GNV","2","180","149","1,900.69"
"2021 Oct 02 12:00:00 AM","2,021","10","2","15,150","BOYACA","TUNJA","55,184,726,715","-733,780,212,402","ESTACION DE SERVICIO DE GNCV","GNV","2","218","188","2.234"
"2021 Oct 28 12:00:00 AM","2,021","10","28","15,150","BOYACA","TUNJA","55,184,726,715","-733,780,212,402","ESTACION DE SERVICIO DE GNCV","GNV","2","422","313","4,406.18"
"2021 Oct 19 12:00:00 AM","2,021","10","19","15,151","BOYACA","CHIQUINQUIRA","56,224,880,219","-738,042,449,951","ESTACION DE SERVICIO DE GNCV","GNV","3","742","477","6,160.94"
"2021 Oct 13 12:00:00 AM","2,021","10","13","15,150","BOYACA","TUNJA","55,184,726,715","-733,780,212,402","ESTACION DE SERVICIO DE GNCV","GNV","2","203","170","2,313.01"
"2021 Oct 29 12:00:00 AM","2,021","10","29","15,151","BOYACA","CHIQUINQUIRA","56,224,880,219","-738,042,449,951","ESTACION DE SERVICIO DE GNCV","GNV","3","765","482","6,264.15"
"2021 Oct 25 12:00:00 AM","2,021","10","25","15,157","BOYACA","SOGAMOSO","56,466,722,488","-728,709,564,209","ESTACION DE SERVICIO DE GNCV","GNV","1","368","252","3,052.07"
"2021 Oct 17 12:00:00 AM","2,021","10","17","15,157","BOYACA","SOGAMOSO","56,466,722,488","-728,709,564,209","ESTACION DE SERVICIO DE GNCV","GNV","1","330","200","2,657.46"
"2021 Oct 22 12:00:00 AM","2,021","10","22","15,151","BOYACA","CHIQUINQUIRA","56,224,880,219","-738,042,449,951","ESTACION DE SERVICIO DE GNCV","GNV","3","760","490","6,232.8"
"2021 Oct 09 12:00:00 AM","2,021","10","9","15,150","BOYACA","TUNJA","55,184,726,715","-733,780,212,402","ESTACION DE SERVICIO DE GNCV","GNV","2","208","172","2,249.56"
"2021 Oct 02 12:00:00 AM","2,021","10","2","15,157","BOYACA","SOGAMOSO","56,466,722,488","-728,709,564,209","ESTACION DE SERVICIO DE GNCV","GNV","1","394","233","3,141.49"
"2021 Oct 31 12:00:00 AM","2,021","10","31","15,152","BOYACA","DUITAMA","58,906,025,887","-730,670,928,955","ESTACION DE SERVICIO DE GNCV","GNV","2","256","173","3,581.44"
"2021 Oct 30 12:00:00 AM","2,021","10","30","15,157","BOYACA","SOGAMOSO","56,466,722,488","-728,709,564,209","ESTACION DE SERVICIO DE GNCV","GNV","1","403","239","3,349.13"
"2021 Oct 08 12:00:00 AM","2,021","10","8","15,157","BOYACA","SOGAMOSO","56,466,722,488","-728,709,564,209","ESTACION DE SERVICIO DE GNCV","GNV","1","333","211","2,637.6"
"2021 Oct 04 12:00:00 AM","2,021","10","4","15,152","BOYACA","DUITAMA","58,906,025,887","-730,670,928,955","ESTACION DE SERVICIO DE GNCV","GNV","2","274","216","4,137.68"
"2021 Oct 18 12:00:00 AM","2,021","10","18","15,151","BOYACA","CHIQUINQUIRA","56,224,880,219","-738,042,449,951","ESTACION DE SERVICIO DE GNCV","GNV","3","641","449","5,244.36"
"2021 Oct 05 12:00:00 AM","2,021","10","5","15,151","BOYACA","CHIQUINQUIRA","56,224,880,219","-738,042,449,951","ESTACION DE SERVICIO DE GNCV","GNV","3","632","424","5,019.1"
"2021 Oct 28 12:00:00 AM","2,021","10","28","15,151","BOYACA","CHIQUINQUIRA","56,224,880,219","-738,042,449,951","ESTACION DE SERVICIO DE GNCV","GNV","3","705","455","5,693.63"
"2021 Oct 06 12:00:00 AM","2,021","10","6","15,151","BOYACA","CHIQUINQUIRA","56,224,880,219","-738,042,449,951","ESTACION DE SERVICIO DE GNCV","GNV","3","690","448","5,677.63"
"2021 Oct 25 12:00:00 AM","2,021","10","25","15,151","BOYACA","CHIQUINQUIRA","56,224,880,219","-738,042,449,951","ESTACION DE SERVICIO DE GNCV","GNV","3","688","448","5,554.74"
"2021 Oct 07 12:00:00 AM","2,021","10","7","15,151","BOYACA","CHIQUINQUIRA","56,224,880,219","-738,042,449,951","ESTACION DE SERVICIO DE GNCV","GNV","3","693","446","5,468.27"
"2021 Oct 15 12:00:00 AM","2,021","10","15","15,150","BOYACA","TUNJA","55,184,726,715","-733,780,212,402","ESTACION DE SERVICIO DE GNCV","GNV","2","242","190","2,712.84"
"2021 Oct 05 12:00:00 AM","2,021","10","5","15,157","BOYACA","SOGAMOSO","56,466,722,488","-728,709,564,209","ESTACION DE SERVICIO DE GNCV","GNV","1","329","234","3,181.99"
"2021 Oct 14 12:00:00 AM","2,021","10","14","15,157","BOYACA","SOGAMOSO","56,466,722,488","-728,709,564,209","ESTACION DE SERVICIO DE GNCV","GNV","1","274","194","2,651.68"
"2021 Oct 06 12:00:00 AM","2,021","10","6","15,150","BOYACA","TUNJA","55,184,726,715","-733,780,212,402","ESTACION DE SERVICIO DE GNCV","GNV","2","211","177","2,264.7"
"2021 Oct 05 12:00:00 AM","2,021","10","5","15,152","BOYACA","DUITAMA","58,906,025,887","-730,670,928,955","ESTACION DE SERVICIO DE GNCV","GNV","2","258","193","4,828.52"
"2021 Oct 10 12:00:00 AM","2,021","10","10","15,151","BOYACA","CHIQUINQUIRA","56,224,880,219","-738,042,449,951","ESTACION DE SERVICIO DE GNCV","GNV","3","667","415","4,891.72"
"2021 Oct 04 12:00:00 AM","2,021","10","4","15,150","BOYACA","TUNJA","55,184,726,715","-733,780,212,402","ESTACION DE SERVICIO DE GNCV","GNV","2","175","138","1,894.92"
"2021 Oct 16 12:00:00 AM","2,021","10","16","15,151","BOYACA","CHIQUINQUIRA","56,224,880,219","-738,042,449,951","ESTACION DE SERVICIO DE GNCV","GNV","3","864","517","6,928.12"
"2021 Oct 20 12:00:00 AM","2,021","10","20","15,152","BOYACA","DUITAMA","58,906,025,887","-730,670,928,955","ESTACION DE SERVICIO DE GNCV","GNV","2","257","194","4,824.23"
"2021 Oct 15 12:00:00 AM","2,021","10","15","15,152","BOYACA","DUITAMA","58,906,025,887","-730,670,928,955","ESTACION DE SERVICIO DE GNCV","GNV","2","278","199","4,085.83"
"2021 Oct 29 12:00:00 AM","2,021","10","29","15,152","BOYACA","DUITAMA","58,906,025,887","-730,670,928,955","ESTACION DE SERVICIO DE GNCV","GNV","2","321","236","6,662.22"
"2021 Oct 21 12:00:00 AM","2,021","10","21","15,150","BOYACA","TUNJA","55,184,726,715","-733,780,212,402","ESTACION DE SERVICIO DE GNCV","GNV","2","184","151","2,031.98"
"2021 Oct 19 12:00:00 AM","2,021","10","19","15,157","BOYACA","SOGAMOSO","56,466,722,488","-728,709,564,209","ESTACION DE SERVICIO DE GNCV","GNV","1","360","253","2,962.41"
"2021 Oct 24 12:00:00 AM","2,021","10","24","15,151","BOYACA","CHIQUINQUIRA","56,224,880,219","-738,042,449,951","ESTACION DE SERVICIO DE GNCV","GNV","3","645","407","4,877.81"
"2021 Oct 18 12:00:00 AM","2,021","10","18","15,152","BOYACA","DUITAMA","58,906,025,887","-730,670,928,955","ESTACION DE SERVICIO DE GNCV","GNV","2","238","182","3,321.86"
"2021 Oct 01 12:00:00 AM","2,021","10","1","15,157","BOYACA","SOGAMOSO","56,466,722,488","-728,709,564,209","ESTACION DE SERVICIO DE GNCV","GNV","1","352","233","3,001.94"
"2021 Oct 19 12:00:00 AM","2,021","10","19","15,150","BOYACA","TUNJA","55,184,726,715","-733,780,212,402","ESTACION DE SERVICIO DE GNCV","GNV","2","181","139","2,120.33"
"2021 Oct 10 12:00:00 AM","2,021","10","10","15,150","BOYACA","TUNJA","55,184,726,715","-733,780,212,402","ESTACION DE SERVICIO DE GNCV","GNV","2","149","123","1,553.7"
"2021 Oct 29 12:00:00 AM","2,021","10","29","15,150","BOYACA","TUNJA","55,184,726,715","-733,780,212,402","ESTACION DE SERVICIO DE GNCV","GNV","2","320","238","3,197.9"
"2021 Oct 24 12:00:00 AM","2,021","10","24","15,157","BOYACA","SOGAMOSO","56,466,722,488","-728,709,564,209","ESTACION DE SERVICIO DE GNCV","GNV","1","312","193","2,368.71"
"2021 Oct 07 12:00:00 AM","2,021","10","7","15,152","BOYACA","DUITAMA","58,906,025,887","-730,670,928,955","ESTACION DE SERVICIO DE GNCV","GNV","2","292","222","4,346.46"
"2021 Oct 20 12:00:00 AM","2,021","10","20","15,151","BOYACA","CHIQUINQUIRA","56,224,880,219","-738,042,449,951","ESTACION DE SERVICIO DE GNCV","GNV","3","695","458","5,814.81"
"2021 Oct 27 12:00:00 AM","2,021","10","27","15,152","BOYACA","DUITAMA","58,906,025,887","-730,670,928,955","ESTACION DE SERVICIO DE GNCV","GNV","2","258","199","4,728.36"
"2021 Oct 10 12:00:00 AM","2,021","10","10","15,152","BOYACA","DUITAMA","58,906,025,887","-730,670,928,955","ESTACION DE SERVICIO DE GNCV","GNV","2","218","152","4,409.39"
"2021 Oct 23 12:00:00 AM","2,021","10","23","15,151","BOYACA","CHIQUINQUIRA","56,224,880,219","-738,042,449,951","ESTACION DE SERVICIO DE GNCV","GNV","3","755","460","5,965.21"
"2021 Oct 06 12:00:00 AM","2,021","10","6","15,157","BOYACA","SOGAMOSO","56,466,722,488","-728,709,564,209","ESTACION DE SERVICIO DE GNCV","GNV","1","334","224","3,030.65"
"2021 Oct 10 12:00:00 AM","2,021","10","10","15,157","BOYACA","SOGAMOSO","56,466,722,488","-728,709,564,209","ESTACION DE SERVICIO DE GNCV","GNV","1","274","168","2,437.75"
"2021 Oct 04 12:00:00 AM","2,021","10","4","15,151","BOYACA","CHIQUINQUIRA","56,224,880,219","-738,042,449,951","ESTACION DE SERVICIO DE GNCV","GNV","3","683","451","5,531.16"
"2021 Oct 27 12:00:00 AM","2,021","10","27","15,151","BOYACA","CHIQUINQUIRA","56,224,880,219","-738,042,449,951","ESTACION DE SERVICIO DE GNCV","GNV","3","713","470","5,910.24"
"2021 Oct 09 12:00:00 AM","2,021","10","9","15,152","BOYACA","DUITAMA","58,906,025,887","-730,670,928,955","ESTACION DE SERVICIO DE GNCV","GNV","2","293","202","4,273.56"
"2021 Oct 13 12:00:00 AM","2,021","10","13","15,152","BOYACA","DUITAMA","58,906,025,887","-730,670,928,955","ESTACION DE SERVICIO DE GNCV","GNV","2","268","203","5,117.85"
"2021 Oct 14 12:00:00 AM","2,021","10","14","15,150","BOYACA","TUNJA","55,184,726,715","-733,780,212,402","ESTACION DE SERVICIO DE GNCV","GNV","2","191","158","2,141.06"
"2021 Oct 16 12:00:00 AM","2,021","10","16","15,150","BOYACA","TUNJA","55,184,726,715","-733,780,212,402","ESTACION DE SERVICIO DE GNCV","GNV","2","288","235","2,978.05"
"2021 Sep 24 12:00:00 AM","2,021","9","24","15,151","BOYACA","CHIQUINQUIRA","56,224,880,219","-738,042,449,951","ESTACION DE SERVICIO DE GNCV","GNV","3","699","436","5,455.84"
"2021 Sep 15 12:00:00 AM","2,021","9","15","15,151","BOYACA","CHIQUINQUIRA","56,224,880,219","-738,042,449,951","ESTACION DE SERVICIO DE GNCV","GNV","3","675","448","5,825.2"
"2021 Sep 07 12:00:00 AM","2,021","9","7","15,157","BOYACA","SOGAMOSO","56,466,722,488","-728,709,564,209","ESTACION DE SERVICIO DE GNCV","GNV","1","345","241","2,996.24"
"2021 Sep 26 12:00:00 AM","2,021","9","26","15,152","BOYACA","DUITAMA","58,906,025,887","-730,670,928,955","ESTACION DE SERVICIO DE GNCV","GNV","2","250","174","3,427.49"
"2021 Sep 19 12:00:00 AM","2,021","9","19","15,151","BOYACA","CHIQUINQUIRA","56,224,880,219","-738,042,449,951","ESTACION DE SERVICIO DE GNCV","GNV","3","682","397","5,083.54"
"2021 Sep 12 12:00:00 AM","2,021","9","12","15,151","BOYACA","CHIQUINQUIRA","56,224,880,219","-738,042,449,951","ESTACION DE SERVICIO DE GNCV","GNV","3","634","392","4,795.62"
"2021 Sep 01 12:00:00 AM","2,021","9","1","15,150","BOYACA","TUNJA","55,184,726,715","-733,780,212,402","ESTACION DE SERVICIO DE GNCV","GNV","2","111","97","1,446.42"
"2021 Sep 25 12:00:00 AM","2,021","9","25","15,151","BOYACA","CHIQUINQUIRA","56,224,880,219","-738,042,449,951","ESTACION DE SERVICIO DE GNCV","GNV","3","749","462","5,940.05"
"2021 Sep 26 12:00:00 AM","2,021","9","26","15,157","BOYACA","SOGAMOSO","56,466,722,488","-728,709,564,209","ESTACION DE SERVICIO DE GNCV","GNV","1","305","191","2,667.1"
"2021 Sep 29 12:00:00 AM","2,021","9","29","15,151","BOYACA","CHIQUINQUIRA","56,224,880,219","-738,042,449,951","ESTACION DE SERVICIO DE GNCV","GNV","3","711","458","5,656.96"
"2021 Sep 19 12:00:00 AM","2,021","9","19","15,152","BOYACA","DUITAMA","58,906,025,887","-730,670,928,955","ESTACION DE SERVICIO DE GNCV","GNV","2","231","151","3,382.16"
"2021 Sep 20 12:00:00 AM","2,021","9","20","15,157","BOYACA","SOGAMOSO","56,466,722,488","-728,709,564,209","ESTACION DE SERVICIO DE GNCV","GNV","1","313","226","2,740.88"
"2021 Sep 02 12:00:00 AM","2,021","9","2","15,157","BOYACA","SOGAMOSO","56,466,722,488","-728,709,564,209","ESTACION DE SERVICIO DE GNCV","GNV","1","207","170","1,685.49"
"2021 Sep 07 12:00:00 AM","2,021","9","7","15,150","BOYACA","TUNJA","55,184,726,715","-733,780,212,402","ESTACION DE SERVICIO DE GNCV","GNV","2","209","162","2,281.64"
"2021 Sep 10 12:00:00 AM","2,021","9","10","15,152","BOYACA","DUITAMA","58,906,025,887","-730,670,928,955","ESTACION DE SERVICIO DE GNCV","GNV","2","268","198","4,722.76"
"2021 Sep 09 12:00:00 AM","2,021","9","9","15,150","BOYACA","TUNJA","55,184,726,715","-733,780,212,402","ESTACION DE SERVICIO DE GNCV","GNV","2","190","160","2,104.63"
"2021 Sep 21 12:00:00 AM","2,021","9","21","15,152","BOYACA","DUITAMA","58,906,025,887","-730,670,928,955","ESTACION DE SERVICIO DE GNCV","GNV","2","279","220","5,002.11"
"2021 Sep 04 12:00:00 AM","2,021","9","4","15,150","BOYACA","TUNJA","55,184,726,715","-733,780,212,402","ESTACION DE SERVICIO DE GNCV","GNV","2","211","177","2,260.55"
"2021 Sep 16 12:00:00 AM","2,021","9","16","15,152","BOYACA","DUITAMA","58,906,025,887","-730,670,928,955","ESTACION DE SERVICIO DE GNCV","GNV","2","247","188","4,712.38"
"2021 Sep 17 12:00:00 AM","2,021","9","17","15,151","BOYACA","CHIQUINQUIRA","56,224,880,219","-738,042,449,951","ESTACION DE SERVICIO DE GNCV","GNV","3","692","436","5,803.18"
"2021 Sep 12 12:00:00 AM","2,021","9","12","15,152","BOYACA","DUITAMA","58,906,025,887","-730,670,928,955","ESTACION DE SERVICIO DE GNCV","GNV","2","219","160","3,727.97"
"2021 Sep 02 12:00:00 AM","2,021","9","2","15,152","BOYACA","DUITAMA","58,906,025,887","-730,670,928,955","ESTACION DE SERVICIO DE GNCV","GNV","2","203","172","3,837.4"
"2021 Sep 28 12:00:00 AM","2,021","9","28","15,151","BOYACA","CHIQUINQUIRA","56,224,880,219","-738,042,449,951","ESTACION DE SERVICIO DE GNCV","GNV","3","662","439","5,520.01"
"2021 Sep 22 12:00:00 AM","2,021","9","22","15,152","BOYACA","DUITAMA","58,906,025,887","-730,670,928,955","ESTACION DE SERVICIO DE GNCV","GNV","2","257","198","5,564.86"
"2021 Sep 05 12:00:00 AM","2,021","9","5","15,150","BOYACA","TUNJA","55,184,726,715","-733,780,212,402","ESTACION DE SERVICIO DE GNCV","GNV","2","167","136","1,676.25"
"2021 Sep 22 12:00:00 AM","2,021","9","22","15,150","BOYACA","TUNJA","55,184,726,715","-733,780,212,402","ESTACION DE SERVICIO DE GNCV","GNV","2","22","22","300.86"
"2021 Sep 05 12:00:00 AM","2,021","9","5","15,152","BOYACA","DUITAMA","58,906,025,887","-730,670,928,955","ESTACION DE SERVICIO DE GNCV","GNV","2","210","143","2,644.09"
"2021 Sep 10 12:00:00 AM","2,021","9","10","15,151","BOYACA","CHIQUINQUIRA","56,224,880,219","-738,042,449,951","ESTACION DE SERVICIO DE GNCV","GNV","3","736","467","6,065.45"
"2021 Sep 16 12:00:00 AM","2,021","9","16","15,157","BOYACA","SOGAMOSO","56,466,722,488","-728,709,564,209","ESTACION DE SERVICIO DE GNCV","GNV","1","362","246","2,980.63"
"2021 Sep 23 12:00:00 AM","2,021","9","23","15,152","BOYACA","DUITAMA","58,906,025,887","-730,670,928,955","ESTACION DE SERVICIO DE GNCV","GNV","2","281","218","5,054.07"
"2021 Sep 20 12:00:00 AM","2,021","9","20","15,151","BOYACA","CHIQUINQUIRA","56,224,880,219","-738,042,449,951","ESTACION DE SERVICIO DE GNCV","GNV","3","649","445","5,271.73"
"2021 Sep 11 12:00:00 AM","2,021","9","11","15,150","BOYACA","TUNJA","55,184,726,715","-733,780,212,402","ESTACION DE SERVICIO DE GNCV","GNV","2","222","184","2,382.63"
"2021 Sep 17 12:00:00 AM","2,021","9","17","15,152","BOYACA","DUITAMA","58,906,025,887","-730,670,928,955","ESTACION DE SERVICIO DE GNCV","GNV","2","289","208","5,169.72"
"2021 Sep 16 12:00:00 AM","2,021","9","16","15,150","BOYACA","TUNJA","55,184,726,715","-733,780,212,402","ESTACION DE SERVICIO DE GNCV","GNV","2","199","173","2,195.61"
"2021 Sep 14 12:00:00 AM","2,021","9","14","15,151","BOYACA","CHIQUINQUIRA","56,224,880,219","-738,042,449,951","ESTACION DE SERVICIO DE GNCV","GNV","3","648","432","5,294.18"
"2021 Sep 11 12:00:00 AM","2,021","9","11","15,152","BOYACA","DUITAMA","58,906,025,887","-730,670,928,955","ESTACION DE SERVICIO DE GNCV","GNV","2","272","199","4,522.34"
"2021 Sep 24 12:00:00 AM","2,021","9","24","15,157","BOYACA","SOGAMOSO","56,466,722,488","-728,709,564,209","ESTACION DE SERVICIO DE GNCV","GNV","1","320","210","2,552.37"
"2021 Sep 10 12:00:00 AM","2,021","9","10","15,157","BOYACA","SOGAMOSO","56,466,722,488","-728,709,564,209","ESTACION DE SERVICIO DE GNCV","GNV","1","360","229","2,834.09"
"2021 Sep 16 12:00:00 AM","2,021","9","16","15,151","BOYACA","CHIQUINQUIRA","56,224,880,219","-738,042,449,951","ESTACION DE SERVICIO DE GNCV","GNV","3","660","435","5,348.8"
"2021 Sep 14 12:00:00 AM","2,021","9","14","15,152","BOYACA","DUITAMA","58,906,025,887","-730,670,928,955","ESTACION DE SERVICIO DE GNCV","GNV","2","248","200","4,426.98"
"2021 Sep 05 12:00:00 AM","2,021","9","5","15,157","BOYACA","SOGAMOSO","56,466,722,488","-728,709,564,209","ESTACION DE SERVICIO DE GNCV","GNV","1","340","206","2,753.71"
"2021 Sep 28 12:00:00 AM","2,021","9","28","15,152","BOYACA","DUITAMA","58,906,025,887","-730,670,928,955","ESTACION DE SERVICIO DE GNCV","GNV","2","260","205","4,307.86"
"2021 Sep 25 12:00:00 AM","2,021","9","25","15,157","BOYACA","SOGAMOSO","56,466,722,488","-728,709,564,209","ESTACION DE SERVICIO DE GNCV","GNV","1","331","211","2,784.04"
"2021 Sep 04 12:00:00 AM","2,021","9","4","15,157","BOYACA","SOGAMOSO","56,466,722,488","-728,709,564,209","ESTACION DE SERVICIO DE GNCV","GNV","1","361","210","2,916.81"
"2021 Sep 15 12:00:00 AM","2,021","9","15","15,157","BOYACA","SOGAMOSO","56,466,722,488","-728,709,564,209","ESTACION DE SERVICIO DE GNCV","GNV","1","324","227","2,671.85"
"2021 Sep 18 12:00:00 AM","2,021","9","18","15,151","BOYACA","CHIQUINQUIRA","56,224,880,219","-738,042,449,951","ESTACION DE SERVICIO DE GNCV","GNV","3","708","435","5,506.7"
"2021 Sep 03 12:00:00 AM","2,021","9","3","15,150","BOYACA","TUNJA","55,184,726,715","-733,780,212,402","ESTACION DE SERVICIO DE GNCV","GNV","2","246","185","2,707.15"
"2021 Sep 20 12:00:00 AM","2,021","9","20","15,152","BOYACA","DUITAMA","58,906,025,887","-730,670,928,955","ESTACION DE SERVICIO DE GNCV","GNV","2","259","203","4,053.77"
"2021 Sep 21 12:00:00 AM","2,021","9","21","15,157","BOYACA","SOGAMOSO","56,466,722,488","-728,709,564,209","ESTACION DE SERVICIO DE GNCV","GNV","1","256","180","2,044.54"
"2021 Sep 14 12:00:00 AM","2,021","9","14","15,157","BOYACA","SOGAMOSO","56,466,722,488","-728,709,564,209","ESTACION DE SERVICIO DE GNCV","GNV","1","258","180","2,150.7"
"2021 Sep 27 12:00:00 AM","2,021","9","27","15,151","BOYACA","CHIQUINQUIRA","56,224,880,219","-738,042,449,951","ESTACION DE SERVICIO DE GNCV","GNV","3","680","439","5,188.87"
"2021 Sep 23 12:00:00 AM","2,021","9","23","15,157","BOYACA","SOGAMOSO","56,466,722,488","-728,709,564,209","ESTACION DE SERVICIO DE GNCV","GNV","1","334","239","3,572.74"
"2021 Sep 03 12:00:00 AM","2,021","9","3","15,152","BOYACA","DUITAMA","58,906,025,887","-730,670,928,955","ESTACION DE SERVICIO DE GNCV","GNV","2","262","191","4,756.53"
"2021 Sep 15 12:00:00 AM","2,021","9","15","15,152","BOYACA","DUITAMA","58,906,025,887","-730,670,928,955","ESTACION DE SERVICIO DE GNCV","GNV","2","273","211","6,073.05"
"2021 Sep 18 12:00:00 AM","2,021","9","18","15,157","BOYACA","SOGAMOSO","56,466,722,488","-728,709,564,209","ESTACION DE SERVICIO DE GNCV","GNV","1","396","234","3,309.46"
"2021 Sep 23 12:00:00 AM","2,021","9","23","15,151","BOYACA","CHIQUINQUIRA","56,224,880,219","-738,042,449,951","ESTACION DE SERVICIO DE GNCV","GNV","3","669","443","5,178.76"
"2021 Sep 11 12:00:00 AM","2,021","9","11","15,157","BOYACA","SOGAMOSO","56,466,722,488","-728,709,564,209","ESTACION DE SERVICIO DE GNCV","GNV","1","370","216","2,965.04"
"2021 Sep 15 12:00:00 AM","2,021","9","15","15,150","BOYACA","TUNJA","55,184,726,715","-733,780,212,402","ESTACION DE SERVICIO DE GNCV","GNV","2","210","168","2,454.06"
"2021 Sep 22 12:00:00 AM","2,021","9","22","15,151","BOYACA","CHIQUINQUIRA","56,224,880,219","-738,042,449,951","ESTACION DE SERVICIO DE GNCV","GNV","3","719","445","5,590.3"
"2021 Sep 27 12:00:00 AM","2,021","9","27","15,152","BOYACA","DUITAMA","58,906,025,887","-730,670,928,955","ESTACION DE SERVICIO DE GNCV","GNV","2","269","204","5,399.02"
"2021 Sep 06 12:00:00 AM","2,021","9","6","15,150","BOYACA","TUNJA","55,184,726,715","-733,780,212,402","ESTACION DE SERVICIO DE GNCV","GNV","2","219","173","2,362.02"
"2021 Sep 22 12:00:00 AM","2,021","9","22","15,157","BOYACA","SOGAMOSO","56,466,722,488","-728,709,564,209","ESTACION DE SERVICIO DE GNCV","GNV","1","320","220","2,936.41"
"2021 Sep 18 12:00:00 AM","2,021","9","18","15,150","BOYACA","TUNJA","55,184,726,715","-733,780,212,402","ESTACION DE SERVICIO DE GNCV","GNV","2","206","167","2,171.8"
"2021 Sep 29 12:00:00 AM","2,021","9","29","15,157","BOYACA","SOGAMOSO","56,466,722,488","-728,709,564,209","ESTACION DE SERVICIO DE GNCV","GNV","1","324","223","2,777.21"
"2021 Sep 10 12:00:00 AM","2,021","9","10","15,150","BOYACA","TUNJA","55,184,726,715","-733,780,212,402","ESTACION DE SERVICIO DE GNCV","GNV","2","209","167","2,216.79"
"2021 Sep 14 12:00:00 AM","2,021","9","14","15,150","BOYACA","TUNJA","55,184,726,715","-733,780,212,402","ESTACION DE SERVICIO DE GNCV","GNV","2","152","130","1,683.64"
"2021 Sep 02 12:00:00 AM","2,021","9","2","15,151","BOYACA","CHIQUINQUIRA","56,224,880,219","-738,042,449,951","ESTACION DE SERVICIO DE GNCV","GNV","3","503","388","4,082.3"
"2021 Sep 08 12:00:00 AM","2,021","9","8","15,157","BOYACA","SOGAMOSO","56,466,722,488","-728,709,564,209","ESTACION DE SERVICIO DE GNCV","GNV","1","319","217","2,634.59"
"2021 Sep 06 12:00:00 AM","2,021","9","6","15,152","BOYACA","DUITAMA","58,906,025,887","-730,670,928,955","ESTACION DE SERVICIO DE GNCV","GNV","2","261","206","5,324.02"
"2021 Sep 03 12:00:00 AM","2,021","9","3","15,157","BOYACA","SOGAMOSO","56,466,722,488","-728,709,564,209","ESTACION DE SERVICIO DE GNCV","GNV","1","318","201","2,341.98"
"2021 Sep 29 12:00:00 AM","2,021","9","29","15,150","BOYACA","TUNJA","55,184,726,715","-733,780,212,402","ESTACION DE SERVICIO DE GNCV","GNV","1","30","30","319.45"
"2021 Sep 13 12:00:00 AM","2,021","9","13","15,157","BOYACA","SOGAMOSO","56,466,722,488","-728,709,564,209","ESTACION DE SERVICIO DE GNCV","GNV","1","352","246","2,929.56"
"2021 Sep 06 12:00:00 AM","2,021","9","6","15,157","BOYACA","SOGAMOSO","56,466,722,488","-728,709,564,209","ESTACION DE SERVICIO DE GNCV","GNV","1","324","227","2,790.28"
"2021 Sep 04 12:00:00 AM","2,021","9","4","15,152","BOYACA","DUITAMA","58,906,025,887","-730,670,928,955","ESTACION DE SERVICIO DE GNCV","GNV","2","271","185","4,349.17"
"2021 Sep 30 12:00:00 AM","2,021","9","30","15,151","BOYACA","CHIQUINQUIRA","56,224,880,219","-738,042,449,951","ESTACION DE SERVICIO DE GNCV","GNV","3","664","431","5.345"
"2021 Sep 05 12:00:00 AM","2,021","9","5","15,151","BOYACA","CHIQUINQUIRA","56,224,880,219","-738,042,449,951","ESTACION DE SERVICIO DE GNCV","GNV","3","632","386","4,807.74"
"2021 Sep 07 12:00:00 AM","2,021","9","7","15,151","BOYACA","CHIQUINQUIRA","56,224,880,219","-738,042,449,951","ESTACION DE SERVICIO DE GNCV","GNV","2","648","447","5,557.75"
"2021 Sep 04 12:00:00 AM","2,021","9","4","15,151","BOYACA","CHIQUINQUIRA","56,224,880,219","-738,042,449,951","ESTACION DE SERVICIO DE GNCV","GNV","3","733","452","5,868.44"
"2021 Sep 02 12:00:00 AM","2,021","9","2","15,150","BOYACA","TUNJA","55,184,726,715","-733,780,212,402","ESTACION DE SERVICIO DE GNCV","GNV","2","312","246","3,227.62"
"2021 Sep 11 12:00:00 AM","2,021","9","11","15,151","BOYACA","CHIQUINQUIRA","56,224,880,219","-738,042,449,951","ESTACION DE SERVICIO DE GNCV","GNV","3","724","457","5,929.81"
"2021 Sep 01 12:00:00 AM","2,021","9","1","15,157","BOYACA","SOGAMOSO","56,466,722,488","-728,709,564,209","ESTACION DE SERVICIO DE GNCV","GNV","1","205","173","1,699.8"
"2021 Sep 12 12:00:00 AM","2,021","9","12","15,150","BOYACA","TUNJA","55,184,726,715","-733,780,212,402","ESTACION DE SERVICIO DE GNCV","GNV","2","161","140","1,644.96"
"2021 Sep 30 12:00:00 AM","2,021","9","30","15,150","BOYACA","TUNJA","55,184,726,715","-733,780,212,402","ESTACION DE SERVICIO DE GNCV","GNV","2","130","116","1,379.72"
"2021 Sep 12 12:00:00 AM","2,021","9","12","15,157","BOYACA","SOGAMOSO","56,466,722,488","-728,709,564,209","ESTACION DE SERVICIO DE GNCV","GNV","1","316","183","2,331.48"
"2021 Sep 21 12:00:00 AM","2,021","9","21","15,150","BOYACA","TUNJA","55,184,726,715","-733,780,212,402","ESTACION DE SERVICIO DE GNCV","GNV","2","183","158","2,044.8"
"2021 Sep 13 12:00:00 AM","2,021","9","13","15,151","BOYACA","CHIQUINQUIRA","56,224,880,219","-738,042,449,951","ESTACION DE SERVICIO DE GNCV","GNV","3","664","460","5.486"
"2021 Sep 17 12:00:00 AM","2,021","9","17","15,150","BOYACA","TUNJA","55,184,726,715","-733,780,212,402","ESTACION DE SERVICIO DE GNCV","GNV","2","244","202","2,769.11"
"2021 Sep 27 12:00:00 AM","2,021","9","27","15,157","BOYACA","SOGAMOSO","56,466,722,488","-728,709,564,209","ESTACION DE SERVICIO DE GNCV","GNV","1","328","228","2,774.42"
"2021 Sep 13 12:00:00 AM","2,021","9","13","15,152","BOYACA","DUITAMA","58,906,025,887","-730,670,928,955","ESTACION DE SERVICIO DE GNCV","GNV","2","256","201","3,660.6"
"2021 Sep 13 12:00:00 AM","2,021","9","13","15,150","BOYACA","TUNJA","55,184,726,715","-733,780,212,402","ESTACION DE SERVICIO DE GNCV","GNV","2","173","150","2,143.93"
"2021 Sep 09 12:00:00 AM","2,021","9","9","15,151","BOYACA","CHIQUINQUIRA","56,224,880,219","-738,042,449,951","ESTACION DE SERVICIO DE GNCV","GNV","3","639","420","5,185.08"
"2021 Sep 03 12:00:00 AM","2,021","9","3","15,151","BOYACA","CHIQUINQUIRA","56,224,880,219","-738,042,449,951","ESTACION DE SERVICIO DE GNCV","GNV","3","714","453","6,048.88"
"2021 Sep 18 12:00:00 AM","2,021","9","18","15,152","BOYACA","DUITAMA","58,906,025,887","-730,670,928,955","ESTACION DE SERVICIO DE GNCV","GNV","2","304","214","5,212.4"
"2021 Sep 01 12:00:00 AM","2,021","9","1","15,151","BOYACA","CHIQUINQUIRA","56,224,880,219","-738,042,449,951","ESTACION DE SERVICIO DE GNCV","GNV","3","482","393","4,281.32"
"2021 Sep 25 12:00:00 AM","2,021","9","25","15,152","BOYACA","DUITAMA","58,906,025,887","-730,670,928,955","ESTACION DE SERVICIO DE GNCV","GNV","2","297","208","5,034.74"
"2021 Sep 09 12:00:00 AM","2,021","9","9","15,157","BOYACA","SOGAMOSO","56,466,722,488","-728,709,564,209","ESTACION DE SERVICIO DE GNCV","GNV","1","316","210","2,490.66"
"2021 Sep 06 12:00:00 AM","2,021","9","6","15,151","BOYACA","CHIQUINQUIRA","56,224,880,219","-738,042,449,951","ESTACION DE SERVICIO DE GNCV","GNV","3","675","448","5,837.81"
"2021 Sep 09 12:00:00 AM","2,021","9","9","15,152","BOYACA","DUITAMA","58,906,025,887","-730,670,928,955","ESTACION DE SERVICIO DE GNCV","GNV","2","260","196","5,797.22"
"2021 Sep 01 12:00:00 AM","2,021","9","1","15,152","BOYACA","DUITAMA","58,906,025,887","-730,670,928,955","ESTACION DE SERVICIO DE GNCV","GNV","2","166","144","2,785.33"
"2021 Sep 21 12:00:00 AM","2,021","9","21","15,151","BOYACA","CHIQUINQUIRA","56,224,880,219","-738,042,449,951","ESTACION DE SERVICIO DE GNCV","GNV","3","651","441","5,304.12"
"2021 Sep 08 12:00:00 AM","2,021","9","8","15,151","BOYACA","CHIQUINQUIRA","56,224,880,219","-738,042,449,951","ESTACION DE SERVICIO DE GNCV","GNV","3","696","457","5.863"
"2021 Sep 08 12:00:00 AM","2,021","9","8","15,150","BOYACA","TUNJA","55,184,726,715","-733,780,212,402","ESTACION DE SERVICIO DE GNCV","GNV","2","210","163","2,168.57"
"2021 Sep 17 12:00:00 AM","2,021","9","17","15,157","BOYACA","SOGAMOSO","56,466,722,488","-728,709,564,209","ESTACION DE SERVICIO DE GNCV","GNV","1","356","227","2,912.1"
"2021 Sep 28 12:00:00 AM","2,021","9","28","15,157","BOYACA","SOGAMOSO","56,466,722,488","-728,709,564,209","ESTACION DE SERVICIO DE GNCV","GNV","1","346","239","2,917.65"
"2021 Sep 19 12:00:00 AM","2,021","9","19","15,150","BOYACA","TUNJA","55,184,726,715","-733,780,212,402","ESTACION DE SERVICIO DE GNCV","GNV","2","181","149","1,780.08"
"2021 Sep 19 12:00:00 AM","2,021","9","19","15,157","BOYACA","SOGAMOSO","56,466,722,488","-728,709,564,209","ESTACION DE SERVICIO DE GNCV","GNV","1","334","197","2,961.79"
"2021 Sep 07 12:00:00 AM","2,021","9","7","15,152","BOYACA","DUITAMA","58,906,025,887","-730,670,928,955","ESTACION DE SERVICIO DE GNCV","GNV","2","273","196","4,723.38"
"2021 Sep 24 12:00:00 AM","2,021","9","24","15,152","BOYACA","DUITAMA","58,906,025,887","-730,670,928,955","ESTACION DE SERVICIO DE GNCV","GNV","2","292","221","4,570.66"
"2021 Sep 08 12:00:00 AM","2,021","9","8","15,152","BOYACA","DUITAMA","58,906,025,887","-730,670,928,955","ESTACION DE SERVICIO DE GNCV","GNV","2","242","191","4,422.08"
"2021 Sep 26 12:00:00 AM","2,021","9","26","15,151","BOYACA","CHIQUINQUIRA","56,224,880,219","-738,042,449,951","ESTACION DE SERVICIO DE GNCV","GNV","3","643","413","4,873.12"
"2021 Sep 20 12:00:00 AM","2,021","9","20","15,150","BOYACA","TUNJA","55,184,726,715","-733,780,212,402","ESTACION DE SERVICIO DE GNCV","GNV","2","172","141","1,825.74"
"2021 Sep 29 12:00:00 AM","2,021","9","29","15,152","BOYACA","DUITAMA","58,906,025,887","-730,670,928,955","ESTACION DE SERVICIO DE GNCV","GNV","2","263","199","3,689.33"
"2021 Sep 30 12:00:00 AM","2,021","9","30","15,157","BOYACA","SOGAMOSO","56,466,722,488","-728,709,564,209","ESTACION DE SERVICIO DE GNCV","GNV","1","323","235","3,294.58"
"2021 Sep 30 12:00:00 AM","2,021","9","30","15,152","BOYACA","DUITAMA","58,906,025,887","-730,670,928,955","ESTACION DE SERVICIO DE GNCV","GNV","2","273","212","4,135.2"
"2021 Aug 13 12:00:00 AM","2,021","8","13","15,150","BOYACA","TUNJA","55,184,726,715","-733,780,212,402","ESTACION DE SERVICIO DE GNCV","GNV","2","257","193","2,802.47"
"2021 Aug 17 12:00:00 AM","2,021","8","17","15,150","BOYACA","TUNJA","55,184,726,715","-733,780,212,402","ESTACION DE SERVICIO DE GNCV","GNV","2","167","138","1,766.6"
"2021 Aug 14 12:00:00 AM","2,021","8","14","15,157","BOYACA","SOGAMOSO","56,466,722,488","-728,709,564,209","ESTACION DE SERVICIO DE GNCV","GNV","1","396","233","3,522.8"
"2021 Aug 21 12:00:00 AM","2,021","8","21","15,150","BOYACA","TUNJA","55,184,726,715","-733,780,212,402","ESTACION DE SERVICIO DE GNCV","GNV","2","203","157","2,151.46"
"2021 Aug 30 12:00:00 AM","2,021","8","30","15,150","BOYACA","TUNJA","55,184,726,715","-733,780,212,402","ESTACION DE SERVICIO DE GNCV","GNV","2","185","156","1,922.38"
"2021 Aug 22 12:00:00 AM","2,021","8","22","15,151","BOYACA","CHIQUINQUIRA","56,224,880,219","-738,042,449,951","ESTACION DE SERVICIO DE GNCV","GNV","2","572","348","4,102.85"
"2021 Aug 03 12:00:00 AM","2,021","8","3","15,151","BOYACA","CHIQUINQUIRA","56,224,880,219","-738,042,449,951","ESTACION DE SERVICIO DE GNCV","GNV","3","656","439","5,371.4"
"2021 Aug 08 12:00:00 AM","2,021","8","8","15,151","BOYACA","CHIQUINQUIRA","56,224,880,219","-738,042,449,951","ESTACION DE SERVICIO DE GNCV","GNV","3","622","401","4,931.96"
"2021 Aug 06 12:00:00 AM","2,021","8","6","15,157","BOYACA","SOGAMOSO","56,466,722,488","-728,709,564,209","ESTACION DE SERVICIO DE GNCV","GNV","1","346","233","2,888.15"
"2021 Aug 09 12:00:00 AM","2,021","8","9","15,157","BOYACA","SOGAMOSO","56,466,722,488","-728,709,564,209","ESTACION DE SERVICIO DE GNCV","GNV","1","318","224","2,767.33"
"2021 Aug 26 12:00:00 AM","2,021","8","26","15,157","BOYACA","SOGAMOSO","56,466,722,488","-728,709,564,209","ESTACION DE SERVICIO DE GNCV","GNV","1","304","218","2,504.51"
"2021 Aug 10 12:00:00 AM","2,021","8","10","15,151","BOYACA","CHIQUINQUIRA","56,224,880,219","-738,042,449,951","ESTACION DE SERVICIO DE GNCV","GNV","3","673","456","5,370.12"
"2021 Aug 30 12:00:00 AM","2,021","8","30","15,152","BOYACA","DUITAMA","58,906,025,887","-730,670,928,955","ESTACION DE SERVICIO DE GNCV","GNV","2","130","119","2,229.92"
"2021 Aug 17 12:00:00 AM","2,021","8","17","15,152","BOYACA","DUITAMA","58,906,025,887","-730,670,928,955","ESTACION DE SERVICIO DE GNCV","GNV","2","313","232","5,648.46"
"2021 Aug 28 12:00:00 AM","2,021","8","28","15,157","BOYACA","SOGAMOSO","56,466,722,488","-728,709,564,209","ESTACION DE SERVICIO DE GNCV","GNV","1","320","219","2,586.48"
"2021 Aug 19 12:00:00 AM","2,021","8","19","15,151","BOYACA","CHIQUINQUIRA","56,224,880,219","-738,042,449,951","ESTACION DE SERVICIO DE GNCV","GNV","2","596","393","4,795.44"
"2021 Aug 26 12:00:00 AM","2,021","8","26","15,152","BOYACA","DUITAMA","58,906,025,887","-730,670,928,955","ESTACION DE SERVICIO DE GNCV","GNV","2","300","217","5,319.76"
"2021 Aug 08 12:00:00 AM","2,021","8","8","15,150","BOYACA","TUNJA","55,184,726,715","-733,780,212,402","ESTACION DE SERVICIO DE GNCV","GNV","2","170","137","1,679.01"
"2021 Aug 19 12:00:00 AM","2,021","8","19","15,150","BOYACA","TUNJA","55,184,726,715","-733,780,212,402","ESTACION DE SERVICIO DE GNCV","GNV","2","191","157","2,189.76"
"2021 Aug 30 12:00:00 AM","2,021","8","30","15,157","BOYACA","SOGAMOSO","56,466,722,488","-728,709,564,209","ESTACION DE SERVICIO DE GNCV","GNV","1","24","23","187.8"
"2021 Aug 01 12:00:00 AM","2,021","8","1","15,150","BOYACA","TUNJA","55,184,726,715","-733,780,212,402","ESTACION DE SERVICIO DE GNCV","GNV","2","156","134","1,644.68"
"2021 Aug 20 12:00:00 AM","2,021","8","20","15,151","BOYACA","CHIQUINQUIRA","56,224,880,219","-738,042,449,951","ESTACION DE SERVICIO DE GNCV","GNV","2","632","401","5,157.98"
"2021 Aug 18 12:00:00 AM","2,021","8","18","15,150","BOYACA","TUNJA","55,184,726,715","-733,780,212,402","ESTACION DE SERVICIO DE GNCV","GNV","2","178","159","2.095"
"2021 Aug 11 12:00:00 AM","2,021","8","11","15,157","BOYACA","SOGAMOSO","56,466,722,488","-728,709,564,209","ESTACION DE SERVICIO DE GNCV","GNV","1","295","211","2,619.24"
"2021 Aug 04 12:00:00 AM","2,021","8","4","15,150","BOYACA","TUNJA","55,184,726,715","-733,780,212,402","ESTACION DE SERVICIO DE GNCV","GNV","2","216","173","2,427.23"
"2021 Aug 07 12:00:00 AM","2,021","8","7","15,150","BOYACA","TUNJA","55,184,726,715","-733,780,212,402","ESTACION DE SERVICIO DE GNCV","GNV","2","212","179","2,152.07"
"2021 Aug 26 12:00:00 AM","2,021","8","26","15,151","BOYACA","CHIQUINQUIRA","56,224,880,219","-738,042,449,951","ESTACION DE SERVICIO DE GNCV","GNV","3","684","451","5,558.67"
"2021 Aug 29 12:00:00 AM","2,021","8","29","15,152","BOYACA","DUITAMA","58,906,025,887","-730,670,928,955","ESTACION DE SERVICIO DE GNCV","GNV","2","215","146","3,227.36"
"2021 Aug 27 12:00:00 AM","2,021","8","27","15,152","BOYACA","DUITAMA","58,906,025,887","-730,670,928,955","ESTACION DE SERVICIO DE GNCV","GNV","2","309","225","4,907.19"
"2021 Aug 03 12:00:00 AM","2,021","8","3","15,150","BOYACA","TUNJA","55,184,726,715","-733,780,212,402","ESTACION DE SERVICIO DE GNCV","GNV","2","308","242","3,340.87"
"2021 Aug 29 12:00:00 AM","2,021","8","29","15,151","BOYACA","CHIQUINQUIRA","56,224,880,219","-738,042,449,951","ESTACION DE SERVICIO DE GNCV","GNV","3","605","407","4,797.16"
"2021 Aug 12 12:00:00 AM","2,021","8","12","15,150","BOYACA","TUNJA","55,184,726,715","-733,780,212,402","ESTACION DE SERVICIO DE GNCV","GNV","2","204","165","2,185.13"
"2021 Aug 11 12:00:00 AM","2,021","8","11","15,151","BOYACA","CHIQUINQUIRA","56,224,880,219","-738,042,449,951","ESTACION DE SERVICIO DE GNCV","GNV","3","704","450","5,742.92"
"2021 Aug 27 12:00:00 AM","2,021","8","27","15,150","BOYACA","TUNJA","55,184,726,715","-733,780,212,402","ESTACION DE SERVICIO DE GNCV","GNV","2","220","177","2,374.33"
"2021 Aug 15 12:00:00 AM","2,021","8","15","15,151","BOYACA","CHIQUINQUIRA","56,224,880,219","-738,042,449,951","ESTACION DE SERVICIO DE GNCV","GNV","2","557","357","4,455.87"
"2021 Aug 10 12:00:00 AM","2,021","8","10","15,152","BOYACA","DUITAMA","58,906,025,887","-730,670,928,955","ESTACION DE SERVICIO DE GNCV","GNV","2","309","226","4,263.32"
"2021 Aug 28 12:00:00 AM","2,021","8","28","15,152","BOYACA","DUITAMA","58,906,025,887","-730,670,928,955","ESTACION DE SERVICIO DE GNCV","GNV","2","284","205","4,941.42"
"2021 Aug 10 12:00:00 AM","2,021","8","10","15,157","BOYACA","SOGAMOSO","56,466,722,488","-728,709,564,209","ESTACION DE SERVICIO DE GNCV","GNV","1","325","241","3,153.02"
"2021 Aug 14 12:00:00 AM","2,021","8","14","15,152","BOYACA","DUITAMA","58,906,025,887","-730,670,928,955","ESTACION DE SERVICIO DE GNCV","GNV","2","307","208","3,541.48"
"2021 Aug 01 12:00:00 AM","2,021","8","1","15,152","BOYACA","DUITAMA","58,906,025,887","-730,670,928,955","ESTACION DE SERVICIO DE GNCV","GNV","2","229","145","3,141.73"
"2021 Aug 22 12:00:00 AM","2,021","8","22","15,150","BOYACA","TUNJA","55,184,726,715","-733,780,212,402","ESTACION DE SERVICIO DE GNCV","GNV","2","131","110","1,361.62"
"2021 Aug 21 12:00:00 AM","2,021","8","21","15,152","BOYACA","DUITAMA","58,906,025,887","-730,670,928,955","ESTACION DE SERVICIO DE GNCV","GNV","2","296","199","4,554.37"
"2021 Aug 08 12:00:00 AM","2,021","8","8","15,157","BOYACA","SOGAMOSO","56,466,722,488","-728,709,564,209","ESTACION DE SERVICIO DE GNCV","GNV","1","302","183","2,698.3"
"2021 Aug 04 12:00:00 AM","2,021","8","4","15,157","BOYACA","SOGAMOSO","56,466,722,488","-728,709,564,209","ESTACION DE SERVICIO DE GNCV","GNV","1","303","220","2,564.65"
"2021 Aug 25 12:00:00 AM","2,021","8","25","15,157","BOYACA","SOGAMOSO","56,466,722,488","-728,709,564,209","ESTACION DE SERVICIO DE GNCV","GNV","1","319","234","2,690.68"
"2021 Aug 16 12:00:00 AM","2,021","8","16","15,150","BOYACA","TUNJA","55,184,726,715","-733,780,212,402","ESTACION DE SERVICIO DE GNCV","GNV","2","147","131","1,579.27"
"2021 Aug 31 12:00:00 AM","2,021","8","31","15,152","BOYACA","DUITAMA","58,906,025,887","-730,670,928,955","ESTACION DE SERVICIO DE GNCV","GNV","2","199","158","3,645.35"
"2021 Aug 16 12:00:00 AM","2,021","8","16","15,151","BOYACA","CHIQUINQUIRA","56,224,880,219","-738,042,449,951","ESTACION DE SERVICIO DE GNCV","GNV","2","500","368","3,970.26"
"2021 Aug 31 12:00:00 AM","2,021","8","31","15,151","BOYACA","CHIQUINQUIRA","56,224,880,219","-738,042,449,951","ESTACION DE SERVICIO DE GNCV","GNV","3","550","404","4,646.2"
"2021 Aug 26 12:00:00 AM","2,021","8","26","15,150","BOYACA","TUNJA","55,184,726,715","-733,780,212,402","ESTACION DE SERVICIO DE GNCV","GNV","2","186","148","2,210.41"
"2021 Aug 04 12:00:00 AM","2,021","8","4","15,152","BOYACA","DUITAMA","58,906,025,887","-730,670,928,955","ESTACION DE SERVICIO DE GNCV","GNV","2","283","198","4,524.69"
"2021 Aug 02 12:00:00 AM","2,021","8","2","15,152","BOYACA","DUITAMA","58,906,025,887","-730,670,928,955","ESTACION DE SERVICIO DE GNCV","GNV","2","301","221","4,297.3"
"2021 Aug 24 12:00:00 AM","2,021","8","24","15,157","BOYACA","SOGAMOSO","56,466,722,488","-728,709,564,209","ESTACION DE SERVICIO DE GNCV","GNV","1","328","226","2,609.26"
"2021 Aug 23 12:00:00 AM","2,021","8","23","15,152","BOYACA","DUITAMA","58,906,025,887","-730,670,928,955","ESTACION DE SERVICIO DE GNCV","GNV","2","301","219","5,366.15"
"2021 Aug 24 12:00:00 AM","2,021","8","24","15,150","BOYACA","TUNJA","55,184,726,715","-733,780,212,402","ESTACION DE SERVICIO DE GNCV","GNV","2","201","162","2,135.62"
"2021 Aug 15 12:00:00 AM","2,021","8","15","15,157","BOYACA","SOGAMOSO","56,466,722,488","-728,709,564,209","ESTACION DE SERVICIO DE GNCV","GNV","1","284","175","2,404.23"
"2021 Aug 02 12:00:00 AM","2,021","8","2","15,151","BOYACA","CHIQUINQUIRA","56,224,880,219","-738,042,449,951","ESTACION DE SERVICIO DE GNCV","GNV","3","695","467","5,732.38"
"2021 Aug 13 12:00:00 AM","2,021","8","13","15,152","BOYACA","DUITAMA","58,906,025,887","-730,670,928,955","ESTACION DE SERVICIO DE GNCV","GNV","2","328","238","5,071.71"
"2021 Aug 07 12:00:00 AM","2,021","8","7","15,157","BOYACA","SOGAMOSO","56,466,722,488","-728,709,564,209","ESTACION DE SERVICIO DE GNCV","GNV","1","331","195","2,819.01"
"2021 Aug 07 12:00:00 AM","2,021","8","7","15,151","BOYACA","CHIQUINQUIRA","56,224,880,219","-738,042,449,951","ESTACION DE SERVICIO DE GNCV","GNV","3","727","468","5,980.13"
"2021 Aug 01 12:00:00 AM","2,021","8","1","15,157","BOYACA","SOGAMOSO","56,466,722,488","-728,709,564,209","ESTACION DE SERVICIO DE GNCV","GNV","1","324","205","2,902.21"
"2021 Aug 11 12:00:00 AM","2,021","8","11","15,152","BOYACA","DUITAMA","58,906,025,887","-730,670,928,955","ESTACION DE SERVICIO DE GNCV","GNV","2","292","218","5,065.38"
"2021 Aug 23 12:00:00 AM","2,021","8","23","15,151","BOYACA","CHIQUINQUIRA","56,224,880,219","-738,042,449,951","ESTACION DE SERVICIO DE GNCV","GNV","2","565","383","4,693.53"
"2021 Aug 23 12:00:00 AM","2,021","8","23","15,157","BOYACA","SOGAMOSO","56,466,722,488","-728,709,564,209","ESTACION DE SERVICIO DE GNCV","GNV","1","313","229","2,642.18"
"2021 Aug 22 12:00:00 AM","2,021","8","22","15,152","BOYACA","DUITAMA","58,906,025,887","-730,670,928,955","ESTACION DE SERVICIO DE GNCV","GNV","2","222","157","3,582.64"
"2021 Aug 28 12:00:00 AM","2,021","8","28","15,151","BOYACA","CHIQUINQUIRA","56,224,880,219","-738,042,449,951","ESTACION DE SERVICIO DE GNCV","GNV","3","694","444","5,573.69"
"2021 Aug 10 12:00:00 AM","2,021","8","10","15,150","BOYACA","TUNJA","55,184,726,715","-733,780,212,402","ESTACION DE SERVICIO DE GNCV","GNV","2","172","143","1,923.34"
"2021 Aug 06 12:00:00 AM","2,021","8","6","15,151","BOYACA","CHIQUINQUIRA","56,224,880,219","-738,042,449,951","ESTACION DE SERVICIO DE GNCV","GNV","3","700","444","5,570.6"
"2021 Aug 18 12:00:00 AM","2,021","8","18","15,151","BOYACA","CHIQUINQUIRA","56,224,880,219","-738,042,449,951","ESTACION DE SERVICIO DE GNCV","GNV","2","600","405","4,816.35"
"2021 Aug 22 12:00:00 AM","2,021","8","22","15,157","BOYACA","SOGAMOSO","56,466,722,488","-728,709,564,209","ESTACION DE SERVICIO DE GNCV","GNV","1","295","180","2,285.88"
"2021 Aug 12 12:00:00 AM","2,021","8","12","15,152","BOYACA","DUITAMA","58,906,025,887","-730,670,928,955","ESTACION DE SERVICIO DE GNCV","GNV","2","323","229","4,698.12"
"2021 Aug 21 12:00:00 AM","2,021","8","21","15,151","BOYACA","CHIQUINQUIRA","56,224,880,219","-738,042,449,951","ESTACION DE SERVICIO DE GNCV","GNV","2","634","387","4,816.62"
"2021 Aug 16 12:00:00 AM","2,021","8","16","15,157","BOYACA","SOGAMOSO","56,466,722,488","-728,709,564,209","ESTACION DE SERVICIO DE GNCV","GNV","1","211","164","1,844.6"
"2021 Aug 18 12:00:00 AM","2,021","8","18","15,157","BOYACA","SOGAMOSO","56,466,722,488","-728,709,564,209","ESTACION DE SERVICIO DE GNCV","GNV","1","293","225","2,664.33"
"2021 Aug 29 12:00:00 AM","2,021","8","29","15,150","BOYACA","TUNJA","55,184,726,715","-733,780,212,402","ESTACION DE SERVICIO DE GNCV","GNV","2","151","133","1,599.06"
"2021 Aug 20 12:00:00 AM","2,021","8","20","15,157","BOYACA","SOGAMOSO","56,466,722,488","-728,709,564,209","ESTACION DE SERVICIO DE GNCV","GNV","1","220","174","2,124.36"
"2021 Aug 13 12:00:00 AM","2,021","8","13","15,157","BOYACA","SOGAMOSO","56,466,722,488","-728,709,564,209","ESTACION DE SERVICIO DE GNCV","GNV","1","334","227","2,955.04"
"2021 Aug 21 12:00:00 AM","2,021","8","21","15,157","BOYACA","SOGAMOSO","56,466,722,488","-728,709,564,209","ESTACION DE SERVICIO DE GNCV","GNV","1","327","209","2,672.11"
"2021 Aug 17 12:00:00 AM","2,021","8","17","15,157","BOYACA","SOGAMOSO","56,466,722,488","-728,709,564,209","ESTACION DE SERVICIO DE GNCV","GNV","1","354","243","3,062.28"
"2021 Aug 31 12:00:00 AM","2,021","8","31","15,150","BOYACA","TUNJA","55,184,726,715","-733,780,212,402","ESTACION DE SERVICIO DE GNCV","GNV","2","169","144","1,911.56"
"2021 Aug 20 12:00:00 AM","2,021","8","20","15,150","BOYACA","TUNJA","55,184,726,715","-733,780,212,402","ESTACION DE SERVICIO DE GNCV","GNV","2","201","163","2,318.75"
"2021 Aug 07 12:00:00 AM","2,021","8","7","15,152","BOYACA","DUITAMA","58,906,025,887","-730,670,928,955","ESTACION DE SERVICIO DE GNCV","GNV","2","287","192","3,327.12"
"2021 Aug 05 12:00:00 AM","2,021","8","5","15,151","BOYACA","CHIQUINQUIRA","56,224,880,219","-738,042,449,951","ESTACION DE SERVICIO DE GNCV","GNV","3","664","435","5,562.57"
"2021 Aug 12 12:00:00 AM","2,021","8","12","15,157","BOYACA","SOGAMOSO","56,466,722,488","-728,709,564,209","ESTACION DE SERVICIO DE GNCV","GNV","1","319","234","3,145.14"
"2021 Aug 25 12:00:00 AM","2,021","8","25","15,152","BOYACA","DUITAMA","58,906,025,887","-730,670,928,955","ESTACION DE SERVICIO DE GNCV","GNV","2","259","191","4,437.46"
"2021 Aug 05 12:00:00 AM","2,021","8","5","15,152","BOYACA","DUITAMA","58,906,025,887","-730,670,928,955","ESTACION DE SERVICIO DE GNCV","GNV","2","287","214","4,008.4"
"2021 Aug 28 12:00:00 AM","2,021","8","28","15,150","BOYACA","TUNJA","55,184,726,715","-733,780,212,402","ESTACION DE SERVICIO DE GNCV","GNV","2","187","161","2,041.91"
"2021 Aug 04 12:00:00 AM","2,021","8","4","15,151","BOYACA","CHIQUINQUIRA","56,224,880,219","-738,042,449,951","ESTACION DE SERVICIO DE GNCV","GNV","3","687","447","5,537.9"
"2021 Aug 02 12:00:00 AM","2,021","8","2","15,150","BOYACA","TUNJA","55,184,726,715","-733,780,212,402","ESTACION DE SERVICIO DE GNCV","GNV","2","195","157","2,239.43"
"2021 Aug 18 12:00:00 AM","2,021","8","18","15,152","BOYACA","DUITAMA","58,906,025,887","-730,670,928,955","ESTACION DE SERVICIO DE GNCV","GNV","2","272","187","4,410.71"
"2021 Aug 27 12:00:00 AM","2,021","8","27","15,157","BOYACA","SOGAMOSO","56,466,722,488","-728,709,564,209","ESTACION DE SERVICIO DE GNCV","GNV","1","348","231","2,879.59"
"2021 Aug 02 12:00:00 AM","2,021","8","2","15,157","BOYACA","SOGAMOSO","56,466,722,488","-728,709,564,209","ESTACION DE SERVICIO DE GNCV","GNV","1","315","234","2,695.33"
"2021 Aug 17 12:00:00 AM","2,021","8","17","15,151","BOYACA","CHIQUINQUIRA","56,224,880,219","-738,042,449,951","ESTACION DE SERVICIO DE GNCV","GNV","2","616","399","5,116.56"
"2021 Aug 01 12:00:00 AM","2,021","8","1","15,151","BOYACA","CHIQUINQUIRA","56,224,880,219","-738,042,449,951","ESTACION DE SERVICIO DE GNCV","GNV","3","650","429","5,177.44"
"2021 Aug 13 12:00:00 AM","2,021","8","13","15,151","BOYACA","CHIQUINQUIRA","56,224,880,219","-738,042,449,951","ESTACION DE SERVICIO DE GNCV","GNV","3","705","448","5,878.6"
"2021 Aug 06 12:00:00 AM","2,021","8","6","15,152","BOYACA","DUITAMA","58,906,025,887","-730,670,928,955","ESTACION DE SERVICIO DE GNCV","GNV","2","344","238","5,273.2"
"2021 Aug 24 12:00:00 AM","2,021","8","24","15,151","BOYACA","CHIQUINQUIRA","56,224,880,219","-738,042,449,951","ESTACION DE SERVICIO DE GNCV","GNV","3","1.653","601","14,402.17"
"2021 Aug 24 12:00:00 AM","2,021","8","24","15,152","BOYACA","DUITAMA","58,906,025,887","-730,670,928,955","ESTACION DE SERVICIO DE GNCV","GNV","2","278","213","4,986.85"
"2021 Aug 25 12:00:00 AM","2,021","8","25","15,151","BOYACA","CHIQUINQUIRA","56,224,880,219","-738,042,449,951","ESTACION DE SERVICIO DE GNCV","GNV","3","687","446","5,653.16"
"2021 Aug 03 12:00:00 AM","2,021","8","3","15,157","BOYACA","SOGAMOSO","56,466,722,488","-728,709,564,209","ESTACION DE SERVICIO DE GNCV","GNV","1","342","239","2,995.33"
"2021 Aug 09 12:00:00 AM","2,021","8","9","15,150","BOYACA","TUNJA","55,184,726,715","-733,780,212,402","ESTACION DE SERVICIO DE GNCV","GNV","2","187","154","2,080.18"
"2021 Aug 20 12:00:00 AM","2,021","8","20","15,152","BOYACA","DUITAMA","58,906,025,887","-730,670,928,955","ESTACION DE SERVICIO DE GNCV","GNV","2","279","213","5,183.59"
"2021 Aug 03 12:00:00 AM","2,021","8","3","15,152","BOYACA","DUITAMA","58,906,025,887","-730,670,928,955","ESTACION DE SERVICIO DE GNCV","GNV","2","309","223","5,038.41"
"2021 Aug 25 12:00:00 AM","2,021","8","25","15,150","BOYACA","TUNJA","55,184,726,715","-733,780,212,402","ESTACION DE SERVICIO DE GNCV","GNV","2","207","161","2,382.67"
"2021 Aug 29 12:00:00 AM","2,021","8","29","15,157","BOYACA","SOGAMOSO","56,466,722,488","-728,709,564,209","ESTACION DE SERVICIO DE GNCV","GNV","1","261","169","1,919.2"
"2021 Aug 30 12:00:00 AM","2,021","8","30","15,151","BOYACA","CHIQUINQUIRA","56,224,880,219","-738,042,449,951","ESTACION DE SERVICIO DE GNCV","GNV","2","13","13","100.54"
"2021 Aug 16 12:00:00 AM","2,021","8","16","15,152","BOYACA","DUITAMA","58,906,025,887","-730,670,928,955","ESTACION DE SERVICIO DE GNCV","GNV","2","266","215","3,176.35"
"2021 Aug 09 12:00:00 AM","2,021","8","9","15,152","BOYACA","DUITAMA","58,906,025,887","-730,670,928,955","ESTACION DE SERVICIO DE GNCV","GNV","2","307","227","4.434"
"2021 Aug 05 12:00:00 AM","2,021","8","5","15,157","BOYACA","SOGAMOSO","56,466,722,488","-728,709,564,209","ESTACION DE SERVICIO DE GNCV","GNV","1","330","225","3,038.14"
"2021 Aug 05 12:00:00 AM","2,021","8","5","15,150","BOYACA","TUNJA","55,184,726,715","-733,780,212,402","ESTACION DE SERVICIO DE GNCV","GNV","2","223","176","2,373.75"
"2021 Aug 14 12:00:00 AM","2,021","8","14","15,150","BOYACA","TUNJA","55,184,726,715","-733,780,212,402","ESTACION DE SERVICIO DE GNCV","GNV","2","234","201","2,540.76"
"2021 Aug 12 12:00:00 AM","2,021","8","12","15,151","BOYACA","CHIQUINQUIRA","56,224,880,219","-738,042,449,951","ESTACION DE SERVICIO DE GNCV","GNV","3","680","447","5,582.25"
"2021 Aug 11 12:00:00 AM","2,021","8","11","15,150","BOYACA","TUNJA","55,184,726,715","-733,780,212,402","ESTACION DE SERVICIO DE GNCV","GNV","2","193","155","2,096.97"
"2021 Aug 23 12:00:00 AM","2,021","8","23","15,150","BOYACA","TUNJA","55,184,726,715","-733,780,212,402","ESTACION DE SERVICIO DE GNCV","GNV","2","177","142","1,842.23"
"2021 Aug 27 12:00:00 AM","2,021","8","27","15,151","BOYACA","CHIQUINQUIRA","56,224,880,219","-738,042,449,951","ESTACION DE SERVICIO DE GNCV","GNV","3","694","439","5,471.35"
"2021 Aug 09 12:00:00 AM","2,021","8","9","15,151","BOYACA","CHIQUINQUIRA","56,224,880,219","-738,042,449,951","ESTACION DE SERVICIO DE GNCV","GNV","3","674","448","5,552.65"
"2021 Aug 15 12:00:00 AM","2,021","8","15","15,152","BOYACA","DUITAMA","58,906,025,887","-730,670,928,955","ESTACION DE SERVICIO DE GNCV","GNV","2","282","187","4,836.73"
"2021 Aug 14 12:00:00 AM","2,021","8","14","15,151","BOYACA","CHIQUINQUIRA","56,224,880,219","-738,042,449,951","ESTACION DE SERVICIO DE GNCV","GNV","2","648","404","5,336.78"
"2021 Aug 31 12:00:00 AM","2,021","8","31","15,157","BOYACA","SOGAMOSO","56,466,722,488","-728,709,564,209","ESTACION DE SERVICIO DE GNCV","GNV","1","262","197","2,102.05"
"2021 Aug 06 12:00:00 AM","2,021","8","6","15,150","BOYACA","TUNJA","55,184,726,715","-733,780,212,402","ESTACION DE SERVICIO DE GNCV","GNV","2","239","180","2,623.6"
"2021 Aug 19 12:00:00 AM","2,021","8","19","15,152","BOYACA","DUITAMA","58,906,025,887","-730,670,928,955","ESTACION DE SERVICIO DE GNCV","GNV","2","296","226","5,189.68"
"2021 Aug 15 12:00:00 AM","2,021","8","15","15,150","BOYACA","TUNJA","55,184,726,715","-733,780,212,402","ESTACION DE SERVICIO DE GNCV","GNV","2","168","144","1,741.54"
"2021 Aug 08 12:00:00 AM","2,021","8","8","15,152","BOYACA","DUITAMA","58,906,025,887","-730,670,928,955","ESTACION DE SERVICIO DE GNCV","GNV","2","241","167","3,106.69"
"2021 Jul 14 12:00:00 AM","2,021","7","14","15,151","BOYACA","CHIQUINQUIRA","56,224,880,219","-738,042,449,951","ESTACION DE SERVICIO DE GNCV","GNV","3","692","460","5,594.76"
"2021 Jul 30 12:00:00 AM","2,021","7","30","15,150","BOYACA","TUNJA","55,184,726,715","-733,780,212,402","ESTACION DE SERVICIO DE GNCV","GNV","2","243","199","2,758.67"
"2021 Jul 06 12:00:00 AM","2,021","7","6","15,152","BOYACA","DUITAMA","58,906,025,887","-730,670,928,955","ESTACION DE SERVICIO DE GNCV","GNV","2","301","228","3,692.58"
"2021 Jul 09 12:00:00 AM","2,021","7","9","15,152","BOYACA","DUITAMA","58,906,025,887","-730,670,928,955","ESTACION DE SERVICIO DE GNCV","GNV","2","322","230","5,258.48"
"2021 Jul 20 12:00:00 AM","2,021","7","20","15,157","BOYACA","SOGAMOSO","56,466,722,488","-728,709,564,209","ESTACION DE SERVICIO DE GNCV","GNV","1","273","198","2,156.47"
"2021 Jul 01 12:00:00 AM","2,021","7","1","15,152","BOYACA","DUITAMA","58,906,025,887","-730,670,928,955","ESTACION DE SERVICIO DE GNCV","GNV","2","328","234","4,274.18"
"2021 Jul 23 12:00:00 AM","2,021","7","23","15,150","BOYACA","TUNJA","55,184,726,715","-733,780,212,402","ESTACION DE SERVICIO DE GNCV","GNV","2","232","196","2,687.31"
"2021 Jul 20 12:00:00 AM","2,021","7","20","15,151","BOYACA","CHIQUINQUIRA","56,224,880,219","-738,042,449,951","ESTACION DE SERVICIO DE GNCV","GNV","3","563","393","4,424.53"
"2021 Jul 29 12:00:00 AM","2,021","7","29","15,157","BOYACA","SOGAMOSO","56,466,722,488","-728,709,564,209","ESTACION DE SERVICIO DE GNCV","GNV","1","318","229","2,658.68"
"2021 Jul 11 12:00:00 AM","2,021","7","11","15,150","BOYACA","TUNJA","55,184,726,715","-733,780,212,402","ESTACION DE SERVICIO DE GNCV","GNV","2","169","142","1,756.43"
"2021 Jul 08 12:00:00 AM","2,021","7","8","15,150","BOYACA","TUNJA","55,184,726,715","-733,780,212,402","ESTACION DE SERVICIO DE GNCV","GNV","2","216","171","2,511.19"
"2021 Jul 29 12:00:00 AM","2,021","7","29","15,151","BOYACA","CHIQUINQUIRA","56,224,880,219","-738,042,449,951","ESTACION DE SERVICIO DE GNCV","GNV","3","647","427","5,068.81"
"2021 Jul 15 12:00:00 AM","2,021","7","15","15,151","BOYACA","CHIQUINQUIRA","56,224,880,219","-738,042,449,951","ESTACION DE SERVICIO DE GNCV","GNV","3","677","451","5,462.49"
"2021 Jul 24 12:00:00 AM","2,021","7","24","15,151","BOYACA","CHIQUINQUIRA","56,224,880,219","-738,042,449,951","ESTACION DE SERVICIO DE GNCV","GNV","3","733","463","5,957.24"
"2021 Jul 26 12:00:00 AM","2,021","7","26","15,150","BOYACA","TUNJA","55,184,726,715","-733,780,212,402","ESTACION DE SERVICIO DE GNCV","GNV","2","174","147","1,919.2"
"2021 Jul 14 12:00:00 AM","2,021","7","14","15,157","BOYACA","SOGAMOSO","56,466,722,488","-728,709,564,209","ESTACION DE SERVICIO DE GNCV","GNV","1","330","231","2,864.54"
"2021 Jul 31 12:00:00 AM","2,021","7","31","15,157","BOYACA","SOGAMOSO","56,466,722,488","-728,709,564,209","ESTACION DE SERVICIO DE GNCV","GNV","1","352","225","2,945.09"
"2021 Jul 29 12:00:00 AM","2,021","7","29","15,152","BOYACA","DUITAMA","58,906,025,887","-730,670,928,955","ESTACION DE SERVICIO DE GNCV","GNV","2","299","213","4,234.6"
"2021 Jul 27 12:00:00 AM","2,021","7","27","15,151","BOYACA","CHIQUINQUIRA","56,224,880,219","-738,042,449,951","ESTACION DE SERVICIO DE GNCV","GNV","3","697","464","5,562.78"
"2021 Jul 27 12:00:00 AM","2,021","7","27","15,152","BOYACA","DUITAMA","58,906,025,887","-730,670,928,955","ESTACION DE SERVICIO DE GNCV","GNV","2","303","219","6,253.14"
"2021 Jul 21 12:00:00 AM","2,021","7","21","15,151","BOYACA","CHIQUINQUIRA","56,224,880,219","-738,042,449,951","ESTACION DE SERVICIO DE GNCV","GNV","3","729","469","5,903.09"
"2021 Jul 15 12:00:00 AM","2,021","7","15","15,157","BOYACA","SOGAMOSO","56,466,722,488","-728,709,564,209","ESTACION DE SERVICIO DE GNCV","GNV","1","350","252","3,029.11"
"2021 Jul 10 12:00:00 AM","2,021","7","10","15,150","BOYACA","TUNJA","55,184,726,715","-733,780,212,402","ESTACION DE SERVICIO DE GNCV","GNV","2","210","171","2,224.03"
"2021 Jul 27 12:00:00 AM","2,021","7","27","15,150","BOYACA","TUNJA","55,184,726,715","-733,780,212,402","ESTACION DE SERVICIO DE GNCV","GNV","2","207","165","2,256.96"
"2021 Jul 06 12:00:00 AM","2,021","7","6","15,150","BOYACA","TUNJA","55,184,726,715","-733,780,212,402","ESTACION DE SERVICIO DE GNCV","GNV","2","223","177","2,276.11"
"2021 Jul 29 12:00:00 AM","2,021","7","29","15,150","BOYACA","TUNJA","55,184,726,715","-733,780,212,402","ESTACION DE SERVICIO DE GNCV","GNV","2","179","146","2,004.47"
"2021 Jul 24 12:00:00 AM","2,021","7","24","15,157","BOYACA","SOGAMOSO","56,466,722,488","-728,709,564,209","ESTACION DE SERVICIO DE GNCV","GNV","1","336","220","2,749.68"
"2021 Jul 14 12:00:00 AM","2,021","7","14","15,152","BOYACA","DUITAMA","58,906,025,887","-730,670,928,955","ESTACION DE SERVICIO DE GNCV","GNV","2","331","247","4,988.11"
"2021 Jul 03 12:00:00 AM","2,021","7","3","15,152","BOYACA","DUITAMA","58,906,025,887","-730,670,928,955","ESTACION DE SERVICIO DE GNCV","GNV","2","323","223","3,266.03"
"2021 Jul 06 12:00:00 AM","2,021","7","6","15,157","BOYACA","SOGAMOSO","56,466,722,488","-728,709,564,209","ESTACION DE SERVICIO DE GNCV","GNV","1","372","266","3,560.73"
"2021 Jul 04 12:00:00 AM","2,021","7","4","15,157","BOYACA","SOGAMOSO","56,466,722,488","-728,709,564,209","ESTACION DE SERVICIO DE GNCV","GNV","1","306","191","2,396.04"
"2021 Jul 31 12:00:00 AM","2,021","7","31","15,151","BOYACA","CHIQUINQUIRA","56,224,880,219","-738,042,449,951","ESTACION DE SERVICIO DE GNCV","GNV","3","734","462","5,818.64"
"2021 Jul 22 12:00:00 AM","2,021","7","22","15,152","BOYACA","DUITAMA","58,906,025,887","-730,670,928,955","ESTACION DE SERVICIO DE GNCV","GNV","2","281","211","4,225.92"
"2021 Jul 08 12:00:00 AM","2,021","7","8","15,151","BOYACA","CHIQUINQUIRA","56,224,880,219","-738,042,449,951","ESTACION DE SERVICIO DE GNCV","GNV","3","659","430","5,048.93"
"2021 Jul 08 12:00:00 AM","2,021","7","8","15,152","BOYACA","DUITAMA","58,906,025,887","-730,670,928,955","ESTACION DE SERVICIO DE GNCV","GNV","2","298","225","3,967.34"
"2021 Jul 15 12:00:00 AM","2,021","7","15","15,152","BOYACA","DUITAMA","58,906,025,887","-730,670,928,955","ESTACION DE SERVICIO DE GNCV","GNV","2","300","229","5,376.02"
"2021 Jul 27 12:00:00 AM","2,021","7","27","15,157","BOYACA","SOGAMOSO","56,466,722,488","-728,709,564,209","ESTACION DE SERVICIO DE GNCV","GNV","1","335","242","2,887.76"
"2021 Jul 26 12:00:00 AM","2,021","7","26","15,152","BOYACA","DUITAMA","58,906,025,887","-730,670,928,955","ESTACION DE SERVICIO DE GNCV","GNV","2","298","220","5,245.55"
"2021 Jul 02 12:00:00 AM","2,021","7","2","15,152","BOYACA","DUITAMA","58,906,025,887","-730,670,928,955","ESTACION DE SERVICIO DE GNCV","GNV","2","322","229","3,674.75"
"2021 Jul 18 12:00:00 AM","2,021","7","18","15,151","BOYACA","CHIQUINQUIRA","56,224,880,219","-738,042,449,951","ESTACION DE SERVICIO DE GNCV","GNV","3","635","410","4,994.11"
"2021 Jul 05 12:00:00 AM","2,021","7","5","15,150","BOYACA","TUNJA","55,184,726,715","-733,780,212,402","ESTACION DE SERVICIO DE GNCV","GNV","2","190","169","1,988.43"
"2021 Jul 13 12:00:00 AM","2,021","7","13","15,150","BOYACA","TUNJA","55,184,726,715","-733,780,212,402","ESTACION DE SERVICIO DE GNCV","GNV","2","195","160","2,222.21"
"2021 Jul 07 12:00:00 AM","2,021","7","7","15,157","BOYACA","SOGAMOSO","56,466,722,488","-728,709,564,209","ESTACION DE SERVICIO DE GNCV","GNV","1","313","220","2,503.44"
"2021 Jul 13 12:00:00 AM","2,021","7","13","15,157","BOYACA","SOGAMOSO","56,466,722,488","-728,709,564,209","ESTACION DE SERVICIO DE GNCV","GNV","1","317","232","2,679.3"
"2021 Jul 26 12:00:00 AM","2,021","7","26","15,157","BOYACA","SOGAMOSO","56,466,722,488","-728,709,564,209","ESTACION DE SERVICIO DE GNCV","GNV","1","326","238","2,868.31"
"2021 Jul 23 12:00:00 AM","2,021","7","23","15,151","BOYACA","CHIQUINQUIRA","56,224,880,219","-738,042,449,951","ESTACION DE SERVICIO DE GNCV","GNV","3","757","483","6,194.42"
"2021 Jul 11 12:00:00 AM","2,021","7","11","15,152","BOYACA","DUITAMA","58,906,025,887","-730,670,928,955","ESTACION DE SERVICIO DE GNCV","GNV","2","226","162","2,671.52"
"2021 Jul 31 12:00:00 AM","2,021","7","31","15,150","BOYACA","TUNJA","55,184,726,715","-733,780,212,402","ESTACION DE SERVICIO DE GNCV","GNV","2","206","170","2,334.09"
"2021 Jul 18 12:00:00 AM","2,021","7","18","15,150","BOYACA","TUNJA","55,184,726,715","-733,780,212,402","ESTACION DE SERVICIO DE GNCV","GNV","2","196","164","1,986.42"
"2021 Jul 16 12:00:00 AM","2,021","7","16","15,152","BOYACA","DUITAMA","58,906,025,887","-730,670,928,955","ESTACION DE SERVICIO DE GNCV","GNV","2","327","231","4,531.74"
"2021 Jul 07 12:00:00 AM","2,021","7","7","15,150","BOYACA","TUNJA","55,184,726,715","-733,780,212,402","ESTACION DE SERVICIO DE GNCV","GNV","2","212","170","2,252.41"
"2021 Jul 22 12:00:00 AM","2,021","7","22","15,151","BOYACA","CHIQUINQUIRA","56,224,880,219","-738,042,449,951","ESTACION DE SERVICIO DE GNCV","GNV","3","684","450","5,311.38"
"2021 Jul 16 12:00:00 AM","2,021","7","16","15,157","BOYACA","SOGAMOSO","56,466,722,488","-728,709,564,209","ESTACION DE SERVICIO DE GNCV","GNV","1","346","241","2,937.56"
"2021 Jul 20 12:00:00 AM","2,021","7","20","15,150","BOYACA","TUNJA","55,184,726,715","-733,780,212,402","ESTACION DE SERVICIO DE GNCV","GNV","2","141","126","1,537.52"
"2021 Jul 07 12:00:00 AM","2,021","7","7","15,152","BOYACA","DUITAMA","58,906,025,887","-730,670,928,955","ESTACION DE SERVICIO DE GNCV","GNV","2","308","229","4,685.8"
"2021 Jul 12 12:00:00 AM","2,021","7","12","15,157","BOYACA","SOGAMOSO","56,466,722,488","-728,709,564,209","ESTACION DE SERVICIO DE GNCV","GNV","1","305","223","2,534.8"
"2021 Jul 12 12:00:00 AM","2,021","7","12","15,150","BOYACA","TUNJA","55,184,726,715","-733,780,212,402","ESTACION DE SERVICIO DE GNCV","GNV","2","190","161","2.158"
"2021 Jul 17 12:00:00 AM","2,021","7","17","15,152","BOYACA","DUITAMA","58,906,025,887","-730,670,928,955","ESTACION DE SERVICIO DE GNCV","GNV","2","308","215","4,303.09"
"2021 Jul 01 12:00:00 AM","2,021","7","1","15,157","BOYACA","SOGAMOSO","56,466,722,488","-728,709,564,209","ESTACION DE SERVICIO DE GNCV","GNV","1","333","233","2,722.28"
"2021 Jul 19 12:00:00 AM","2,021","7","19","15,150","BOYACA","TUNJA","55,184,726,715","-733,780,212,402","ESTACION DE SERVICIO DE GNCV","GNV","2","212","178","2,362.55"
"2021 Jul 12 12:00:00 AM","2,021","7","12","15,151","BOYACA","CHIQUINQUIRA","56,224,880,219","-738,042,449,951","ESTACION DE SERVICIO DE GNCV","GNV","3","684","459","5,414.96"
"2021 Jul 03 12:00:00 AM","2,021","7","3","15,157","BOYACA","SOGAMOSO","56,466,722,488","-728,709,564,209","ESTACION DE SERVICIO DE GNCV","GNV","1","396","248","3,301.92"
"2021 Jul 19 12:00:00 AM","2,021","7","19","15,157","BOYACA","SOGAMOSO","56,466,722,488","-728,709,564,209","ESTACION DE SERVICIO DE GNCV","GNV","1","342","247","2,921.22"
"2021 Jul 11 12:00:00 AM","2,021","7","11","15,157","BOYACA","SOGAMOSO","56,466,722,488","-728,709,564,209","ESTACION DE SERVICIO DE GNCV","GNV","1","306","200","2,552.1"
"2021 Jul 10 12:00:00 AM","2,021","7","10","15,157","BOYACA","SOGAMOSO","56,466,722,488","-728,709,564,209","ESTACION DE SERVICIO DE GNCV","GNV","1","356","234","3,034.76"
"2021 Jul 04 12:00:00 AM","2,021","7","4","15,151","BOYACA","CHIQUINQUIRA","56,224,880,219","-738,042,449,951","ESTACION DE SERVICIO DE GNCV","GNV","2","579","365","4,320.19"
"2021 Jul 17 12:00:00 AM","2,021","7","17","15,151","BOYACA","CHIQUINQUIRA","56,224,880,219","-738,042,449,951","ESTACION DE SERVICIO DE GNCV","GNV","3","703","442","5,452.78"
"2021 Jul 25 12:00:00 AM","2,021","7","25","15,152","BOYACA","DUITAMA","58,906,025,887","-730,670,928,955","ESTACION DE SERVICIO DE GNCV","GNV","2","256","175","4,172.4"
"2021 Jul 02 12:00:00 AM","2,021","7","2","15,150","BOYACA","TUNJA","55,184,726,715","-733,780,212,402","ESTACION DE SERVICIO DE GNCV","GNV","2","245","207","2,589.87"
"2021 Jul 04 12:00:00 AM","2,021","7","4","15,152","BOYACA","DUITAMA","58,906,025,887","-730,670,928,955","ESTACION DE SERVICIO DE GNCV","GNV","2","252","174","2,976.23"
"2021 Jul 21 12:00:00 AM","2,021","7","21","15,152","BOYACA","DUITAMA","58,906,025,887","-730,670,928,955","ESTACION DE SERVICIO DE GNCV","GNV","2","297","219","5,188.49"
"2021 Jul 10 12:00:00 AM","2,021","7","10","15,151","BOYACA","CHIQUINQUIRA","56,224,880,219","-738,042,449,951","ESTACION DE SERVICIO DE GNCV","GNV","3","691","437","5,349.96"
"2021 Jul 01 12:00:00 AM","2,021","7","1","15,151","BOYACA","CHIQUINQUIRA","56,224,880,219","-738,042,449,951","ESTACION DE SERVICIO DE GNCV","GNV","2","630","402","4,835.1"
"2021 Jul 24 12:00:00 AM","2,021","7","24","15,152","BOYACA","DUITAMA","58,906,025,887","-730,670,928,955","ESTACION DE SERVICIO DE GNCV","GNV","2","315","225","5,131.39"
"2021 Jul 09 12:00:00 AM","2,021","7","9","15,157","BOYACA","SOGAMOSO","56,466,722,488","-728,709,564,209","ESTACION DE SERVICIO DE GNCV","GNV","1","354","250","2,992.56"
"2021 Jul 13 12:00:00 AM","2,021","7","13","15,152","BOYACA","DUITAMA","58,906,025,887","-730,670,928,955","ESTACION DE SERVICIO DE GNCV","GNV","2","286","215","4,300.09"
"2021 Jul 28 12:00:00 AM","2,021","7","28","15,152","BOYACA","DUITAMA","58,906,025,887","-730,670,928,955","ESTACION DE SERVICIO DE GNCV","GNV","2","299","217","5,174.95"
"2021 Jul 09 12:00:00 AM","2,021","7","9","15,151","BOYACA","CHIQUINQUIRA","56,224,880,219","-738,042,449,951","ESTACION DE SERVICIO DE GNCV","GNV","3","715","472","5,621.78"
"2021 Jul 12 12:00:00 AM","2,021","7","12","15,152","BOYACA","DUITAMA","58,906,025,887","-730,670,928,955","ESTACION DE SERVICIO DE GNCV","GNV","2","309","228","4,795.14"
"2021 Jul 09 12:00:00 AM","2,021","7","9","15,150","BOYACA","TUNJA","55,184,726,715","-733,780,212,402","ESTACION DE SERVICIO DE GNCV","GNV","2","226","185","2,622.36"
"2021 Jul 18 12:00:00 AM","2,021","7","18","15,152","BOYACA","DUITAMA","58,906,025,887","-730,670,928,955","ESTACION DE SERVICIO DE GNCV","GNV","2","236","158","3,597.33"
"2021 Jul 31 12:00:00 AM","2,021","7","31","15,152","BOYACA","DUITAMA","58,906,025,887","-730,670,928,955","ESTACION DE SERVICIO DE GNCV","GNV","2","333","221","4,767.38"
"2021 Jul 25 12:00:00 AM","2,021","7","25","15,151","BOYACA","CHIQUINQUIRA","56,224,880,219","-738,042,449,951","ESTACION DE SERVICIO DE GNCV","GNV","3","661","405","5,002.25"
"2021 Jul 23 12:00:00 AM","2,021","7","23","15,152","BOYACA","DUITAMA","58,906,025,887","-730,670,928,955","ESTACION DE SERVICIO DE GNCV","GNV","2","321","233","5,167.01"
"2021 Jul 25 12:00:00 AM","2,021","7","25","15,150","BOYACA","TUNJA","55,184,726,715","-733,780,212,402","ESTACION DE SERVICIO DE GNCV","GNV","2","187","155","2,100.89"
"2021 Jul 02 12:00:00 AM","2,021","7","2","15,151","BOYACA","CHIQUINQUIRA","56,224,880,219","-738,042,449,951","ESTACION DE SERVICIO DE GNCV","GNV","2","679","416","5,385.24"
"2021 Jul 03 12:00:00 AM","2,021","7","3","15,151","BOYACA","CHIQUINQUIRA","56,224,880,219","-738,042,449,951","ESTACION DE SERVICIO DE GNCV","GNV","2","701","445","5,384.9"
"2021 Jul 19 12:00:00 AM","2,021","7","19","15,151","BOYACA","CHIQUINQUIRA","56,224,880,219","-738,042,449,951","ESTACION DE SERVICIO DE GNCV","GNV","3","707","463","5,625.53"
"2021 Jul 08 12:00:00 AM","2,021","7","8","15,157","BOYACA","SOGAMOSO","56,466,722,488","-728,709,564,209","ESTACION DE SERVICIO DE GNCV","GNV","1","356","258","3,047.45"
"2021 Jul 17 12:00:00 AM","2,021","7","17","15,150","BOYACA","TUNJA","55,184,726,715","-733,780,212,402","ESTACION DE SERVICIO DE GNCV","GNV","2","226","192","2,397.41"
"2021 Jul 02 12:00:00 AM","2,021","7","2","15,157","BOYACA","SOGAMOSO","56,466,722,488","-728,709,564,209","ESTACION DE SERVICIO DE GNCV","GNV","1","346","238","2,981.51"
"2021 Jul 04 12:00:00 AM","2,021","7","4","15,150","BOYACA","TUNJA","55,184,726,715","-733,780,212,402","ESTACION DE SERVICIO DE GNCV","GNV","2","154","129","1,544.85"
"2021 Jul 06 12:00:00 AM","2,021","7","6","15,151","BOYACA","CHIQUINQUIRA","56,224,880,219","-738,042,449,951","ESTACION DE SERVICIO DE GNCV","GNV","2","608","382","4,548.11"
"2021 Jul 30 12:00:00 AM","2,021","7","30","15,152","BOYACA","DUITAMA","58,906,025,887","-730,670,928,955","ESTACION DE SERVICIO DE GNCV","GNV","2","338","245","5,202.48"
"2021 Jul 15 12:00:00 AM","2,021","7","15","15,150","BOYACA","TUNJA","55,184,726,715","-733,780,212,402","ESTACION DE SERVICIO DE GNCV","GNV","2","180","144","2,032.5"
"2021 Jul 22 12:00:00 AM","2,021","7","22","15,150","BOYACA","TUNJA","55,184,726,715","-733,780,212,402","ESTACION DE SERVICIO DE GNCV","GNV","2","212","175","2,269.2"
"2021 Jul 10 12:00:00 AM","2,021","7","10","15,152","BOYACA","DUITAMA","58,906,025,887","-730,670,928,955","ESTACION DE SERVICIO DE GNCV","GNV","2","301","212","4,389.51"
"2021 Jul 17 12:00:00 AM","2,021","7","17","15,157","BOYACA","SOGAMOSO","56,466,722,488","-728,709,564,209","ESTACION DE SERVICIO DE GNCV","GNV","1","350","226","2,776.12"
"2021 Jul 20 12:00:00 AM","2,021","7","20","15,152","BOYACA","DUITAMA","58,906,025,887","-730,670,928,955","ESTACION DE SERVICIO DE GNCV","GNV","2","203","153","2,532.09"
"2021 Jul 24 12:00:00 AM","2,021","7","24","15,150","BOYACA","TUNJA","55,184,726,715","-733,780,212,402","ESTACION DE SERVICIO DE GNCV","GNV","2","181","155","1,879.09"
"2021 Jul 18 12:00:00 AM","2,021","7","18","15,157","BOYACA","SOGAMOSO","56,466,722,488","-728,709,564,209","ESTACION DE SERVICIO DE GNCV","GNV","1","303","192","2,361.62"
"2021 Jul 21 12:00:00 AM","2,021","7","21","15,157","BOYACA","SOGAMOSO","56,466,722,488","-728,709,564,209","ESTACION DE SERVICIO DE GNCV","GNV","1","323","234","2,744.68"
"2021 Jul 05 12:00:00 AM","2,021","7","5","15,152","BOYACA","DUITAMA","58,906,025,887","-730,670,928,955","ESTACION DE SERVICIO DE GNCV","GNV","2","244","175","2,070.61"
"2021 Jul 11 12:00:00 AM","2,021","7","11","15,151","BOYACA","CHIQUINQUIRA","56,224,880,219","-738,042,449,951","ESTACION DE SERVICIO DE GNCV","GNV","3","629","409","4,882.04"
"2021 Jul 21 12:00:00 AM","2,021","7","21","15,150","BOYACA","TUNJA","55,184,726,715","-733,780,212,402","ESTACION DE SERVICIO DE GNCV","GNV","2","200","160","2,171.8"
"2021 Jul 14 12:00:00 AM","2,021","7","14","15,150","BOYACA","TUNJA","55,184,726,715","-733,780,212,402","ESTACION DE SERVICIO DE GNCV","GNV","2","199","168","2,295.47"
"2021 Jul 19 12:00:00 AM","2,021","7","19","15,152","BOYACA","DUITAMA","58,906,025,887","-730,670,928,955","ESTACION DE SERVICIO DE GNCV","GNV","2","318","240","4,515.21"
"2021 Jul 01 12:00:00 AM","2,021","7","1","15,150","BOYACA","TUNJA","55,184,726,715","-733,780,212,402","ESTACION DE SERVICIO DE GNCV","GNV","2","215","173","2,532.27"
"2021 Jul 30 12:00:00 AM","2,021","7","30","15,157","BOYACA","SOGAMOSO","56,466,722,488","-728,709,564,209","ESTACION DE SERVICIO DE GNCV","GNV","1","354","238","3,123.6"
"2021 Jul 23 12:00:00 AM","2,021","7","23","15,157","BOYACA","SOGAMOSO","56,466,722,488","-728,709,564,209","ESTACION DE SERVICIO DE GNCV","GNV","1","334","230","3,120.43"
"2021 Jul 22 12:00:00 AM","2,021","7","22","15,157","BOYACA","SOGAMOSO","56,466,722,488","-728,709,564,209","ESTACION DE SERVICIO DE GNCV","GNV","1","264","202","2,339.95"
"2021 Jul 16 12:00:00 AM","2,021","7","16","15,150","BOYACA","TUNJA","55,184,726,715","-733,780,212,402","ESTACION DE SERVICIO DE GNCV","GNV","2","233","194","2,560.09"
"2021 Jul 16 12:00:00 AM","2,021","7","16","15,151","BOYACA","CHIQUINQUIRA","56,224,880,219","-738,042,449,951","ESTACION DE SERVICIO DE GNCV","GNV","3","733","470","5,916.07"
"2021 Jul 07 12:00:00 AM","2,021","7","7","15,151","BOYACA","CHIQUINQUIRA","56,224,880,219","-738,042,449,951","ESTACION DE SERVICIO DE GNCV","GNV","3","682","432","5,321.51"
"2021 Jul 26 12:00:00 AM","2,021","7","26","15,151","BOYACA","CHIQUINQUIRA","56,224,880,219","-738,042,449,951","ESTACION DE SERVICIO DE GNCV","GNV","3","680","460","5,426.55"
"2021 Jul 30 12:00:00 AM","2,021","7","30","15,151","BOYACA","CHIQUINQUIRA","56,224,880,219","-738,042,449,951","ESTACION DE SERVICIO DE GNCV","GNV","3","710","447","5,495.42"
"2021 Jul 05 12:00:00 AM","2,021","7","5","15,151","BOYACA","CHIQUINQUIRA","56,224,880,219","-738,042,449,951","ESTACION DE SERVICIO DE GNCV","GNV","2","572","380","4,336.83"
"2021 Jul 05 12:00:00 AM","2,021","7","5","15,157","BOYACA","SOGAMOSO","56,466,722,488","-728,709,564,209","ESTACION DE SERVICIO DE GNCV","GNV","1","304","225","2,876.37"
"2021 Jul 28 12:00:00 AM","2,021","7","28","15,151","BOYACA","CHIQUINQUIRA","56,224,880,219","-738,042,449,951","ESTACION DE SERVICIO DE GNCV","GNV","3","696","450","5,546.84"
"2021 Jul 13 12:00:00 AM","2,021","7","13","15,151","BOYACA","CHIQUINQUIRA","56,224,880,219","-738,042,449,951","ESTACION DE SERVICIO DE GNCV","GNV","3","657","434","5,266.43"
"2021 Jul 25 12:00:00 AM","2,021","7","25","15,157","BOYACA","SOGAMOSO","56,466,722,488","-728,709,564,209","ESTACION DE SERVICIO DE GNCV","GNV","1","321","198","2,463.04"
"2021 Jul 28 12:00:00 AM","2,021","7","28","15,150","BOYACA","TUNJA","55,184,726,715","-733,780,212,402","ESTACION DE SERVICIO DE GNCV","GNV","2","196","158","2,298.18"
"2021 Jul 03 12:00:00 AM","2,021","7","3","15,150","BOYACA","TUNJA","55,184,726,715","-733,780,212,402","ESTACION DE SERVICIO DE GNCV","GNV","2","271","232","2,857.57"
"2021 Jul 28 12:00:00 AM","2,021","7","28","15,157","BOYACA","SOGAMOSO","56,466,722,488","-728,709,564,209","ESTACION DE SERVICIO DE GNCV","GNV","1","341","230","2,770.51"
"2021 Jun 15 12:00:00 AM","2,021","6","15","15,152","BOYACA","DUITAMA","58,906,025,887","-730,670,928,955","ESTACION DE SERVICIO DE GNCV","GNV","2","329","246","4,057.99"
"2021 Jun 27 12:00:00 AM","2,021","6","27","15,150","BOYACA","TUNJA","55,184,726,715","-733,780,212,402","ESTACION DE SERVICIO DE GNCV","GNV","2","214","175","2,073.65"
"2021 Jun 14 12:00:00 AM","2,021","6","14","15,152","BOYACA","DUITAMA","58,906,025,887","-730,670,928,955","ESTACION DE SERVICIO DE GNCV","GNV","2","234","166","2,857.92"
"2021 Jun 16 12:00:00 AM","2,021","6","16","15,151","BOYACA","CHIQUINQUIRA","56,224,880,219","-738,042,449,951","ESTACION DE SERVICIO DE GNCV","GNV","2","551","366","4,377.56"
"2021 Jun 22 12:00:00 AM","2,021","6","22","15,151","BOYACA","CHIQUINQUIRA","56,224,880,219","-738,042,449,951","ESTACION DE SERVICIO DE GNCV","GNV","2","538","360","4,370.03"
"2021 Jun 29 12:00:00 AM","2,021","6","29","15,152","BOYACA","DUITAMA","58,906,025,887","-730,670,928,955","ESTACION DE SERVICIO DE GNCV","GNV","2","294","225","4.547"
"2021 Jun 20 12:00:00 AM","2,021","6","20","15,151","BOYACA","CHIQUINQUIRA","56,224,880,219","-738,042,449,951","ESTACION DE SERVICIO DE GNCV","GNV","2","550","337","3,922.09"
"2021 Jun 16 12:00:00 AM","2,021","6","16","15,157","BOYACA","SOGAMOSO","56,466,722,488","-728,709,564,209","ESTACION DE SERVICIO DE GNCV","GNV","1","289","216","2,610.9"
"2021 Jun 23 12:00:00 AM","2,021","6","23","15,150","BOYACA","TUNJA","55,184,726,715","-733,780,212,402","ESTACION DE SERVICIO DE GNCV","GNV","2","388","288","3,999.15"
"2021 Jun 11 12:00:00 AM","2,021","6","11","15,157","BOYACA","SOGAMOSO","56,466,722,488","-728,709,564,209","ESTACION DE SERVICIO DE GNCV","GNV","1","303","210","2,577.05"
"2021 Jun 21 12:00:00 AM","2,021","6","21","15,150","BOYACA","TUNJA","55,184,726,715","-733,780,212,402","ESTACION DE SERVICIO DE GNCV","GNV","2","374","291","4,156.2"
"2021 Jun 24 12:00:00 AM","2,021","6","24","15,157","BOYACA","SOGAMOSO","56,466,722,488","-728,709,564,209","ESTACION DE SERVICIO DE GNCV","GNV","1","312","228","2,679.51"
"2021 Jun 10 12:00:00 AM","2,021","6","10","15,151","BOYACA","CHIQUINQUIRA","56,224,880,219","-738,042,449,951","ESTACION DE SERVICIO DE GNCV","GNV","2","548","367","4,429.49"
"2021 Jun 04 12:00:00 AM","2,021","6","4","15,157","BOYACA","SOGAMOSO","56,466,722,488","-728,709,564,209","ESTACION DE SERVICIO DE GNCV","GNV","1","321","233","2,822.47"
"2021 Jun 27 12:00:00 AM","2,021","6","27","15,152","BOYACA","DUITAMA","58,906,025,887","-730,670,928,955","ESTACION DE SERVICIO DE GNCV","GNV","2","237","161","3,375.21"
"2021 Jun 26 12:00:00 AM","2,021","6","26","15,151","BOYACA","CHIQUINQUIRA","56,224,880,219","-738,042,449,951","ESTACION DE SERVICIO DE GNCV","GNV","2","596","374","4,637.32"
"2021 Jun 22 12:00:00 AM","2,021","6","22","15,150","BOYACA","TUNJA","55,184,726,715","-733,780,212,402","ESTACION DE SERVICIO DE GNCV","GNV","2","427","331","4,611.87"
"2021 Jun 18 12:00:00 AM","2,021","6","18","15,151","BOYACA","CHIQUINQUIRA","56,224,880,219","-738,042,449,951","ESTACION DE SERVICIO DE GNCV","GNV","2","562","370","4,357.29"
"2021 Jun 14 12:00:00 AM","2,021","6","14","15,157","BOYACA","SOGAMOSO","56,466,722,488","-728,709,564,209","ESTACION DE SERVICIO DE GNCV","GNV","1","274","199","2,242.25"
"2021 Jun 08 12:00:00 AM","2,021","6","8","15,151","BOYACA","CHIQUINQUIRA","56,224,880,219","-738,042,449,951","ESTACION DE SERVICIO DE GNCV","GNV","2","581","377","4,684.2"
"2021 Jun 12 12:00:00 AM","2,021","6","12","15,152","BOYACA","DUITAMA","58,906,025,887","-730,670,928,955","ESTACION DE SERVICIO DE GNCV","GNV","2","306","217","3,818.66"
"2021 Jun 01 12:00:00 AM","2,021","6","1","15,151","BOYACA","CHIQUINQUIRA","56,224,880,219","-738,042,449,951","ESTACION DE SERVICIO DE GNCV","GNV","2","554","371","4,433.19"
"2021 Jun 19 12:00:00 AM","2,021","6","19","15,151","BOYACA","CHIQUINQUIRA","56,224,880,219","-738,042,449,951","ESTACION DE SERVICIO DE GNCV","GNV","2","617","403","4,782.61"
"2021 Jun 03 12:00:00 AM","2,021","6","3","15,152","BOYACA","DUITAMA","58,906,025,887","-730,670,928,955","ESTACION DE SERVICIO DE GNCV","GNV","2","267","203","3,758.47"
"2021 Jun 04 12:00:00 AM","2,021","6","4","15,150","BOYACA","TUNJA","55,184,726,715","-733,780,212,402","ESTACION DE SERVICIO DE GNCV","GNV","3","383","284","3,990.14"
"2021 Jun 15 12:00:00 AM","2,021","6","15","15,157","BOYACA","SOGAMOSO","56,466,722,488","-728,709,564,209","ESTACION DE SERVICIO DE GNCV","GNV","1","319","227","2,851.65"
"2021 Jun 15 12:00:00 AM","2,021","6","15","15,151","BOYACA","CHIQUINQUIRA","56,224,880,219","-738,042,449,951","ESTACION DE SERVICIO DE GNCV","GNV","2","590","360","4,523.51"
"2021 Jun 18 12:00:00 AM","2,021","6","18","15,150","BOYACA","TUNJA","55,184,726,715","-733,780,212,402","ESTACION DE SERVICIO DE GNCV","GNV","2","222","179","2.538"
"2021 Jun 22 12:00:00 AM","2,021","6","22","15,157","BOYACA","SOGAMOSO","56,466,722,488","-728,709,564,209","ESTACION DE SERVICIO DE GNCV","GNV","1","320","229","2,777.37"
"2021 Jun 05 12:00:00 AM","2,021","6","5","15,150","BOYACA","TUNJA","55,184,726,715","-733,780,212,402","ESTACION DE SERVICIO DE GNCV","GNV","3","338","268","3.534"
"2021 Jun 11 12:00:00 AM","2,021","6","11","15,151","BOYACA","CHIQUINQUIRA","56,224,880,219","-738,042,449,951","ESTACION DE SERVICIO DE GNCV","GNV","2","598","393","4,753.17"
"2021 Jun 17 12:00:00 AM","2,021","6","17","15,157","BOYACA","SOGAMOSO","56,466,722,488","-728,709,564,209","ESTACION DE SERVICIO DE GNCV","GNV","1","322","228","2,623.5"
"2021 Jun 25 12:00:00 AM","2,021","6","25","15,152","BOYACA","DUITAMA","58,906,025,887","-730,670,928,955","ESTACION DE SERVICIO DE GNCV","GNV","2","346","251","5,599.71"
"2021 Jun 05 12:00:00 AM","2,021","6","5","15,152","BOYACA","DUITAMA","58,906,025,887","-730,670,928,955","ESTACION DE SERVICIO DE GNCV","GNV","2","311","218","3,078.85"
"2021 Jun 20 12:00:00 AM","2,021","6","20","15,157","BOYACA","SOGAMOSO","56,466,722,488","-728,709,564,209","ESTACION DE SERVICIO DE GNCV","GNV","1","291","178","2,155.67"
"2021 Jun 23 12:00:00 AM","2,021","6","23","15,152","BOYACA","DUITAMA","58,906,025,887","-730,670,928,955","ESTACION DE SERVICIO DE GNCV","GNV","2","321","238","4,670.44"
"2021 Jun 28 12:00:00 AM","2,021","6","28","15,150","BOYACA","TUNJA","55,184,726,715","-733,780,212,402","ESTACION DE SERVICIO DE GNCV","GNV","2","267","230","3,026.01"
"2021 Jun 08 12:00:00 AM","2,021","6","8","15,152","BOYACA","DUITAMA","58,906,025,887","-730,670,928,955","ESTACION DE SERVICIO DE GNCV","GNV","2","277","207","3,388.46"
"2021 Jun 14 12:00:00 AM","2,021","6","14","15,150","BOYACA","TUNJA","55,184,726,715","-733,780,212,402","ESTACION DE SERVICIO DE GNCV","GNV","2","148","130","1,611.01"
"2021 Jun 08 12:00:00 AM","2,021","6","8","15,150","BOYACA","TUNJA","55,184,726,715","-733,780,212,402","ESTACION DE SERVICIO DE GNCV","GNV","3","309","260","3,433.25"
"2021 Jun 27 12:00:00 AM","2,021","6","27","15,151","BOYACA","CHIQUINQUIRA","56,224,880,219","-738,042,449,951","ESTACION DE SERVICIO DE GNCV","GNV","2","556","358","4,032.52"
"2021 Jun 30 12:00:00 AM","2,021","6","30","15,152","BOYACA","DUITAMA","58,906,025,887","-730,670,928,955","ESTACION DE SERVICIO DE GNCV","GNV","2","318","234","4,665.05"
"2021 Jun 06 12:00:00 AM","2,021","6","6","15,150","BOYACA","TUNJA","55,184,726,715","-733,780,212,402","ESTACION DE SERVICIO DE GNCV","GNV","3","251","199","2,476.08"
"2021 Jun 04 12:00:00 AM","2,021","6","4","15,152","BOYACA","DUITAMA","58,906,025,887","-730,670,928,955","ESTACION DE SERVICIO DE GNCV","GNV","2","309","230","3,391.78"
"2021 Jun 08 12:00:00 AM","2,021","6","8","15,157","BOYACA","SOGAMOSO","56,466,722,488","-728,709,564,209","ESTACION DE SERVICIO DE GNCV","GNV","1","252","194","2,198.11"
"2021 Jun 30 12:00:00 AM","2,021","6","30","15,150","BOYACA","TUNJA","55,184,726,715","-733,780,212,402","ESTACION DE SERVICIO DE GNCV","GNV","2","192","156","2,031.99"
"2021 Jun 28 12:00:00 AM","2,021","6","28","15,152","BOYACA","DUITAMA","58,906,025,887","-730,670,928,955","ESTACION DE SERVICIO DE GNCV","GNV","2","307","227","3,854.48"
"2021 Jun 19 12:00:00 AM","2,021","6","19","15,152","BOYACA","DUITAMA","58,906,025,887","-730,670,928,955","ESTACION DE SERVICIO DE GNCV","GNV","2","336","239","4,135.28"
"2021 Jun 29 12:00:00 AM","2,021","6","29","15,151","BOYACA","CHIQUINQUIRA","56,224,880,219","-738,042,449,951","ESTACION DE SERVICIO DE GNCV","GNV","2","600","395","4,611.88"
"2021 Jun 06 12:00:00 AM","2,021","6","6","15,151","BOYACA","CHIQUINQUIRA","56,224,880,219","-738,042,449,951","ESTACION DE SERVICIO DE GNCV","GNV","2","491","319","3,620.84"
"2021 Jun 28 12:00:00 AM","2,021","6","28","15,151","BOYACA","CHIQUINQUIRA","56,224,880,219","-738,042,449,951","ESTACION DE SERVICIO DE GNCV","GNV","2","592","382","4,615.11"
"2021 Jun 16 12:00:00 AM","2,021","6","16","15,150","BOYACA","TUNJA","55,184,726,715","-733,780,212,402","ESTACION DE SERVICIO DE GNCV","GNV","2","195","164","2,081.8"
"2021 Jun 17 12:00:00 AM","2,021","6","17","15,150","BOYACA","TUNJA","55,184,726,715","-733,780,212,402","ESTACION DE SERVICIO DE GNCV","GNV","2","180","148","1,969.65"
"2021 Jun 13 12:00:00 AM","2,021","6","13","15,151","BOYACA","CHIQUINQUIRA","56,224,880,219","-738,042,449,951","ESTACION DE SERVICIO DE GNCV","GNV","2","528","330","3,987.95"
"2021 Jun 13 12:00:00 AM","2,021","6","13","15,157","BOYACA","SOGAMOSO","56,466,722,488","-728,709,564,209","ESTACION DE SERVICIO DE GNCV","GNV","1","284","173","2,226.96"
"2021 Jun 13 12:00:00 AM","2,021","6","13","15,150","BOYACA","TUNJA","55,184,726,715","-733,780,212,402","ESTACION DE SERVICIO DE GNCV","GNV","2","170","151","1,746.2"
"2021 Jun 07 12:00:00 AM","2,021","6","7","15,150","BOYACA","TUNJA","55,184,726,715","-733,780,212,402","ESTACION DE SERVICIO DE GNCV","GNV","3","239","194","2,406.36"
"2021 Jun 19 12:00:00 AM","2,021","6","19","15,150","BOYACA","TUNJA","55,184,726,715","-733,780,212,402","ESTACION DE SERVICIO DE GNCV","GNV","2","197","162","2,058.27"
"2021 Jun 12 12:00:00 AM","2,021","6","12","15,157","BOYACA","SOGAMOSO","56,466,722,488","-728,709,564,209","ESTACION DE SERVICIO DE GNCV","GNV","1","364","235","3,144.69"
"2021 Jun 06 12:00:00 AM","2,021","6","6","15,152","BOYACA","DUITAMA","58,906,025,887","-730,670,928,955","ESTACION DE SERVICIO DE GNCV","GNV","2","221","150","2,719.32"
"2021 Jun 17 12:00:00 AM","2,021","6","17","15,151","BOYACA","CHIQUINQUIRA","56,224,880,219","-738,042,449,951","ESTACION DE SERVICIO DE GNCV","GNV","2","586","382","4,524.48"
"2021 Jun 12 12:00:00 AM","2,021","6","12","15,150","BOYACA","TUNJA","55,184,726,715","-733,780,212,402","ESTACION DE SERVICIO DE GNCV","GNV","2","240","192","2,553.17"
"2021 Jun 20 12:00:00 AM","2,021","6","20","15,152","BOYACA","DUITAMA","58,906,025,887","-730,670,928,955","ESTACION DE SERVICIO DE GNCV","GNV","2","227","153","3,186.09"
"2021 Jun 05 12:00:00 AM","2,021","6","5","15,151","BOYACA","CHIQUINQUIRA","56,224,880,219","-738,042,449,951","ESTACION DE SERVICIO DE GNCV","GNV","2","589","378","4,617.64"
"2021 Jun 22 12:00:00 AM","2,021","6","22","15,152","BOYACA","DUITAMA","58,906,025,887","-730,670,928,955","ESTACION DE SERVICIO DE GNCV","GNV","2","284","221","5,698.92"
"2021 Jun 09 12:00:00 AM","2,021","6","9","15,151","BOYACA","CHIQUINQUIRA","56,224,880,219","-738,042,449,951","ESTACION DE SERVICIO DE GNCV","GNV","2","597","378","4,663.37"
"2021 Jun 24 12:00:00 AM","2,021","6","24","15,152","BOYACA","DUITAMA","58,906,025,887","-730,670,928,955","ESTACION DE SERVICIO DE GNCV","GNV","2","285","220","4,076.07"
"2021 Jun 23 12:00:00 AM","2,021","6","23","15,157","BOYACA","SOGAMOSO","56,466,722,488","-728,709,564,209","ESTACION DE SERVICIO DE GNCV","GNV","1","287","199","2,416.89"
"2021 Jun 07 12:00:00 AM","2,021","6","7","15,151","BOYACA","CHIQUINQUIRA","56,224,880,219","-738,042,449,951","ESTACION DE SERVICIO DE GNCV","GNV","2","464","330","3,506.93"
"2021 Jun 23 12:00:00 AM","2,021","6","23","15,151","BOYACA","CHIQUINQUIRA","56,224,880,219","-738,042,449,951","ESTACION DE SERVICIO DE GNCV","GNV","2","593","373","4,591.88"
"2021 Jun 10 12:00:00 AM","2,021","6","10","15,152","BOYACA","DUITAMA","58,906,025,887","-730,670,928,955","ESTACION DE SERVICIO DE GNCV","GNV","2","290","228","4,130.32"
"2021 Jun 11 12:00:00 AM","2,021","6","11","15,152","BOYACA","DUITAMA","58,906,025,887","-730,670,928,955","ESTACION DE SERVICIO DE GNCV","GNV","2","269","196","2,724.21"
"2021 Jun 27 12:00:00 AM","2,021","6","27","15,157","BOYACA","SOGAMOSO","56,466,722,488","-728,709,564,209","ESTACION DE SERVICIO DE GNCV","GNV","1","307","200","2,570.45"
"2021 Jun 26 12:00:00 AM","2,021","6","26","15,152","BOYACA","DUITAMA","58,906,025,887","-730,670,928,955","ESTACION DE SERVICIO DE GNCV","GNV","2","326","226","4,133.9"
"2021 Jun 02 12:00:00 AM","2,021","6","2","15,152","BOYACA","DUITAMA","58,906,025,887","-730,670,928,955","ESTACION DE SERVICIO DE GNCV","GNV","2","291","230","4,211.11"
"2021 Jun 11 12:00:00 AM","2,021","6","11","15,150","BOYACA","TUNJA","55,184,726,715","-733,780,212,402","ESTACION DE SERVICIO DE GNCV","GNV","2","209","171","2,296.8"
"2021 Jun 21 12:00:00 AM","2,021","6","21","15,151","BOYACA","CHIQUINQUIRA","56,224,880,219","-738,042,449,951","ESTACION DE SERVICIO DE GNCV","GNV","2","548","372","4,287.11"
"2021 Jun 09 12:00:00 AM","2,021","6","9","15,152","BOYACA","DUITAMA","58,906,025,887","-730,670,928,955","ESTACION DE SERVICIO DE GNCV","GNV","2","296","225","3,601.08"
"2021 Jun 29 12:00:00 AM","2,021","6","29","15,157","BOYACA","SOGAMOSO","56,466,722,488","-728,709,564,209","ESTACION DE SERVICIO DE GNCV","GNV","1","337","245","2,929.94"
"2021 Jun 06 12:00:00 AM","2,021","6","6","15,157","BOYACA","SOGAMOSO","56,466,722,488","-728,709,564,209","ESTACION DE SERVICIO DE GNCV","GNV","1","271","175","2,159.62"
"2021 Jun 25 12:00:00 AM","2,021","6","25","15,150","BOYACA","TUNJA","55,184,726,715","-733,780,212,402","ESTACION DE SERVICIO DE GNCV","GNV","2","471","353","4,916.85"
"2021 Jun 03 12:00:00 AM","2,021","6","3","15,150","BOYACA","TUNJA","55,184,726,715","-733,780,212,402","ESTACION DE SERVICIO DE GNCV","GNV","3","334","256","3,510.34"
"2021 Jun 24 12:00:00 AM","2,021","6","24","15,151","BOYACA","CHIQUINQUIRA","56,224,880,219","-738,042,449,951","ESTACION DE SERVICIO DE GNCV","GNV","2","566","373","4,449.04"
"2021 Jun 07 12:00:00 AM","2,021","6","7","15,152","BOYACA","DUITAMA","58,906,025,887","-730,670,928,955","ESTACION DE SERVICIO DE GNCV","GNV","2","224","173","2,243.16"
"2021 Jun 29 12:00:00 AM","2,021","6","29","15,150","BOYACA","TUNJA","55,184,726,715","-733,780,212,402","ESTACION DE SERVICIO DE GNCV","GNV","2","217","169","2,293.56"
"2021 Jun 02 12:00:00 AM","2,021","6","2","15,151","BOYACA","CHIQUINQUIRA","56,224,880,219","-738,042,449,951","ESTACION DE SERVICIO DE GNCV","GNV","2","568","366","4,479.41"
"2021 Jun 09 12:00:00 AM","2,021","6","9","15,150","BOYACA","TUNJA","55,184,726,715","-733,780,212,402","ESTACION DE SERVICIO DE GNCV","GNV","3","310","236","3,184.22"
"2021 Jun 18 12:00:00 AM","2,021","6","18","15,157","BOYACA","SOGAMOSO","56,466,722,488","-728,709,564,209","ESTACION DE SERVICIO DE GNCV","GNV","1","311","213","2,551.29"
"2021 Jun 20 12:00:00 AM","2,021","6","20","15,150","BOYACA","TUNJA","55,184,726,715","-733,780,212,402","ESTACION DE SERVICIO DE GNCV","GNV","2","150","126","1,476.34"
"2021 Jun 10 12:00:00 AM","2,021","6","10","15,150","BOYACA","TUNJA","55,184,726,715","-733,780,212,402","ESTACION DE SERVICIO DE GNCV","GNV","3","284","232","3,172.74"
"2021 Jun 17 12:00:00 AM","2,021","6","17","15,152","BOYACA","DUITAMA","58,906,025,887","-730,670,928,955","ESTACION DE SERVICIO DE GNCV","GNV","2","276","202","3,918.58"
"2021 Jun 07 12:00:00 AM","2,021","6","7","15,157","BOYACA","SOGAMOSO","56,466,722,488","-728,709,564,209","ESTACION DE SERVICIO DE GNCV","GNV","1","253","191","2,143.17"
"2021 Jun 21 12:00:00 AM","2,021","6","21","15,152","BOYACA","DUITAMA","58,906,025,887","-730,670,928,955","ESTACION DE SERVICIO DE GNCV","GNV","2","310","233","4,034.22"
"2021 Jun 16 12:00:00 AM","2,021","6","16","15,152","BOYACA","DUITAMA","58,906,025,887","-730,670,928,955","ESTACION DE SERVICIO DE GNCV","GNV","2","312","239","4,808.39"
"2021 Jun 26 12:00:00 AM","2,021","6","26","15,157","BOYACA","SOGAMOSO","56,466,722,488","-728,709,564,209","ESTACION DE SERVICIO DE GNCV","GNV","1","378","249","3,226.84"
"2021 Jun 02 12:00:00 AM","2,021","6","2","15,157","BOYACA","SOGAMOSO","56,466,722,488","-728,709,564,209","ESTACION DE SERVICIO DE GNCV","GNV","1","296","205","2,321.77"
"2021 Jun 05 12:00:00 AM","2,021","6","5","15,157","BOYACA","SOGAMOSO","56,466,722,488","-728,709,564,209","ESTACION DE SERVICIO DE GNCV","GNV","1","352","230","2,783.54"
"2021 Jun 28 12:00:00 AM","2,021","6","28","15,157","BOYACA","SOGAMOSO","56,466,722,488","-728,709,564,209","ESTACION DE SERVICIO DE GNCV","GNV","1","341","254","3,185.99"
"2021 Jun 30 12:00:00 AM","2,021","6","30","15,157","BOYACA","SOGAMOSO","56,466,722,488","-728,709,564,209","ESTACION DE SERVICIO DE GNCV","GNV","1","332","239","2,691.47"
"2021 Jun 14 12:00:00 AM","2,021","6","14","15,151","BOYACA","CHIQUINQUIRA","56,224,880,219","-738,042,449,951","ESTACION DE SERVICIO DE GNCV","GNV","2","513","349","3,945.7"
"2021 Jun 18 12:00:00 AM","2,021","6","18","15,152","BOYACA","DUITAMA","58,906,025,887","-730,670,928,955","ESTACION DE SERVICIO DE GNCV","GNV","2","295","215","3,888.22"
"2021 Jun 13 12:00:00 AM","2,021","6","13","15,152","BOYACA","DUITAMA","58,906,025,887","-730,670,928,955","ESTACION DE SERVICIO DE GNCV","GNV","2","250","179","2,499.26"
"2021 Jun 21 12:00:00 AM","2,021","6","21","15,157","BOYACA","SOGAMOSO","56,466,722,488","-728,709,564,209","ESTACION DE SERVICIO DE GNCV","GNV","1","288","216","2,444.57"
"2021 Jun 01 12:00:00 AM","2,021","6","1","15,157","BOYACA","SOGAMOSO","56,466,722,488","-728,709,564,209","ESTACION DE SERVICIO DE GNCV","GNV","1","323","228","2,686.41"
"2021 Jun 25 12:00:00 AM","2,021","6","25","15,157","BOYACA","SOGAMOSO","56,466,722,488","-728,709,564,209","ESTACION DE SERVICIO DE GNCV","GNV","1","308","216","2,712.18"
"2021 Jun 10 12:00:00 AM","2,021","6","10","15,157","BOYACA","SOGAMOSO","56,466,722,488","-728,709,564,209","ESTACION DE SERVICIO DE GNCV","GNV","1","286","208","2,492.99"
"2021 Jun 09 12:00:00 AM","2,021","6","9","15,157","BOYACA","SOGAMOSO","56,466,722,488","-728,709,564,209","ESTACION DE SERVICIO DE GNCV","GNV","1","294","216","2,535.99"
"2021 Jun 03 12:00:00 AM","2,021","6","3","15,151","BOYACA","CHIQUINQUIRA","56,224,880,219","-738,042,449,951","ESTACION DE SERVICIO DE GNCV","GNV","2","537","350","3,986.3"
"2021 Jun 02 12:00:00 AM","2,021","6","2","15,150","BOYACA","TUNJA","55,184,726,715","-733,780,212,402","ESTACION DE SERVICIO DE GNCV","GNV","3","329","254","3,496.4"
"2021 Jun 01 12:00:00 AM","2,021","6","1","15,152","BOYACA","DUITAMA","58,906,025,887","-730,670,928,955","ESTACION DE SERVICIO DE GNCV","GNV","2","293","222","4,628.38"
"2021 Jun 24 12:00:00 AM","2,021","6","24","15,150","BOYACA","TUNJA","55,184,726,715","-733,780,212,402","ESTACION DE SERVICIO DE GNCV","GNV","2","419","315","4,430.48"
"2021 Jun 12 12:00:00 AM","2,021","6","12","15,151","BOYACA","CHIQUINQUIRA","56,224,880,219","-738,042,449,951","ESTACION DE SERVICIO DE GNCV","GNV","2","651","395","5,077.87"
"2021 Jun 15 12:00:00 AM","2,021","6","15","15,150","BOYACA","TUNJA","55,184,726,715","-733,780,212,402","ESTACION DE SERVICIO DE GNCV","GNV","2","203","172","2,408.48"
"2021 Jun 25 12:00:00 AM","2,021","6","25","15,151","BOYACA","CHIQUINQUIRA","56,224,880,219","-738,042,449,951","ESTACION DE SERVICIO DE GNCV","GNV","2","598","394","4,750.86"
"2021 Jun 03 12:00:00 AM","2,021","6","3","15,157","BOYACA","SOGAMOSO","56,466,722,488","-728,709,564,209","ESTACION DE SERVICIO DE GNCV","GNV","1","300","219","2,518.93"
"2021 Jun 04 12:00:00 AM","2,021","6","4","15,151","BOYACA","CHIQUINQUIRA","56,224,880,219","-738,042,449,951","ESTACION DE SERVICIO DE GNCV","GNV","2","594","382","4,637.91"
"2021 Jun 19 12:00:00 AM","2,021","6","19","15,157","BOYACA","SOGAMOSO","56,466,722,488","-728,709,564,209","ESTACION DE SERVICIO DE GNCV","GNV","1","385","245","3,124.55"
"2021 Jun 01 12:00:00 AM","2,021","6","1","15,150","BOYACA","TUNJA","55,184,726,715","-733,780,212,402","ESTACION DE SERVICIO DE GNCV","GNV","3","305","246","3,053.45"
"2021 Jun 30 12:00:00 AM","2,021","6","30","15,151","BOYACA","CHIQUINQUIRA","56,224,880,219","-738,042,449,951","ESTACION DE SERVICIO DE GNCV","GNV","2","629","403","5,011.1"
"2021 Jun 26 12:00:00 AM","2,021","6","26","15,150","BOYACA","TUNJA","55,184,726,715","-733,780,212,402","ESTACION DE SERVICIO DE GNCV","GNV","2","365","280","3,770.89"
"2021 May 28 12:00:00 AM","2,021","5","28","15,152","BOYACA","DUITAMA","58,906,025,887","-730,670,928,955","ESTACION DE SERVICIO DE GNCV","GNV","2","288","203","2,955.51"
"2021 May 30 12:00:00 AM","2,021","5","30","15,152","BOYACA","DUITAMA","58,906,025,887","-730,670,928,955","ESTACION DE SERVICIO DE GNCV","GNV","2","228","161","3,413.67"
"2021 May 07 12:00:00 AM","2,021","5","7","15,151","BOYACA","CHIQUINQUIRA","56,224,880,219","-738,042,449,951","ESTACION DE SERVICIO DE GNCV","GNV","2","551","336","3,663.33"
"2021 May 15 12:00:00 AM","2,021","5","15","15,157","BOYACA","SOGAMOSO","56,466,722,488","-728,709,564,209","ESTACION DE SERVICIO DE GNCV","GNV","1","301","195","2,475.25"
"2021 May 15 12:00:00 AM","2,021","5","15","15,152","BOYACA","DUITAMA","58,906,025,887","-730,670,928,955","ESTACION DE SERVICIO DE GNCV","GNV","2","289","208","3,101.9"
"2021 May 22 12:00:00 AM","2,021","5","22","15,157","BOYACA","SOGAMOSO","56,466,722,488","-728,709,564,209","ESTACION DE SERVICIO DE GNCV","GNV","1","192","118","1,505.53"
"2021 May 11 12:00:00 AM","2,021","5","11","15,151","BOYACA","CHIQUINQUIRA","56,224,880,219","-738,042,449,951","ESTACION DE SERVICIO DE GNCV","GNV","2","610","405","4,788.67"
"2021 May 09 12:00:00 AM","2,021","5","9","15,152","BOYACA","DUITAMA","58,906,025,887","-730,670,928,955","ESTACION DE SERVICIO DE GNCV","GNV","2","218","143","1,950.55"
"2021 May 14 12:00:00 AM","2,021","5","14","15,152","BOYACA","DUITAMA","58,906,025,887","-730,670,928,955","ESTACION DE SERVICIO DE GNCV","GNV","2","261","202","2,973.84"
"2021 May 07 12:00:00 AM","2,021","5","7","15,152","BOYACA","DUITAMA","58,906,025,887","-730,670,928,955","ESTACION DE SERVICIO DE GNCV","GNV","2","281","202","2,329.74"
"2021 May 30 12:00:00 AM","2,021","5","30","15,151","BOYACA","CHIQUINQUIRA","56,224,880,219","-738,042,449,951","ESTACION DE SERVICIO DE GNCV","GNV","2","507","331","3,788.14"
"2021 May 14 12:00:00 AM","2,021","5","14","15,157","BOYACA","SOGAMOSO","56,466,722,488","-728,709,564,209","ESTACION DE SERVICIO DE GNCV","GNV","1","322","227","2,898.66"
"2021 May 01 12:00:00 AM","2,021","5","1","15,150","BOYACA","TUNJA","55,184,726,715","-733,780,212,402","ESTACION DE SERVICIO DE GNCV","GNV","3","196","154","1,812.77"
"2021 May 13 12:00:00 AM","2,021","5","13","15,157","BOYACA","SOGAMOSO","56,466,722,488","-728,709,564,209","ESTACION DE SERVICIO DE GNCV","GNV","1","283","209","2,316.73"
"2021 May 25 12:00:00 AM","2,021","5","25","15,152","BOYACA","DUITAMA","58,906,025,887","-730,670,928,955","ESTACION DE SERVICIO DE GNCV","GNV","2","274","214","3,600.54"
"2021 May 05 12:00:00 AM","2,021","5","5","15,151","BOYACA","CHIQUINQUIRA","56,224,880,219","-738,042,449,951","ESTACION DE SERVICIO DE GNCV","GNV","2","485","324","3,450.84"
"2021 May 12 12:00:00 AM","2,021","5","12","15,150","BOYACA","TUNJA","55,184,726,715","-733,780,212,402","ESTACION DE SERVICIO DE GNCV","GNV","3","265","207","2,471.15"
"2021 May 10 12:00:00 AM","2,021","5","10","15,150","BOYACA","TUNJA","55,184,726,715","-733,780,212,402","ESTACION DE SERVICIO DE GNCV","GNV","3","301","243","3,333.72"
"2021 May 08 12:00:00 AM","2,021","5","8","15,151","BOYACA","CHIQUINQUIRA","56,224,880,219","-738,042,449,951","ESTACION DE SERVICIO DE GNCV","GNV","2","583","363","4,222.47"
"2021 May 29 12:00:00 AM","2,021","5","29","15,152","BOYACA","DUITAMA","58,906,025,887","-730,670,928,955","ESTACION DE SERVICIO DE GNCV","GNV","2","311","218","3,634.65"
"2021 May 19 12:00:00 AM","2,021","5","19","15,151","BOYACA","CHIQUINQUIRA","56,224,880,219","-738,042,449,951","ESTACION DE SERVICIO DE GNCV","GNV","2","603","394","4,630.82"
"2021 May 04 12:00:00 AM","2,021","5","4","15,150","BOYACA","TUNJA","55,184,726,715","-733,780,212,402","ESTACION DE SERVICIO DE GNCV","GNV","3","371","278","3,756.83"
"2021 May 23 12:00:00 AM","2,021","5","23","15,150","BOYACA","TUNJA","55,184,726,715","-733,780,212,402","ESTACION DE SERVICIO DE GNCV","GNV","3","232","187","2,290.4"
"2021 May 03 12:00:00 AM","2,021","5","3","15,157","BOYACA","SOGAMOSO","56,466,722,488","-728,709,564,209","ESTACION DE SERVICIO DE GNCV","GNV","1","265","198","2,410.31"
"2021 May 23 12:00:00 AM","2,021","5","23","15,152","BOYACA","DUITAMA","58,906,025,887","-730,670,928,955","ESTACION DE SERVICIO DE GNCV","GNV","2","213","141","2,110.43"
"2021 May 13 12:00:00 AM","2,021","5","13","15,150","BOYACA","TUNJA","55,184,726,715","-733,780,212,402","ESTACION DE SERVICIO DE GNCV","GNV","3","284","227","2,922.45"
"2021 May 24 12:00:00 AM","2,021","5","24","15,152","BOYACA","DUITAMA","58,906,025,887","-730,670,928,955","ESTACION DE SERVICIO DE GNCV","GNV","2","277","209","3,023.94"
"2021 May 28 12:00:00 AM","2,021","5","28","15,150","BOYACA","TUNJA","55,184,726,715","-733,780,212,402","ESTACION DE SERVICIO DE GNCV","GNV","3","315","236","3,247.76"
"2021 May 31 12:00:00 AM","2,021","5","31","15,152","BOYACA","DUITAMA","58,906,025,887","-730,670,928,955","ESTACION DE SERVICIO DE GNCV","GNV","2","303","231","3,530.18"
"2021 May 29 12:00:00 AM","2,021","5","29","15,151","BOYACA","CHIQUINQUIRA","56,224,880,219","-738,042,449,951","ESTACION DE SERVICIO DE GNCV","GNV","2","632","383","4,855.95"
"2021 May 06 12:00:00 AM","2,021","5","6","15,151","BOYACA","CHIQUINQUIRA","56,224,880,219","-738,042,449,951","ESTACION DE SERVICIO DE GNCV","GNV","2","517","342","3,692.07"
"2021 May 08 12:00:00 AM","2,021","5","8","15,152","BOYACA","DUITAMA","58,906,025,887","-730,670,928,955","ESTACION DE SERVICIO DE GNCV","GNV","2","298","202","2,903.34"
"2021 May 05 12:00:00 AM","2,021","5","5","15,150","BOYACA","TUNJA","55,184,726,715","-733,780,212,402","ESTACION DE SERVICIO DE GNCV","GNV","3","218","162","1,963.16"
"2021 May 16 12:00:00 AM","2,021","5","16","15,152","BOYACA","DUITAMA","58,906,025,887","-730,670,928,955","ESTACION DE SERVICIO DE GNCV","GNV","2","214","143","2,342.96"
"2021 May 21 12:00:00 AM","2,021","5","21","15,150","BOYACA","TUNJA","55,184,726,715","-733,780,212,402","ESTACION DE SERVICIO DE GNCV","GNV","3","325","250","3,340.17"
"2021 May 23 12:00:00 AM","2,021","5","23","15,151","BOYACA","CHIQUINQUIRA","56,224,880,219","-738,042,449,951","ESTACION DE SERVICIO DE GNCV","GNV","2","487","319","3,498.66"
"2021 May 17 12:00:00 AM","2,021","5","17","15,150","BOYACA","TUNJA","55,184,726,715","-733,780,212,402","ESTACION DE SERVICIO DE GNCV","GNV","3","222","174","2,187.07"
"2021 May 17 12:00:00 AM","2,021","5","17","15,152","BOYACA","DUITAMA","58,906,025,887","-730,670,928,955","ESTACION DE SERVICIO DE GNCV","GNV","2","205","157","2,335.76"
"2021 May 09 12:00:00 AM","2,021","5","9","15,157","BOYACA","SOGAMOSO","56,466,722,488","-728,709,564,209","ESTACION DE SERVICIO DE GNCV","GNV","1","294","188","2,155.84"
"2021 May 06 12:00:00 AM","2,021","5","6","15,157","BOYACA","SOGAMOSO","56,466,722,488","-728,709,564,209","ESTACION DE SERVICIO DE GNCV","GNV","1","280","197","2,174.77"
"2021 May 11 12:00:00 AM","2,021","5","11","15,152","BOYACA","DUITAMA","58,906,025,887","-730,670,928,955","ESTACION DE SERVICIO DE GNCV","GNV","2","273","213","3,298.83"
"2021 May 13 12:00:00 AM","2,021","5","13","15,152","BOYACA","DUITAMA","58,906,025,887","-730,670,928,955","ESTACION DE SERVICIO DE GNCV","GNV","2","248","195","2,625.52"
"2021 May 05 12:00:00 AM","2,021","5","5","15,157","BOYACA","SOGAMOSO","56,466,722,488","-728,709,564,209","ESTACION DE SERVICIO DE GNCV","GNV","1","287","183","2,033.83"
"2021 May 19 12:00:00 AM","2,021","5","19","15,150","BOYACA","TUNJA","55,184,726,715","-733,780,212,402","ESTACION DE SERVICIO DE GNCV","GNV","3","289","226","2,900.65"
"2021 May 08 12:00:00 AM","2,021","5","8","15,150","BOYACA","TUNJA","55,184,726,715","-733,780,212,402","ESTACION DE SERVICIO DE GNCV","GNV","3","268","204","2,617.1"
"2021 May 18 12:00:00 AM","2,021","5","18","15,152","BOYACA","DUITAMA","58,906,025,887","-730,670,928,955","ESTACION DE SERVICIO DE GNCV","GNV","2","271","204","2,949.2"
"2021 May 23 12:00:00 AM","2,021","5","23","15,157","BOYACA","SOGAMOSO","56,466,722,488","-728,709,564,209","ESTACION DE SERVICIO DE GNCV","GNV","1","192","121","1,436.16"
"2021 May 21 12:00:00 AM","2,021","5","21","15,151","BOYACA","CHIQUINQUIRA","56,224,880,219","-738,042,449,951","ESTACION DE SERVICIO DE GNCV","GNV","2","583","378","4,512.32"
"2021 May 14 12:00:00 AM","2,021","5","14","15,150","BOYACA","TUNJA","55,184,726,715","-733,780,212,402","ESTACION DE SERVICIO DE GNCV","GNV","3","341","280","3,525.29"
"2021 May 18 12:00:00 AM","2,021","5","18","15,157","BOYACA","SOGAMOSO","56,466,722,488","-728,709,564,209","ESTACION DE SERVICIO DE GNCV","GNV","1","315","227","2,604.44"
"2021 May 10 12:00:00 AM","2,021","5","10","15,157","BOYACA","SOGAMOSO","56,466,722,488","-728,709,564,209","ESTACION DE SERVICIO DE GNCV","GNV","1","274","200","2,297.69"
"2021 May 13 12:00:00 AM","2,021","5","13","15,151","BOYACA","CHIQUINQUIRA","56,224,880,219","-738,042,449,951","ESTACION DE SERVICIO DE GNCV","GNV","2","547","362","3,984.5"
"2021 May 31 12:00:00 AM","2,021","5","31","15,151","BOYACA","CHIQUINQUIRA","56,224,880,219","-738,042,449,951","ESTACION DE SERVICIO DE GNCV","GNV","2","552","377","4,447.51"
"2021 May 07 12:00:00 AM","2,021","5","7","15,157","BOYACA","SOGAMOSO","56,466,722,488","-728,709,564,209","ESTACION DE SERVICIO DE GNCV","GNV","1","336","220","2.547"
"2021 May 24 12:00:00 AM","2,021","5","24","15,151","BOYACA","CHIQUINQUIRA","56,224,880,219","-738,042,449,951","ESTACION DE SERVICIO DE GNCV","GNV","2","582","390","4,682.44"
"2021 May 25 12:00:00 AM","2,021","5","25","15,151","BOYACA","CHIQUINQUIRA","56,224,880,219","-738,042,449,951","ESTACION DE SERVICIO DE GNCV","GNV","2","590","386","4,706.06"
"2021 May 31 12:00:00 AM","2,021","5","31","15,157","BOYACA","SOGAMOSO","56,466,722,488","-728,709,564,209","ESTACION DE SERVICIO DE GNCV","GNV","1","314","230","2,629.81"
"2021 May 05 12:00:00 AM","2,021","5","5","15,152","BOYACA","DUITAMA","58,906,025,887","-730,670,928,955","ESTACION DE SERVICIO DE GNCV","GNV","2","290","208","2,629.8"
"2021 May 02 12:00:00 AM","2,021","5","2","15,150","BOYACA","TUNJA","55,184,726,715","-733,780,212,402","ESTACION DE SERVICIO DE GNCV","GNV","3","261","185","2,590.48"
"2021 May 11 12:00:00 AM","2,021","5","11","15,157","BOYACA","SOGAMOSO","56,466,722,488","-728,709,564,209","ESTACION DE SERVICIO DE GNCV","GNV","1","297","223","2,446.46"
"2021 May 29 12:00:00 AM","2,021","5","29","15,157","BOYACA","SOGAMOSO","56,466,722,488","-728,709,564,209","ESTACION DE SERVICIO DE GNCV","GNV","1","330","214","2,616.62"
"2021 May 04 12:00:00 AM","2,021","5","4","15,151","BOYACA","CHIQUINQUIRA","56,224,880,219","-738,042,449,951","ESTACION DE SERVICIO DE GNCV","GNV","2","536","353","4,121.36"
"2021 May 22 12:00:00 AM","2,021","5","22","15,151","BOYACA","CHIQUINQUIRA","56,224,880,219","-738,042,449,951","ESTACION DE SERVICIO DE GNCV","GNV","2","599","381","4,663.83"
"2021 May 15 12:00:00 AM","2,021","5","15","15,150","BOYACA","TUNJA","55,184,726,715","-733,780,212,402","ESTACION DE SERVICIO DE GNCV","GNV","3","367","280","3,663.97"
"2021 May 01 12:00:00 AM","2,021","5","1","15,151","BOYACA","CHIQUINQUIRA","56,224,880,219","-738,042,449,951","ESTACION DE SERVICIO DE GNCV","GNV","2","474","307","3,549.45"
"2021 May 12 12:00:00 AM","2,021","5","12","15,151","BOYACA","CHIQUINQUIRA","56,224,880,219","-738,042,449,951","ESTACION DE SERVICIO DE GNCV","GNV","2","601","396","4,412.98"
"2021 May 16 12:00:00 AM","2,021","5","16","15,151","BOYACA","CHIQUINQUIRA","56,224,880,219","-738,042,449,951","ESTACION DE SERVICIO DE GNCV","GNV","2","508","340","3,835.31"
"2021 May 26 12:00:00 AM","2,021","5","26","15,157","BOYACA","SOGAMOSO","56,466,722,488","-728,709,564,209","ESTACION DE SERVICIO DE GNCV","GNV","1","288","208","2,378.12"
"2021 May 02 12:00:00 AM","2,021","5","2","15,151","BOYACA","CHIQUINQUIRA","56,224,880,219","-738,042,449,951","ESTACION DE SERVICIO DE GNCV","GNV","2","434","280","3,008.83"
"2021 May 25 12:00:00 AM","2,021","5","25","15,157","BOYACA","SOGAMOSO","56,466,722,488","-728,709,564,209","ESTACION DE SERVICIO DE GNCV","GNV","1","313","213","2,609.92"
"2021 May 25 12:00:00 AM","2,021","5","25","15,150","BOYACA","TUNJA","55,184,726,715","-733,780,212,402","ESTACION DE SERVICIO DE GNCV","GNV","3","366","296","3,866.48"
"2021 May 12 12:00:00 AM","2,021","5","12","15,152","BOYACA","DUITAMA","58,906,025,887","-730,670,928,955","ESTACION DE SERVICIO DE GNCV","GNV","2","238","179","2,055.59"
"2021 May 20 12:00:00 AM","2,021","5","20","15,150","BOYACA","TUNJA","55,184,726,715","-733,780,212,402","ESTACION DE SERVICIO DE GNCV","GNV","3","304","245","3,244.39"
"2021 May 03 12:00:00 AM","2,021","5","3","15,151","BOYACA","CHIQUINQUIRA","56,224,880,219","-738,042,449,951","ESTACION DE SERVICIO DE GNCV","GNV","2","362","275","3,060.06"
"2021 May 09 12:00:00 AM","2,021","5","9","15,151","BOYACA","CHIQUINQUIRA","56,224,880,219","-738,042,449,951","ESTACION DE SERVICIO DE GNCV","GNV","2","501","329","3,591.03"
"2021 May 04 12:00:00 AM","2,021","5","4","15,157","BOYACA","SOGAMOSO","56,466,722,488","-728,709,564,209","ESTACION DE SERVICIO DE GNCV","GNV","1","355","234","2,932.68"
"2021 May 09 12:00:00 AM","2,021","5","9","15,150","BOYACA","TUNJA","55,184,726,715","-733,780,212,402","ESTACION DE SERVICIO DE GNCV","GNV","3","205","160","1,802.41"
"2021 May 08 12:00:00 AM","2,021","5","8","15,157","BOYACA","SOGAMOSO","56,466,722,488","-728,709,564,209","ESTACION DE SERVICIO DE GNCV","GNV","1","348","213","2,642.46"
"2021 May 29 12:00:00 AM","2,021","5","29","15,150","BOYACA","TUNJA","55,184,726,715","-733,780,212,402","ESTACION DE SERVICIO DE GNCV","GNV","3","357","278","3,783.6"
"2021 May 27 12:00:00 AM","2,021","5","27","15,150","BOYACA","TUNJA","55,184,726,715","-733,780,212,402","ESTACION DE SERVICIO DE GNCV","GNV","3","324","254","3,579.7"
"2021 May 22 12:00:00 AM","2,021","5","22","15,152","BOYACA","DUITAMA","58,906,025,887","-730,670,928,955","ESTACION DE SERVICIO DE GNCV","GNV","2","272","193","2,861.03"
"2021 May 26 12:00:00 AM","2,021","5","26","15,150","BOYACA","TUNJA","55,184,726,715","-733,780,212,402","ESTACION DE SERVICIO DE GNCV","GNV","3","315","243","3,313.99"
"2021 May 10 12:00:00 AM","2,021","5","10","15,152","BOYACA","DUITAMA","58,906,025,887","-730,670,928,955","ESTACION DE SERVICIO DE GNCV","GNV","2","281","203","2,500.04"
"2021 May 28 12:00:00 AM","2,021","5","28","15,151","BOYACA","CHIQUINQUIRA","56,224,880,219","-738,042,449,951","ESTACION DE SERVICIO DE GNCV","GNV","2","563","369","4,282.63"
"2021 May 27 12:00:00 AM","2,021","5","27","15,151","BOYACA","CHIQUINQUIRA","56,224,880,219","-738,042,449,951","ESTACION DE SERVICIO DE GNCV","GNV","2","570","375","4,510.58"
"2021 May 10 12:00:00 AM","2,021","5","10","15,151","BOYACA","CHIQUINQUIRA","56,224,880,219","-738,042,449,951","ESTACION DE SERVICIO DE GNCV","GNV","2","580","376","4,488.74"
"2021 May 20 12:00:00 AM","2,021","5","20","15,157","BOYACA","SOGAMOSO","56,466,722,488","-728,709,564,209","ESTACION DE SERVICIO DE GNCV","GNV","1","312","223","2,430.3"
"2021 May 16 12:00:00 AM","2,021","5","16","15,150","BOYACA","TUNJA","55,184,726,715","-733,780,212,402","ESTACION DE SERVICIO DE GNCV","GNV","3","250","206","2,437.05"
"2021 May 21 12:00:00 AM","2,021","5","21","15,157","BOYACA","SOGAMOSO","56,466,722,488","-728,709,564,209","ESTACION DE SERVICIO DE GNCV","GNV","1","321","213","2,545.54"
"2021 May 30 12:00:00 AM","2,021","5","30","15,150","BOYACA","TUNJA","55,184,726,715","-733,780,212,402","ESTACION DE SERVICIO DE GNCV","GNV","3","257","211","2,635.03"
"2021 May 20 12:00:00 AM","2,021","5","20","15,151","BOYACA","CHIQUINQUIRA","56,224,880,219","-738,042,449,951","ESTACION DE SERVICIO DE GNCV","GNV","2","555","368","4,189.39"
"2021 May 03 12:00:00 AM","2,021","5","3","15,150","BOYACA","TUNJA","55,184,726,715","-733,780,212,402","ESTACION DE SERVICIO DE GNCV","GNV","3","228","195","2,487.89"
"2021 May 30 12:00:00 AM","2,021","5","30","15,157","BOYACA","SOGAMOSO","56,466,722,488","-728,709,564,209","ESTACION DE SERVICIO DE GNCV","GNV","1","276","175","2,161.68"
"2021 May 14 12:00:00 AM","2,021","5","14","15,151","BOYACA","CHIQUINQUIRA","56,224,880,219","-738,042,449,951","ESTACION DE SERVICIO DE GNCV","GNV","2","588","393","4,676.86"
"2021 May 01 12:00:00 AM","2,021","5","1","15,157","BOYACA","SOGAMOSO","56,466,722,488","-728,709,564,209","ESTACION DE SERVICIO DE GNCV","GNV","1","155","81","1,176.03"
"2021 May 27 12:00:00 AM","2,021","5","27","15,157","BOYACA","SOGAMOSO","56,466,722,488","-728,709,564,209","ESTACION DE SERVICIO DE GNCV","GNV","1","320","225","2,816.87"
"2021 May 18 12:00:00 AM","2,021","5","18","15,150","BOYACA","TUNJA","55,184,726,715","-733,780,212,402","ESTACION DE SERVICIO DE GNCV","GNV","3","358","287","3,853.62"
"2021 May 20 12:00:00 AM","2,021","5","20","15,152","BOYACA","DUITAMA","58,906,025,887","-730,670,928,955","ESTACION DE SERVICIO DE GNCV","GNV","2","255","200","2,348.42"
"2021 May 31 12:00:00 AM","2,021","5","31","15,150","BOYACA","TUNJA","55,184,726,715","-733,780,212,402","ESTACION DE SERVICIO DE GNCV","GNV","3","313","245","3,366.93"
"2021 May 03 12:00:00 AM","2,021","5","3","15,152","BOYACA","DUITAMA","58,906,025,887","-730,670,928,955","ESTACION DE SERVICIO DE GNCV","GNV","2","243","194","2,446.19"
"2021 May 19 12:00:00 AM","2,021","5","19","15,152","BOYACA","DUITAMA","58,906,025,887","-730,670,928,955","ESTACION DE SERVICIO DE GNCV","GNV","2","222","174","2,070.44"
"2021 May 06 12:00:00 AM","2,021","5","6","15,152","BOYACA","DUITAMA","58,906,025,887","-730,670,928,955","ESTACION DE SERVICIO DE GNCV","GNV","2","255","185","2,617.19"
"2021 May 07 12:00:00 AM","2,021","5","7","15,150","BOYACA","TUNJA","55,184,726,715","-733,780,212,402","ESTACION DE SERVICIO DE GNCV","GNV","3","307","240","3,019.64"
"2021 May 19 12:00:00 AM","2,021","5","19","15,157","BOYACA","SOGAMOSO","56,466,722,488","-728,709,564,209","ESTACION DE SERVICIO DE GNCV","GNV","1","277","204","2,292.55"
"2021 May 27 12:00:00 AM","2,021","5","27","15,152","BOYACA","DUITAMA","58,906,025,887","-730,670,928,955","ESTACION DE SERVICIO DE GNCV","GNV","2","267","202","3,972.68"
"2021 May 04 12:00:00 AM","2,021","5","4","15,152","BOYACA","DUITAMA","58,906,025,887","-730,670,928,955","ESTACION DE SERVICIO DE GNCV","GNV","2","299","224","2,919.29"
"2021 May 01 12:00:00 AM","2,021","5","1","15,152","BOYACA","DUITAMA","58,906,025,887","-730,670,928,955","ESTACION DE SERVICIO DE GNCV","GNV","2","174","117","1,774.96"
"2021 May 15 12:00:00 AM","2,021","5","15","15,151","BOYACA","CHIQUINQUIRA","56,224,880,219","-738,042,449,951","ESTACION DE SERVICIO DE GNCV","GNV","2","631","398","4,817.55"
"2021 May 17 12:00:00 AM","2,021","5","17","15,151","BOYACA","CHIQUINQUIRA","56,224,880,219","-738,042,449,951","ESTACION DE SERVICIO DE GNCV","GNV","2","522","359","4,093.74"
"2021 May 28 12:00:00 AM","2,021","5","28","15,157","BOYACA","SOGAMOSO","56,466,722,488","-728,709,564,209","ESTACION DE SERVICIO DE GNCV","GNV","1","309","211","2,561.74"
"2021 May 11 12:00:00 AM","2,021","5","11","15,150","BOYACA","TUNJA","55,184,726,715","-733,780,212,402","ESTACION DE SERVICIO DE GNCV","GNV","3","304","247","3,302.97"
"2021 May 22 12:00:00 AM","2,021","5","22","15,150","BOYACA","TUNJA","55,184,726,715","-733,780,212,402","ESTACION DE SERVICIO DE GNCV","GNV","3","366","290","3,852.39"
"2021 May 26 12:00:00 AM","2,021","5","26","15,151","BOYACA","CHIQUINQUIRA","56,224,880,219","-738,042,449,951","ESTACION DE SERVICIO DE GNCV","GNV","2","569","382","4,278.12"
"2021 May 17 12:00:00 AM","2,021","5","17","15,157","BOYACA","SOGAMOSO","56,466,722,488","-728,709,564,209","ESTACION DE SERVICIO DE GNCV","GNV","1","240","179","2,006.83"
"2021 May 06 12:00:00 AM","2,021","5","6","15,150","BOYACA","TUNJA","55,184,726,715","-733,780,212,402","ESTACION DE SERVICIO DE GNCV","GNV","3","285","221","2,885.99"
"2021 May 12 12:00:00 AM","2,021","5","12","15,157","BOYACA","SOGAMOSO","56,466,722,488","-728,709,564,209","ESTACION DE SERVICIO DE GNCV","GNV","1","197","158","1.588"
"2021 May 02 12:00:00 AM","2,021","5","2","15,157","BOYACA","SOGAMOSO","56,466,722,488","-728,709,564,209","ESTACION DE SERVICIO DE GNCV","GNV","1","170","102","1,365.31"
"2021 May 24 12:00:00 AM","2,021","5","24","15,150","BOYACA","TUNJA","55,184,726,715","-733,780,212,402","ESTACION DE SERVICIO DE GNCV","GNV","3","302","252","3,189.77"
"2021 May 16 12:00:00 AM","2,021","5","16","15,157","BOYACA","SOGAMOSO","56,466,722,488","-728,709,564,209","ESTACION DE SERVICIO DE GNCV","GNV","1","261","172","2,132.85"
"2021 May 18 12:00:00 AM","2,021","5","18","15,151","BOYACA","CHIQUINQUIRA","56,224,880,219","-738,042,449,951","ESTACION DE SERVICIO DE GNCV","GNV","2","619","420","5,062.4"
"2021 May 26 12:00:00 AM","2,021","5","26","15,152","BOYACA","DUITAMA","58,906,025,887","-730,670,928,955","ESTACION DE SERVICIO DE GNCV","GNV","2","280","205","3,030.37"
"2021 May 21 12:00:00 AM","2,021","5","21","15,152","BOYACA","DUITAMA","58,906,025,887","-730,670,928,955","ESTACION DE SERVICIO DE GNCV","GNV","2","279","211","3,354.29"
"2021 May 02 12:00:00 AM","2,021","5","2","15,152","BOYACA","DUITAMA","58,906,025,887","-730,670,928,955","ESTACION DE SERVICIO DE GNCV","GNV","2","154","105","1,645.52"
"2021 May 24 12:00:00 AM","2,021","5","24","15,157","BOYACA","SOGAMOSO","56,466,722,488","-728,709,564,209","ESTACION DE SERVICIO DE GNCV","GNV","1","331","243","2,759.31"
"2021 Apr 15 12:00:00 AM","2,021","4","15","15,152","BOYACA","DUITAMA","58,906,025,887","-730,670,928,955","ESTACION DE SERVICIO DE GNCV","GNV","2","271","205","2,522.02"
"2021 Apr 02 12:00:00 AM","2,021","4","2","15,150","BOYACA","TUNJA","55,184,726,715","-733,780,212,402","ESTACION DE SERVICIO DE GNCV","GNV","4","244","183","2,055.24"
"2021 Apr 08 12:00:00 AM","2,021","4","8","15,157","BOYACA","SOGAMOSO","56,466,722,488","-728,709,564,209","ESTACION DE SERVICIO DE GNCV","GNV","1","321","227","2,804.89"
"2021 Apr 24 12:00:00 AM","2,021","4","24","15,157","BOYACA","SOGAMOSO","56,466,722,488","-728,709,564,209","ESTACION DE SERVICIO DE GNCV","GNV","1","335","215","2,833.32"
"2021 Apr 07 12:00:00 AM","2,021","4","7","15,151","BOYACA","CHIQUINQUIRA","56,224,880,219","-738,042,449,951","ESTACION DE SERVICIO DE GNCV","GNV","2","633","401","4,864.25"
"2021 Apr 03 12:00:00 AM","2,021","4","3","15,151","BOYACA","CHIQUINQUIRA","56,224,880,219","-738,042,449,951","ESTACION DE SERVICIO DE GNCV","GNV","2","695","405","5,329.72"
"2021 Apr 15 12:00:00 AM","2,021","4","15","15,151","BOYACA","CHIQUINQUIRA","56,224,880,219","-738,042,449,951","ESTACION DE SERVICIO DE GNCV","GNV","2","555","363","4,141.87"
"2021 Apr 27 12:00:00 AM","2,021","4","27","15,151","BOYACA","CHIQUINQUIRA","56,224,880,219","-738,042,449,951","ESTACION DE SERVICIO DE GNCV","GNV","2","648","433","5,690.07"
"2021 Apr 14 12:00:00 AM","2,021","4","14","15,152","BOYACA","DUITAMA","58,906,025,887","-730,670,928,955","ESTACION DE SERVICIO DE GNCV","GNV","2","266","214","3,380.08"
"2021 Apr 20 12:00:00 AM","2,021","4","20","15,151","BOYACA","CHIQUINQUIRA","56,224,880,219","-738,042,449,951","ESTACION DE SERVICIO DE GNCV","GNV","2","594","392","4,598.67"
"2021 Apr 08 12:00:00 AM","2,021","4","8","15,152","BOYACA","DUITAMA","58,906,025,887","-730,670,928,955","ESTACION DE SERVICIO DE GNCV","GNV","2","275","201","3,219.47"
"2021 Apr 26 12:00:00 AM","2,021","4","26","15,151","BOYACA","CHIQUINQUIRA","56,224,880,219","-738,042,449,951","ESTACION DE SERVICIO DE GNCV","GNV","2","589","399","4,742.24"
"2021 Apr 06 12:00:00 AM","2,021","4","6","15,150","BOYACA","TUNJA","55,184,726,715","-733,780,212,402","ESTACION DE SERVICIO DE GNCV","GNV","3","342","277","3,491.92"
"2021 Apr 24 12:00:00 AM","2,021","4","24","15,151","BOYACA","CHIQUINQUIRA","56,224,880,219","-738,042,449,951","ESTACION DE SERVICIO DE GNCV","GNV","2","620","386","4,813.44"
"2021 Apr 29 12:00:00 AM","2,021","4","29","15,151","BOYACA","CHIQUINQUIRA","56,224,880,219","-738,042,449,951","ESTACION DE SERVICIO DE GNCV","GNV","2","648","399","5,017.55"
"2021 Apr 02 12:00:00 AM","2,021","4","2","15,151","BOYACA","CHIQUINQUIRA","56,224,880,219","-738,042,449,951","ESTACION DE SERVICIO DE GNCV","GNV","2","334","216","2,411.63"
"2021 Apr 04 12:00:00 AM","2,021","4","4","15,151","BOYACA","CHIQUINQUIRA","56,224,880,219","-738,042,449,951","ESTACION DE SERVICIO DE GNCV","GNV","2","696","401","5,608.9"
"2021 Apr 10 12:00:00 AM","2,021","4","10","15,150","BOYACA","TUNJA","55,184,726,715","-733,780,212,402","ESTACION DE SERVICIO DE GNCV","GNV","3","227","186","2,382.46"
"2021 Apr 19 12:00:00 AM","2,021","4","19","15,150","BOYACA","TUNJA","55,184,726,715","-733,780,212,402","ESTACION DE SERVICIO DE GNCV","GNV","3","368","285","3,877.26"
"2021 Apr 03 12:00:00 AM","2,021","4","3","15,157","BOYACA","SOGAMOSO","56,466,722,488","-728,709,564,209","ESTACION DE SERVICIO DE GNCV","GNV","1","262","185","2,070.14"
"2021 Apr 01 12:00:00 AM","2,021","4","1","15,151","BOYACA","CHIQUINQUIRA","56,224,880,219","-738,042,449,951","ESTACION DE SERVICIO DE GNCV","GNV","2","647","401","4,795.09"
"2021 Apr 18 12:00:00 AM","2,021","4","18","15,152","BOYACA","DUITAMA","58,906,025,887","-730,670,928,955","ESTACION DE SERVICIO DE GNCV","GNV","2","210","148","2,782.54"
"2021 Apr 01 12:00:00 AM","2,021","4","1","15,150","BOYACA","TUNJA","55,184,726,715","-733,780,212,402","ESTACION DE SERVICIO DE GNCV","GNV","4","514","392","5,099.5"
"2021 Apr 19 12:00:00 AM","2,021","4","19","15,151","BOYACA","CHIQUINQUIRA","56,224,880,219","-738,042,449,951","ESTACION DE SERVICIO DE GNCV","GNV","2","586","397","4,619.56"
"2021 Apr 17 12:00:00 AM","2,021","4","17","15,152","BOYACA","DUITAMA","58,906,025,887","-730,670,928,955","ESTACION DE SERVICIO DE GNCV","GNV","2","275","199","2,871.81"
"2021 Apr 05 12:00:00 AM","2,021","4","5","15,157","BOYACA","SOGAMOSO","56,466,722,488","-728,709,564,209","ESTACION DE SERVICIO DE GNCV","GNV","1","347","241","3,077.7"
"2021 Apr 09 12:00:00 AM","2,021","4","9","15,151","BOYACA","CHIQUINQUIRA","56,224,880,219","-738,042,449,951","ESTACION DE SERVICIO DE GNCV","GNV","2","755","403","6,156.63"
"2021 Apr 11 12:00:00 AM","2,021","4","11","15,157","BOYACA","SOGAMOSO","56,466,722,488","-728,709,564,209","ESTACION DE SERVICIO DE GNCV","GNV","1","245","154","1,799.04"
"2021 Apr 18 12:00:00 AM","2,021","4","18","15,157","BOYACA","SOGAMOSO","56,466,722,488","-728,709,564,209","ESTACION DE SERVICIO DE GNCV","GNV","1","304","187","2,345.08"
"2021 Apr 29 12:00:00 AM","2,021","4","29","15,152","BOYACA","DUITAMA","58,906,025,887","-730,670,928,955","ESTACION DE SERVICIO DE GNCV","GNV","2","264","194","2,843.75"
"2021 Apr 16 12:00:00 AM","2,021","4","16","15,150","BOYACA","TUNJA","55,184,726,715","-733,780,212,402","ESTACION DE SERVICIO DE GNCV","GNV","3","390","295","3,857.9"
"2021 Apr 12 12:00:00 AM","2,021","4","12","15,157","BOYACA","SOGAMOSO","56,466,722,488","-728,709,564,209","ESTACION DE SERVICIO DE GNCV","GNV","1","299","227","2,575.23"
"2021 Apr 26 12:00:00 AM","2,021","4","26","15,150","BOYACA","TUNJA","55,184,726,715","-733,780,212,402","ESTACION DE SERVICIO DE GNCV","GNV","3","349","284","3,568.52"
"2021 Apr 13 12:00:00 AM","2,021","4","13","15,152","BOYACA","DUITAMA","58,906,025,887","-730,670,928,955","ESTACION DE SERVICIO DE GNCV","GNV","2","266","207","2,727.6"
"2021 Apr 24 12:00:00 AM","2,021","4","24","15,150","BOYACA","TUNJA","55,184,726,715","-733,780,212,402","ESTACION DE SERVICIO DE GNCV","GNV","3","310","242","3,238.91"
"2021 Apr 02 12:00:00 AM","2,021","4","2","15,157","BOYACA","SOGAMOSO","56,466,722,488","-728,709,564,209","ESTACION DE SERVICIO DE GNCV","GNV","1","165","113","1,235.86"
"2021 Apr 03 12:00:00 AM","2,021","4","3","15,150","BOYACA","TUNJA","55,184,726,715","-733,780,212,402","ESTACION DE SERVICIO DE GNCV","GNV","3","275","231","2,726.87"
"2021 Apr 22 12:00:00 AM","2,021","4","22","15,157","BOYACA","SOGAMOSO","56,466,722,488","-728,709,564,209","ESTACION DE SERVICIO DE GNCV","GNV","1","269","169","2,116.82"
"2021 Apr 06 12:00:00 AM","2,021","4","6","15,157","BOYACA","SOGAMOSO","56,466,722,488","-728,709,564,209","ESTACION DE SERVICIO DE GNCV","GNV","1","309","227","2,549.03"
"2021 Apr 29 12:00:00 AM","2,021","4","29","15,150","BOYACA","TUNJA","55,184,726,715","-733,780,212,402","ESTACION DE SERVICIO DE GNCV","GNV","3","318","251","3,619.07"
"2021 Apr 10 12:00:00 AM","2,021","4","10","15,152","BOYACA","DUITAMA","58,906,025,887","-730,670,928,955","ESTACION DE SERVICIO DE GNCV","GNV","2","226","165","2,232.72"
"2021 Apr 09 12:00:00 AM","2,021","4","9","15,150","BOYACA","TUNJA","55,184,726,715","-733,780,212,402","ESTACION DE SERVICIO DE GNCV","GNV","3","423","298","4,399.83"
"2021 Apr 07 12:00:00 AM","2,021","4","7","15,157","BOYACA","SOGAMOSO","56,466,722,488","-728,709,564,209","ESTACION DE SERVICIO DE GNCV","GNV","1","305","216","2,855.53"
"2021 Apr 22 12:00:00 AM","2,021","4","22","15,151","BOYACA","CHIQUINQUIRA","56,224,880,219","-738,042,449,951","ESTACION DE SERVICIO DE GNCV","GNV","2","587","374","4,484.7"
"2021 Apr 16 12:00:00 AM","2,021","4","16","15,157","BOYACA","SOGAMOSO","56,466,722,488","-728,709,564,209","ESTACION DE SERVICIO DE GNCV","GNV","1","339","232","2,833.32"
"2021 Apr 11 12:00:00 AM","2,021","4","11","15,151","BOYACA","CHIQUINQUIRA","56,224,880,219","-738,042,449,951","ESTACION DE SERVICIO DE GNCV","GNV","2","446","295","3,198.85"
"2021 Apr 21 12:00:00 AM","2,021","4","21","15,157","BOYACA","SOGAMOSO","56,466,722,488","-728,709,564,209","ESTACION DE SERVICIO DE GNCV","GNV","1","324","231","2,867.42"
"2021 Apr 28 12:00:00 AM","2,021","4","28","15,150","BOYACA","TUNJA","55,184,726,715","-733,780,212,402","ESTACION DE SERVICIO DE GNCV","GNV","3","227","183","2,256.33"
"2021 Apr 30 12:00:00 AM","2,021","4","30","15,152","BOYACA","DUITAMA","58,906,025,887","-730,670,928,955","ESTACION DE SERVICIO DE GNCV","GNV","2","295","222","3,480.09"
"2021 Apr 22 12:00:00 AM","2,021","4","22","15,152","BOYACA","DUITAMA","58,906,025,887","-730,670,928,955","ESTACION DE SERVICIO DE GNCV","GNV","2","261","205","2,934.86"
"2021 Apr 12 12:00:00 AM","2,021","4","12","15,150","BOYACA","TUNJA","55,184,726,715","-733,780,212,402","ESTACION DE SERVICIO DE GNCV","GNV","3","304","255","3,211.95"
"2021 Apr 23 12:00:00 AM","2,021","4","23","15,151","BOYACA","CHIQUINQUIRA","56,224,880,219","-738,042,449,951","ESTACION DE SERVICIO DE GNCV","GNV","2","620","397","4,691.62"
"2021 Apr 30 12:00:00 AM","2,021","4","30","15,157","BOYACA","SOGAMOSO","56,466,722,488","-728,709,564,209","ESTACION DE SERVICIO DE GNCV","GNV","1","366","227","2,922.51"
"2021 Apr 19 12:00:00 AM","2,021","4","19","15,157","BOYACA","SOGAMOSO","56,466,722,488","-728,709,564,209","ESTACION DE SERVICIO DE GNCV","GNV","1","320","221","2,788.04"
"2021 Apr 13 12:00:00 AM","2,021","4","13","15,150","BOYACA","TUNJA","55,184,726,715","-733,780,212,402","ESTACION DE SERVICIO DE GNCV","GNV","3","350","279","3,522.12"
"2021 Apr 11 12:00:00 AM","2,021","4","11","15,150","BOYACA","TUNJA","55,184,726,715","-733,780,212,402","ESTACION DE SERVICIO DE GNCV","GNV","3","162","132","1,546.1"
"2021 Apr 15 12:00:00 AM","2,021","4","15","15,157","BOYACA","SOGAMOSO","56,466,722,488","-728,709,564,209","ESTACION DE SERVICIO DE GNCV","GNV","1","308","225","2,812.74"
"2021 Apr 26 12:00:00 AM","2,021","4","26","15,152","BOYACA","DUITAMA","58,906,025,887","-730,670,928,955","ESTACION DE SERVICIO DE GNCV","GNV","2","280","221","3,189.65"
"2021 Apr 04 12:00:00 AM","2,021","4","4","15,150","BOYACA","TUNJA","55,184,726,715","-733,780,212,402","ESTACION DE SERVICIO DE GNCV","GNV","3","295","250","3,001.52"
"2021 Apr 12 12:00:00 AM","2,021","4","12","15,152","BOYACA","DUITAMA","58,906,025,887","-730,670,928,955","ESTACION DE SERVICIO DE GNCV","GNV","2","283","223","4,209.07"
"2021 Apr 23 12:00:00 AM","2,021","4","23","15,150","BOYACA","TUNJA","55,184,726,715","-733,780,212,402","ESTACION DE SERVICIO DE GNCV","GNV","3","367","290","3,756.15"
"2021 Apr 16 12:00:00 AM","2,021","4","16","15,151","BOYACA","CHIQUINQUIRA","56,224,880,219","-738,042,449,951","ESTACION DE SERVICIO DE GNCV","GNV","2","600","383","4,553.93"
"2021 Apr 16 12:00:00 AM","2,021","4","16","15,152","BOYACA","DUITAMA","58,906,025,887","-730,670,928,955","ESTACION DE SERVICIO DE GNCV","GNV","2","293","222","3,859.44"
"2021 Apr 10 12:00:00 AM","2,021","4","10","15,157","BOYACA","SOGAMOSO","56,466,722,488","-728,709,564,209","ESTACION DE SERVICIO DE GNCV","GNV","1","332","211","2,765.28"
"2021 Apr 05 12:00:00 AM","2,021","4","5","15,150","BOYACA","TUNJA","55,184,726,715","-733,780,212,402","ESTACION DE SERVICIO DE GNCV","GNV","3","359","286","3,620.73"
"2021 Apr 18 12:00:00 AM","2,021","4","18","15,150","BOYACA","TUNJA","55,184,726,715","-733,780,212,402","ESTACION DE SERVICIO DE GNCV","GNV","3","250","199","2,392.8"
"2021 Apr 08 12:00:00 AM","2,021","4","8","15,150","BOYACA","TUNJA","55,184,726,715","-733,780,212,402","ESTACION DE SERVICIO DE GNCV","GNV","3","443","265","4,827.12"
"2021 Apr 30 12:00:00 AM","2,021","4","30","15,151","BOYACA","CHIQUINQUIRA","56,224,880,219","-738,042,449,951","ESTACION DE SERVICIO DE GNCV","GNV","2","620","381","4,851.4"
"2021 Apr 01 12:00:00 AM","2,021","4","1","15,157","BOYACA","SOGAMOSO","56,466,722,488","-728,709,564,209","ESTACION DE SERVICIO DE GNCV","GNV","1","323","201","2,471.98"
"2021 Apr 20 12:00:00 AM","2,021","4","20","15,157","BOYACA","SOGAMOSO","56,466,722,488","-728,709,564,209","ESTACION DE SERVICIO DE GNCV","GNV","1","341","238","2,730.08"
"2021 Apr 27 12:00:00 AM","2,021","4","27","15,150","BOYACA","TUNJA","55,184,726,715","-733,780,212,402","ESTACION DE SERVICIO DE GNCV","GNV","3","338","267","3,567.44"
"2021 Apr 02 12:00:00 AM","2,021","4","2","15,152","BOYACA","DUITAMA","58,906,025,887","-730,670,928,955","ESTACION DE SERVICIO DE GNCV","GNV","2","138","107","2,315.51"
"2021 Apr 28 12:00:00 AM","2,021","4","28","15,151","BOYACA","CHIQUINQUIRA","56,224,880,219","-738,042,449,951","ESTACION DE SERVICIO DE GNCV","GNV","2","572","378","4,534.46"
"2021 Apr 01 12:00:00 AM","2,021","4","1","15,152","BOYACA","DUITAMA","58,906,025,887","-730,670,928,955","ESTACION DE SERVICIO DE GNCV","GNV","2","232","165","2,045.97"
"2021 Apr 17 12:00:00 AM","2,021","4","17","15,157","BOYACA","SOGAMOSO","56,466,722,488","-728,709,564,209","ESTACION DE SERVICIO DE GNCV","GNV","1","350","215","2,833.41"
"2021 Apr 14 12:00:00 AM","2,021","4","14","15,157","BOYACA","SOGAMOSO","56,466,722,488","-728,709,564,209","ESTACION DE SERVICIO DE GNCV","GNV","1","299","212","2,724.44"
"2021 Apr 25 12:00:00 AM","2,021","4","25","15,152","BOYACA","DUITAMA","58,906,025,887","-730,670,928,955","ESTACION DE SERVICIO DE GNCV","GNV","2","199","151","2,566.4"
"2021 Apr 07 12:00:00 AM","2,021","4","7","15,152","BOYACA","DUITAMA","58,906,025,887","-730,670,928,955","ESTACION DE SERVICIO DE GNCV","GNV","2","297","221","3,358.26"
"2021 Apr 24 12:00:00 AM","2,021","4","24","15,152","BOYACA","DUITAMA","58,906,025,887","-730,670,928,955","ESTACION DE SERVICIO DE GNCV","GNV","2","301","219","3,310.03"
"2021 Apr 21 12:00:00 AM","2,021","4","21","15,152","BOYACA","DUITAMA","58,906,025,887","-730,670,928,955","ESTACION DE SERVICIO DE GNCV","GNV","2","274","219","3,355.18"
"2021 Apr 23 12:00:00 AM","2,021","4","23","15,157","BOYACA","SOGAMOSO","56,466,722,488","-728,709,564,209","ESTACION DE SERVICIO DE GNCV","GNV","1","361","241","3,177.17"
"2021 Apr 22 12:00:00 AM","2,021","4","22","15,150","BOYACA","TUNJA","55,184,726,715","-733,780,212,402","ESTACION DE SERVICIO DE GNCV","GNV","3","340","276","3,654.34"
"2021 Apr 09 12:00:00 AM","2,021","4","9","15,157","BOYACA","SOGAMOSO","56,466,722,488","-728,709,564,209","ESTACION DE SERVICIO DE GNCV","GNV","1","394","223","3,412.34"
"2021 Apr 27 12:00:00 AM","2,021","4","27","15,157","BOYACA","SOGAMOSO","56,466,722,488","-728,709,564,209","ESTACION DE SERVICIO DE GNCV","GNV","1","348","238","3,187.62"
"2021 Apr 04 12:00:00 AM","2,021","4","4","15,152","BOYACA","DUITAMA","58,906,025,887","-730,670,928,955","ESTACION DE SERVICIO DE GNCV","GNV","2","258","196","2,670.12"
"2021 Apr 21 12:00:00 AM","2,021","4","21","15,150","BOYACA","TUNJA","55,184,726,715","-733,780,212,402","ESTACION DE SERVICIO DE GNCV","GNV","3","314","243","3,318.82"
"2021 Apr 17 12:00:00 AM","2,021","4","17","15,151","BOYACA","CHIQUINQUIRA","56,224,880,219","-738,042,449,951","ESTACION DE SERVICIO DE GNCV","GNV","2","605","367","4,605.95"
"2021 Apr 10 12:00:00 AM","2,021","4","10","15,151","BOYACA","CHIQUINQUIRA","56,224,880,219","-738,042,449,951","ESTACION DE SERVICIO DE GNCV","GNV","2","586","384","4,580.21"
"2021 Apr 07 12:00:00 AM","2,021","4","7","15,150","BOYACA","TUNJA","55,184,726,715","-733,780,212,402","ESTACION DE SERVICIO DE GNCV","GNV","3","319","234","3,292.2"
"2021 Apr 29 12:00:00 AM","2,021","4","29","15,157","BOYACA","SOGAMOSO","56,466,722,488","-728,709,564,209","ESTACION DE SERVICIO DE GNCV","GNV","1","329","231","3,254.26"
"2021 Apr 26 12:00:00 AM","2,021","4","26","15,157","BOYACA","SOGAMOSO","56,466,722,488","-728,709,564,209","ESTACION DE SERVICIO DE GNCV","GNV","1","326","239","2,712.93"
"2021 Apr 17 12:00:00 AM","2,021","4","17","15,150","BOYACA","TUNJA","55,184,726,715","-733,780,212,402","ESTACION DE SERVICIO DE GNCV","GNV","3","329","262","3,462.68"
"2021 Apr 25 12:00:00 AM","2,021","4","25","15,150","BOYACA","TUNJA","55,184,726,715","-733,780,212,402","ESTACION DE SERVICIO DE GNCV","GNV","3","225","188","2,182.09"
"2021 Apr 13 12:00:00 AM","2,021","4","13","15,157","BOYACA","SOGAMOSO","56,466,722,488","-728,709,564,209","ESTACION DE SERVICIO DE GNCV","GNV","1","309","223","2,514.55"
"2021 Apr 28 12:00:00 AM","2,021","4","28","15,152","BOYACA","DUITAMA","58,906,025,887","-730,670,928,955","ESTACION DE SERVICIO DE GNCV","GNV","2","219","169","2,407.74"
"2021 Apr 21 12:00:00 AM","2,021","4","21","15,151","BOYACA","CHIQUINQUIRA","56,224,880,219","-738,042,449,951","ESTACION DE SERVICIO DE GNCV","GNV","2","587","407","4,736.63"
"2021 Apr 23 12:00:00 AM","2,021","4","23","15,152","BOYACA","DUITAMA","58,906,025,887","-730,670,928,955","ESTACION DE SERVICIO DE GNCV","GNV","2","302","229","3,450.11"
"2021 Apr 14 12:00:00 AM","2,021","4","14","15,151","BOYACA","CHIQUINQUIRA","56,224,880,219","-738,042,449,951","ESTACION DE SERVICIO DE GNCV","GNV","2","606","406","4,980.39"
"2021 Apr 19 12:00:00 AM","2,021","4","19","15,152","BOYACA","DUITAMA","58,906,025,887","-730,670,928,955","ESTACION DE SERVICIO DE GNCV","GNV","2","273","211","3,144.37"
"2021 Apr 03 12:00:00 AM","2,021","4","3","15,152","BOYACA","DUITAMA","58,906,025,887","-730,670,928,955","ESTACION DE SERVICIO DE GNCV","GNV","2","264","200","2,956.06"
"2021 Apr 30 12:00:00 AM","2,021","4","30","15,150","BOYACA","TUNJA","55,184,726,715","-733,780,212,402","ESTACION DE SERVICIO DE GNCV","GNV","3","400","306","4,237.59"
"2021 Apr 09 12:00:00 AM","2,021","4","9","15,152","BOYACA","DUITAMA","58,906,025,887","-730,670,928,955","ESTACION DE SERVICIO DE GNCV","GNV","2","336","216","3,401.68"
"2021 Apr 05 12:00:00 AM","2,021","4","5","15,151","BOYACA","CHIQUINQUIRA","56,224,880,219","-738,042,449,951","ESTACION DE SERVICIO DE GNCV","GNV","2","745","415","6,081.1"
"2021 Apr 25 12:00:00 AM","2,021","4","25","15,151","BOYACA","CHIQUINQUIRA","56,224,880,219","-738,042,449,951","ESTACION DE SERVICIO DE GNCV","GNV","2","534","343","3,839.87"
"2021 Apr 08 12:00:00 AM","2,021","4","8","15,151","BOYACA","CHIQUINQUIRA","56,224,880,219","-738,042,449,951","ESTACION DE SERVICIO DE GNCV","GNV","2","579","379","4,518.57"
"2021 Apr 28 12:00:00 AM","2,021","4","28","15,157","BOYACA","SOGAMOSO","56,466,722,488","-728,709,564,209","ESTACION DE SERVICIO DE GNCV","GNV","1","235","163","1,916.06"
"2021 Apr 13 12:00:00 AM","2,021","4","13","15,151","BOYACA","CHIQUINQUIRA","56,224,880,219","-738,042,449,951","ESTACION DE SERVICIO DE GNCV","GNV","2","612","404","5,008.93"
"2021 Apr 15 12:00:00 AM","2,021","4","15","15,150","BOYACA","TUNJA","55,184,726,715","-733,780,212,402","ESTACION DE SERVICIO DE GNCV","GNV","3","472","370","4,712.15"
"2021 Apr 18 12:00:00 AM","2,021","4","18","15,151","BOYACA","CHIQUINQUIRA","56,224,880,219","-738,042,449,951","ESTACION DE SERVICIO DE GNCV","GNV","2","551","349","4,001.87"
"2021 Apr 04 12:00:00 AM","2,021","4","4","15,157","BOYACA","SOGAMOSO","56,466,722,488","-728,709,564,209","ESTACION DE SERVICIO DE GNCV","GNV","1","316","218","2,512.79"
"2021 Apr 05 12:00:00 AM","2,021","4","5","15,152","BOYACA","DUITAMA","58,906,025,887","-730,670,928,955","ESTACION DE SERVICIO DE GNCV","GNV","2","301","218","3,312.62"
"2021 Apr 20 12:00:00 AM","2,021","4","20","15,150","BOYACA","TUNJA","55,184,726,715","-733,780,212,402","ESTACION DE SERVICIO DE GNCV","GNV","3","351","275","3,672.58"
"2021 Apr 25 12:00:00 AM","2,021","4","25","15,157","BOYACA","SOGAMOSO","56,466,722,488","-728,709,564,209","ESTACION DE SERVICIO DE GNCV","GNV","1","278","179","2,196.75"
"2021 Apr 12 12:00:00 AM","2,021","4","12","15,151","BOYACA","CHIQUINQUIRA","56,224,880,219","-738,042,449,951","ESTACION DE SERVICIO DE GNCV","GNV","2","585","394","4,600.43"
"2021 Apr 11 12:00:00 AM","2,021","4","11","15,152","BOYACA","DUITAMA","58,906,025,887","-730,670,928,955","ESTACION DE SERVICIO DE GNCV","GNV","2","166","125","1,346.22"
"2021 Apr 06 12:00:00 AM","2,021","4","6","15,152","BOYACA","DUITAMA","58,906,025,887","-730,670,928,955","ESTACION DE SERVICIO DE GNCV","GNV","2","314","239","4,312.36"
"2021 Apr 06 12:00:00 AM","2,021","4","6","15,151","BOYACA","CHIQUINQUIRA","56,224,880,219","-738,042,449,951","ESTACION DE SERVICIO DE GNCV","GNV","2","618","403","4,909.01"
"2021 Apr 14 12:00:00 AM","2,021","4","14","15,150","BOYACA","TUNJA","55,184,726,715","-733,780,212,402","ESTACION DE SERVICIO DE GNCV","GNV","3","312","252","3,197.67"
"2021 Apr 20 12:00:00 AM","2,021","4","20","15,152","BOYACA","DUITAMA","58,906,025,887","-730,670,928,955","ESTACION DE SERVICIO DE GNCV","GNV","2","284","210","2,813.02"
"2021 Apr 27 12:00:00 AM","2,021","4","27","15,152","BOYACA","DUITAMA","58,906,025,887","-730,670,928,955","ESTACION DE SERVICIO DE GNCV","GNV","2","276","220","3,092.62"
"2021 Mar 28 12:00:00 AM","2,021","3","28","15,151","BOYACA","CHIQUINQUIRA","56,224,880,219","-738,042,449,951","ESTACION DE SERVICIO DE GNCV","GNV","2","585","372","4,418.97"
"2021 Mar 22 12:00:00 AM","2,021","3","22","15,151","BOYACA","CHIQUINQUIRA","56,224,880,219","-738,042,449,951","ESTACION DE SERVICIO DE GNCV","GNV","2","586","362","5,129.48"
"2021 Mar 28 12:00:00 AM","2,021","3","28","15,150","BOYACA","TUNJA","55,184,726,715","-733,780,212,402","ESTACION DE SERVICIO DE GNCV","GNV","3","273","221","2,913.41"
"2021 Mar 29 12:00:00 AM","2,021","3","29","15,157","BOYACA","SOGAMOSO","56,466,722,488","-728,709,564,209","ESTACION DE SERVICIO DE GNCV","GNV","1","329","228","2,691.09"
"2021 Mar 24 12:00:00 AM","2,021","3","24","15,151","BOYACA","CHIQUINQUIRA","56,224,880,219","-738,042,449,951","ESTACION DE SERVICIO DE GNCV","GNV","2","719","415","6,314.94"
"2021 Mar 08 12:00:00 AM","2,021","3","8","15,151","BOYACA","CHIQUINQUIRA","56,224,880,219","-738,042,449,951","ESTACION DE SERVICIO DE GNCV","GNV","2","737","407","6,041.3"
"2021 Mar 03 12:00:00 AM","2,021","3","3","15,150","BOYACA","TUNJA","55,184,726,715","-733,780,212,402","ESTACION DE SERVICIO DE GNCV","GNV","4","573","409","6,492.62"
"2021 Mar 14 12:00:00 AM","2,021","3","14","15,150","BOYACA","TUNJA","55,184,726,715","-733,780,212,402","ESTACION DE SERVICIO DE GNCV","GNV","3","432","306","4,212.57"
"2021 Mar 06 12:00:00 AM","2,021","3","6","15,151","BOYACA","CHIQUINQUIRA","56,224,880,219","-738,042,449,951","ESTACION DE SERVICIO DE GNCV","GNV","2","723","394","5,563.72"
"2021 Mar 04 12:00:00 AM","2,021","3","4","15,150","BOYACA","TUNJA","55,184,726,715","-733,780,212,402","ESTACION DE SERVICIO DE GNCV","GNV","4","610","435","6,629.21"
"2021 Mar 31 12:00:00 AM","2,021","3","31","15,151","BOYACA","CHIQUINQUIRA","56,224,880,219","-738,042,449,951","ESTACION DE SERVICIO DE GNCV","GNV","2","793","480","6,205.65"
"2021 Mar 02 12:00:00 AM","2,021","3","2","15,151","BOYACA","CHIQUINQUIRA","56,224,880,219","-738,042,449,951","ESTACION DE SERVICIO DE GNCV","GNV","2","675","387","5,619.18"
"2021 Mar 06 12:00:00 AM","2,021","3","6","15,152","BOYACA","DUITAMA","58,906,025,887","-730,670,928,955","ESTACION DE SERVICIO DE GNCV","GNV","2","302","208","2,989.14"
"2021 Mar 01 12:00:00 AM","2,021","3","1","15,157","BOYACA","SOGAMOSO","56,466,722,488","-728,709,564,209","ESTACION DE SERVICIO DE GNCV","GNV","1","325","216","2,782.4"
"2021 Mar 24 12:00:00 AM","2,021","3","24","15,150","BOYACA","TUNJA","55,184,726,715","-733,780,212,402","ESTACION DE SERVICIO DE GNCV","GNV","3","264","216","2,924.97"
"2021 Mar 10 12:00:00 AM","2,021","3","10","15,150","BOYACA","TUNJA","55,184,726,715","-733,780,212,402","ESTACION DE SERVICIO DE GNCV","GNV","4","606","428","7,253.68"
"2021 Mar 30 12:00:00 AM","2,021","3","30","15,152","BOYACA","DUITAMA","58,906,025,887","-730,670,928,955","ESTACION DE SERVICIO DE GNCV","GNV","2","308","220","3,691.65"
"2021 Mar 04 12:00:00 AM","2,021","3","4","15,151","BOYACA","CHIQUINQUIRA","56,224,880,219","-738,042,449,951","ESTACION DE SERVICIO DE GNCV","GNV","2","705","386","5,545.71"
"2021 Mar 29 12:00:00 AM","2,021","3","29","15,152","BOYACA","DUITAMA","58,906,025,887","-730,670,928,955","ESTACION DE SERVICIO DE GNCV","GNV","2","276","215","3,458.27"
"2021 Mar 27 12:00:00 AM","2,021","3","27","15,151","BOYACA","CHIQUINQUIRA","56,224,880,219","-738,042,449,951","ESTACION DE SERVICIO DE GNCV","GNV","2","762","421","6,241.19"
"2021 Mar 21 12:00:00 AM","2,021","3","21","15,151","BOYACA","CHIQUINQUIRA","56,224,880,219","-738,042,449,951","ESTACION DE SERVICIO DE GNCV","GNV","2","643","360","4,819.32"
"2021 Mar 04 12:00:00 AM","2,021","3","4","15,152","BOYACA","DUITAMA","58,906,025,887","-730,670,928,955","ESTACION DE SERVICIO DE GNCV","GNV","2","273","205","3,504.58"
"2021 Mar 22 12:00:00 AM","2,021","3","22","15,152","BOYACA","DUITAMA","58,906,025,887","-730,670,928,955","ESTACION DE SERVICIO DE GNCV","GNV","2","196","157","1,864.33"
"2021 Mar 06 12:00:00 AM","2,021","3","6","15,157","BOYACA","SOGAMOSO","56,466,722,488","-728,709,564,209","ESTACION DE SERVICIO DE GNCV","GNV","1","324","221","2,717.11"
"2021 Mar 26 12:00:00 AM","2,021","3","26","15,152","BOYACA","DUITAMA","58,906,025,887","-730,670,928,955","ESTACION DE SERVICIO DE GNCV","GNV","2","327","236","4,228.74"
"2021 Mar 08 12:00:00 AM","2,021","3","8","15,150","BOYACA","TUNJA","55,184,726,715","-733,780,212,402","ESTACION DE SERVICIO DE GNCV","GNV","4","619","442","6,593.81"
"2021 Mar 21 12:00:00 AM","2,021","3","21","15,152","BOYACA","DUITAMA","58,906,025,887","-730,670,928,955","ESTACION DE SERVICIO DE GNCV","GNV","2","189","142","2,032.29"
"2021 Mar 08 12:00:00 AM","2,021","3","8","15,152","BOYACA","DUITAMA","58,906,025,887","-730,670,928,955","ESTACION DE SERVICIO DE GNCV","GNV","2","300","221","3,022.9"
"2021 Mar 01 12:00:00 AM","2,021","3","1","15,151","BOYACA","CHIQUINQUIRA","56,224,880,219","-738,042,449,951","ESTACION DE SERVICIO DE GNCV","GNV","2","630","390","5,065.66"
"2021 Mar 18 12:00:00 AM","2,021","3","18","15,150","BOYACA","TUNJA","55,184,726,715","-733,780,212,402","ESTACION DE SERVICIO DE GNCV","GNV","3","338","269","3,413.92"
"2021 Mar 18 12:00:00 AM","2,021","3","18","15,157","BOYACA","SOGAMOSO","56,466,722,488","-728,709,564,209","ESTACION DE SERVICIO DE GNCV","GNV","1","282","198","2,449.39"
"2021 Mar 15 12:00:00 AM","2,021","3","15","15,150","BOYACA","TUNJA","55,184,726,715","-733,780,212,402","ESTACION DE SERVICIO DE GNCV","GNV","3","579","397","6,316.97"
"2021 Mar 13 12:00:00 AM","2,021","3","13","15,151","BOYACA","CHIQUINQUIRA","56,224,880,219","-738,042,449,951","ESTACION DE SERVICIO DE GNCV","GNV","2","714","388","6,065.34"
"2021 Mar 23 12:00:00 AM","2,021","3","23","15,151","BOYACA","CHIQUINQUIRA","56,224,880,219","-738,042,449,951","ESTACION DE SERVICIO DE GNCV","GNV","2","732","404","6,028.55"
"2021 Mar 09 12:00:00 AM","2,021","3","9","15,157","BOYACA","SOGAMOSO","56,466,722,488","-728,709,564,209","ESTACION DE SERVICIO DE GNCV","GNV","1","309","213","2,608.85"
"2021 Mar 29 12:00:00 AM","2,021","3","29","15,151","BOYACA","CHIQUINQUIRA","56,224,880,219","-738,042,449,951","ESTACION DE SERVICIO DE GNCV","GNV","2","609","406","5,578.71"
"2021 Mar 23 12:00:00 AM","2,021","3","23","15,157","BOYACA","SOGAMOSO","56,466,722,488","-728,709,564,209","ESTACION DE SERVICIO DE GNCV","GNV","1","302","221","2,536.09"
"2021 Mar 07 12:00:00 AM","2,021","3","7","15,157","BOYACA","SOGAMOSO","56,466,722,488","-728,709,564,209","ESTACION DE SERVICIO DE GNCV","GNV","1","301","186","2,383.49"
"2021 Mar 10 12:00:00 AM","2,021","3","10","15,151","BOYACA","CHIQUINQUIRA","56,224,880,219","-738,042,449,951","ESTACION DE SERVICIO DE GNCV","GNV","2","703","398","5,644.79"
"2021 Mar 29 12:00:00 AM","2,021","3","29","15,150","BOYACA","TUNJA","55,184,726,715","-733,780,212,402","ESTACION DE SERVICIO DE GNCV","GNV","3","309","241","3,026.49"
"2021 Mar 12 12:00:00 AM","2,021","3","12","15,151","BOYACA","CHIQUINQUIRA","56,224,880,219","-738,042,449,951","ESTACION DE SERVICIO DE GNCV","GNV","2","665","405","5,254.86"
"2021 Mar 13 12:00:00 AM","2,021","3","13","15,150","BOYACA","TUNJA","55,184,726,715","-733,780,212,402","ESTACION DE SERVICIO DE GNCV","GNV","4","594","423","6,694.88"
"2021 Mar 22 12:00:00 AM","2,021","3","22","15,157","BOYACA","SOGAMOSO","56,466,722,488","-728,709,564,209","ESTACION DE SERVICIO DE GNCV","GNV","1","264","198","2,107.57"
"2021 Mar 16 12:00:00 AM","2,021","3","16","15,151","BOYACA","CHIQUINQUIRA","56,224,880,219","-738,042,449,951","ESTACION DE SERVICIO DE GNCV","GNV","2","710","397","5,539.03"
"2021 Mar 12 12:00:00 AM","2,021","3","12","15,157","BOYACA","SOGAMOSO","56,466,722,488","-728,709,564,209","ESTACION DE SERVICIO DE GNCV","GNV","1","307","210","2,517.49"
"2021 Mar 11 12:00:00 AM","2,021","3","11","15,151","BOYACA","CHIQUINQUIRA","56,224,880,219","-738,042,449,951","ESTACION DE SERVICIO DE GNCV","GNV","2","732","409","6,093.01"
"2021 Mar 26 12:00:00 AM","2,021","3","26","15,157","BOYACA","SOGAMOSO","56,466,722,488","-728,709,564,209","ESTACION DE SERVICIO DE GNCV","GNV","1","334","226","2,874.92"
"2021 Mar 02 12:00:00 AM","2,021","3","2","15,157","BOYACA","SOGAMOSO","56,466,722,488","-728,709,564,209","ESTACION DE SERVICIO DE GNCV","GNV","1","324","218","2,774.39"
"2021 Mar 18 12:00:00 AM","2,021","3","18","15,152","BOYACA","DUITAMA","58,906,025,887","-730,670,928,955","ESTACION DE SERVICIO DE GNCV","GNV","2","243","189","2,959.48"
"2021 Mar 13 12:00:00 AM","2,021","3","13","15,152","BOYACA","DUITAMA","58,906,025,887","-730,670,928,955","ESTACION DE SERVICIO DE GNCV","GNV","2","249","173","2,379.8"
"2021 Mar 03 12:00:00 AM","2,021","3","3","15,151","BOYACA","CHIQUINQUIRA","56,224,880,219","-738,042,449,951","ESTACION DE SERVICIO DE GNCV","GNV","2","697","404","5,718.04"
"2021 Mar 16 12:00:00 AM","2,021","3","16","15,152","BOYACA","DUITAMA","58,906,025,887","-730,670,928,955","ESTACION DE SERVICIO DE GNCV","GNV","2","243","186","2,987.1"
"2021 Mar 09 12:00:00 AM","2,021","3","9","15,152","BOYACA","DUITAMA","58,906,025,887","-730,670,928,955","ESTACION DE SERVICIO DE GNCV","GNV","2","265","198","3,296.71"
"2021 Mar 07 12:00:00 AM","2,021","3","7","15,152","BOYACA","DUITAMA","58,906,025,887","-730,670,928,955","ESTACION DE SERVICIO DE GNCV","GNV","2","221","158","2,174.31"
"2021 Mar 25 12:00:00 AM","2,021","3","25","15,152","BOYACA","DUITAMA","58,906,025,887","-730,670,928,955","ESTACION DE SERVICIO DE GNCV","GNV","2","216","155","2,201.96"
"2021 Mar 17 12:00:00 AM","2,021","3","17","15,157","BOYACA","SOGAMOSO","56,466,722,488","-728,709,564,209","ESTACION DE SERVICIO DE GNCV","GNV","1","290","201","2,453.19"
"2021 Mar 05 12:00:00 AM","2,021","3","5","15,151","BOYACA","CHIQUINQUIRA","56,224,880,219","-738,042,449,951","ESTACION DE SERVICIO DE GNCV","GNV","2","711","394","5,674.28"
"2021 Mar 23 12:00:00 AM","2,021","3","23","15,152","BOYACA","DUITAMA","58,906,025,887","-730,670,928,955","ESTACION DE SERVICIO DE GNCV","GNV","2","244","192","2,615.77"
"2021 Mar 20 12:00:00 AM","2,021","3","20","15,151","BOYACA","CHIQUINQUIRA","56,224,880,219","-738,042,449,951","ESTACION DE SERVICIO DE GNCV","GNV","2","735","410","5,878.23"
"2021 Mar 17 12:00:00 AM","2,021","3","17","15,151","BOYACA","CHIQUINQUIRA","56,224,880,219","-738,042,449,951","ESTACION DE SERVICIO DE GNCV","GNV","2","653","385","5,152.59"
"2021 Mar 26 12:00:00 AM","2,021","3","26","15,151","BOYACA","CHIQUINQUIRA","56,224,880,219","-738,042,449,951","ESTACION DE SERVICIO DE GNCV","GNV","2","755","428","6,258.56"
"2021 Mar 26 12:00:00 AM","2,021","3","26","15,150","BOYACA","TUNJA","55,184,726,715","-733,780,212,402","ESTACION DE SERVICIO DE GNCV","GNV","3","389","289","3,953.6"
"2021 Mar 27 12:00:00 AM","2,021","3","27","15,152","BOYACA","DUITAMA","58,906,025,887","-730,670,928,955","ESTACION DE SERVICIO DE GNCV","GNV","2","282","192","3,006.6"
"2021 Mar 03 12:00:00 AM","2,021","3","3","15,152","BOYACA","DUITAMA","58,906,025,887","-730,670,928,955","ESTACION DE SERVICIO DE GNCV","GNV","2","266","201","2,987.37"
"2021 Mar 20 12:00:00 AM","2,021","3","20","15,152","BOYACA","DUITAMA","58,906,025,887","-730,670,928,955","ESTACION DE SERVICIO DE GNCV","GNV","2","266","192","2,881.51"
"2021 Mar 16 12:00:00 AM","2,021","3","16","15,157","BOYACA","SOGAMOSO","56,466,722,488","-728,709,564,209","ESTACION DE SERVICIO DE GNCV","GNV","1","324","219","2,632.87"
"2021 Mar 27 12:00:00 AM","2,021","3","27","15,157","BOYACA","SOGAMOSO","56,466,722,488","-728,709,564,209","ESTACION DE SERVICIO DE GNCV","GNV","1","363","229","3,022.99"
"2021 Mar 25 12:00:00 AM","2,021","3","25","15,157","BOYACA","SOGAMOSO","56,466,722,488","-728,709,564,209","ESTACION DE SERVICIO DE GNCV","GNV","1","325","234","2,722.88"
"2021 Mar 14 12:00:00 AM","2,021","3","14","15,151","BOYACA","CHIQUINQUIRA","56,224,880,219","-738,042,449,951","ESTACION DE SERVICIO DE GNCV","GNV","2","614","343","4,606.63"
"2021 Mar 05 12:00:00 AM","2,021","3","5","15,152","BOYACA","DUITAMA","58,906,025,887","-730,670,928,955","ESTACION DE SERVICIO DE GNCV","GNV","2","292","212","3,166.85"
"2021 Mar 07 12:00:00 AM","2,021","3","7","15,150","BOYACA","TUNJA","55,184,726,715","-733,780,212,402","ESTACION DE SERVICIO DE GNCV","GNV","4","310","237","3,009.13"
"2021 Mar 16 12:00:00 AM","2,021","3","16","15,150","BOYACA","TUNJA","55,184,726,715","-733,780,212,402","ESTACION DE SERVICIO DE GNCV","GNV","3","553","397","5,998.28"
"2021 Mar 14 12:00:00 AM","2,021","3","14","15,152","BOYACA","DUITAMA","58,906,025,887","-730,670,928,955","ESTACION DE SERVICIO DE GNCV","GNV","2","190","130","2,230.82"
"2021 Mar 03 12:00:00 AM","2,021","3","3","15,157","BOYACA","SOGAMOSO","56,466,722,488","-728,709,564,209","ESTACION DE SERVICIO DE GNCV","GNV","1","291","211","2,443.72"
"2021 Mar 31 12:00:00 AM","2,021","3","31","15,152","BOYACA","DUITAMA","58,906,025,887","-730,670,928,955","ESTACION DE SERVICIO DE GNCV","GNV","2","346","257","3,935.6"
"2021 Mar 30 12:00:00 AM","2,021","3","30","15,157","BOYACA","SOGAMOSO","56,466,722,488","-728,709,564,209","ESTACION DE SERVICIO DE GNCV","GNV","1","358","240","3,006.81"
"2021 Mar 10 12:00:00 AM","2,021","3","10","15,152","BOYACA","DUITAMA","58,906,025,887","-730,670,928,955","ESTACION DE SERVICIO DE GNCV","GNV","2","270","202","3,018.29"
"2021 Mar 07 12:00:00 AM","2,021","3","7","15,151","BOYACA","CHIQUINQUIRA","56,224,880,219","-738,042,449,951","ESTACION DE SERVICIO DE GNCV","GNV","2","635","373","5,054.42"
"2021 Mar 30 12:00:00 AM","2,021","3","30","15,151","BOYACA","CHIQUINQUIRA","56,224,880,219","-738,042,449,951","ESTACION DE SERVICIO DE GNCV","GNV","2","727","473","6,104.38"
"2021 Mar 11 12:00:00 AM","2,021","3","11","15,150","BOYACA","TUNJA","55,184,726,715","-733,780,212,402","ESTACION DE SERVICIO DE GNCV","GNV","4","606","422","6,764.44"
"2021 Mar 11 12:00:00 AM","2,021","3","11","15,152","BOYACA","DUITAMA","58,906,025,887","-730,670,928,955","ESTACION DE SERVICIO DE GNCV","GNV","2","308","201","3,892.31"
"2021 Mar 09 12:00:00 AM","2,021","3","9","15,151","BOYACA","CHIQUINQUIRA","56,224,880,219","-738,042,449,951","ESTACION DE SERVICIO DE GNCV","GNV","2","651","388","5,438.05"
"2021 Mar 25 12:00:00 AM","2,021","3","25","15,151","BOYACA","CHIQUINQUIRA","56,224,880,219","-738,042,449,951","ESTACION DE SERVICIO DE GNCV","GNV","2","719","399","5,722.53"
"2021 Mar 23 12:00:00 AM","2,021","3","23","15,150","BOYACA","TUNJA","55,184,726,715","-733,780,212,402","ESTACION DE SERVICIO DE GNCV","GNV","2","200","164","2,070.85"
"2021 Mar 19 12:00:00 AM","2,021","3","19","15,151","BOYACA","CHIQUINQUIRA","56,224,880,219","-738,042,449,951","ESTACION DE SERVICIO DE GNCV","GNV","2","677","394","5,648.98"
"2021 Mar 02 12:00:00 AM","2,021","3","2","15,152","BOYACA","DUITAMA","58,906,025,887","-730,670,928,955","ESTACION DE SERVICIO DE GNCV","GNV","2","271","194","2,921.07"
"2021 Mar 21 12:00:00 AM","2,021","3","21","15,150","BOYACA","TUNJA","55,184,726,715","-733,780,212,402","ESTACION DE SERVICIO DE GNCV","GNV","2","186","155","1,752.65"
"2021 Mar 05 12:00:00 AM","2,021","3","5","15,150","BOYACA","TUNJA","55,184,726,715","-733,780,212,402","ESTACION DE SERVICIO DE GNCV","GNV","4","718","499","8,156.81"
"2021 Mar 19 12:00:00 AM","2,021","3","19","15,157","BOYACA","SOGAMOSO","56,466,722,488","-728,709,564,209","ESTACION DE SERVICIO DE GNCV","GNV","1","330","224","2,852.78"
"2021 Mar 13 12:00:00 AM","2,021","3","13","15,157","BOYACA","SOGAMOSO","56,466,722,488","-728,709,564,209","ESTACION DE SERVICIO DE GNCV","GNV","1","346","219","2,845.34"
"2021 Mar 19 12:00:00 AM","2,021","3","19","15,150","BOYACA","TUNJA","55,184,726,715","-733,780,212,402","ESTACION DE SERVICIO DE GNCV","GNV","3","350","290","3,622.52"
"2021 Mar 20 12:00:00 AM","2,021","3","20","15,157","BOYACA","SOGAMOSO","56,466,722,488","-728,709,564,209","ESTACION DE SERVICIO DE GNCV","GNV","1","329","215","2,604.95"
"2021 Mar 01 12:00:00 AM","2,021","3","1","15,152","BOYACA","DUITAMA","58,906,025,887","-730,670,928,955","ESTACION DE SERVICIO DE GNCV","GNV","2","276","209","3,184.93"
"2021 Mar 12 12:00:00 AM","2,021","3","12","15,150","BOYACA","TUNJA","55,184,726,715","-733,780,212,402","ESTACION DE SERVICIO DE GNCV","GNV","4","682","456","7,398.66"
"2021 Mar 01 12:00:00 AM","2,021","3","1","15,150","BOYACA","TUNJA","55,184,726,715","-733,780,212,402","ESTACION DE SERVICIO DE GNCV","GNV","4","619","424","7,234.31"
"2021 Mar 24 12:00:00 AM","2,021","3","24","15,152","BOYACA","DUITAMA","58,906,025,887","-730,670,928,955","ESTACION DE SERVICIO DE GNCV","GNV","2","249","189","2,760.08"
"2021 Mar 15 12:00:00 AM","2,021","3","15","15,152","BOYACA","DUITAMA","58,906,025,887","-730,670,928,955","ESTACION DE SERVICIO DE GNCV","GNV","2","257","190","2,956.89"
"2021 Mar 12 12:00:00 AM","2,021","3","12","15,152","BOYACA","DUITAMA","58,906,025,887","-730,670,928,955","ESTACION DE SERVICIO DE GNCV","GNV","2","307","190","3,387.66"
"2021 Mar 17 12:00:00 AM","2,021","3","17","15,150","BOYACA","TUNJA","55,184,726,715","-733,780,212,402","ESTACION DE SERVICIO DE GNCV","GNV","3","394","295","3,868.31"
"2021 Mar 19 12:00:00 AM","2,021","3","19","15,152","BOYACA","DUITAMA","58,906,025,887","-730,670,928,955","ESTACION DE SERVICIO DE GNCV","GNV","2","265","192","3,153.27"
"2021 Mar 10 12:00:00 AM","2,021","3","10","15,157","BOYACA","SOGAMOSO","56,466,722,488","-728,709,564,209","ESTACION DE SERVICIO DE GNCV","GNV","1","258","185","2,393.74"
"2021 Mar 24 12:00:00 AM","2,021","3","24","15,157","BOYACA","SOGAMOSO","56,466,722,488","-728,709,564,209","ESTACION DE SERVICIO DE GNCV","GNV","1","313","219","2,980.06"
"2021 Mar 28 12:00:00 AM","2,021","3","28","15,152","BOYACA","DUITAMA","58,906,025,887","-730,670,928,955","ESTACION DE SERVICIO DE GNCV","GNV","2","238","167","2,703.53"
"2021 Mar 02 12:00:00 AM","2,021","3","2","15,150","BOYACA","TUNJA","55,184,726,715","-733,780,212,402","ESTACION DE SERVICIO DE GNCV","GNV","4","598","425","6,889.61"
"2021 Mar 31 12:00:00 AM","2,021","3","31","15,150","BOYACA","TUNJA","55,184,726,715","-733,780,212,402","ESTACION DE SERVICIO DE GNCV","GNV","4","772","560","8,617.29"
"2021 Mar 04 12:00:00 AM","2,021","3","4","15,157","BOYACA","SOGAMOSO","56,466,722,488","-728,709,564,209","ESTACION DE SERVICIO DE GNCV","GNV","1","321","214","2,718.6"
"2021 Mar 27 12:00:00 AM","2,021","3","27","15,150","BOYACA","TUNJA","55,184,726,715","-733,780,212,402","ESTACION DE SERVICIO DE GNCV","GNV","3","376","309","4,164.34"
"2021 Mar 21 12:00:00 AM","2,021","3","21","15,157","BOYACA","SOGAMOSO","56,466,722,488","-728,709,564,209","ESTACION DE SERVICIO DE GNCV","GNV","1","268","166","2,088.82"
"2021 Mar 14 12:00:00 AM","2,021","3","14","15,157","BOYACA","SOGAMOSO","56,466,722,488","-728,709,564,209","ESTACION DE SERVICIO DE GNCV","GNV","1","264","170","2,044.74"
"2021 Mar 30 12:00:00 AM","2,021","3","30","15,150","BOYACA","TUNJA","55,184,726,715","-733,780,212,402","ESTACION DE SERVICIO DE GNCV","GNV","3","406","320","4,207.12"
"2021 Mar 20 12:00:00 AM","2,021","3","20","15,150","BOYACA","TUNJA","55,184,726,715","-733,780,212,402","ESTACION DE SERVICIO DE GNCV","GNV","3","260","221","2.851"
"2021 Mar 15 12:00:00 AM","2,021","3","15","15,151","BOYACA","CHIQUINQUIRA","56,224,880,219","-738,042,449,951","ESTACION DE SERVICIO DE GNCV","GNV","2","699","394","5,703.7"
"2021 Mar 11 12:00:00 AM","2,021","3","11","15,157","BOYACA","SOGAMOSO","56,466,722,488","-728,709,564,209","ESTACION DE SERVICIO DE GNCV","GNV","1","321","220","2,719.24"
"2021 Mar 28 12:00:00 AM","2,021","3","28","15,157","BOYACA","SOGAMOSO","56,466,722,488","-728,709,564,209","ESTACION DE SERVICIO DE GNCV","GNV","1","281","181","2,152.37"
"2021 Mar 05 12:00:00 AM","2,021","3","5","15,157","BOYACA","SOGAMOSO","56,466,722,488","-728,709,564,209","ESTACION DE SERVICIO DE GNCV","GNV","1","299","204","2,462.41"
"2021 Mar 31 12:00:00 AM","2,021","3","31","15,157","BOYACA","SOGAMOSO","56,466,722,488","-728,709,564,209","ESTACION DE SERVICIO DE GNCV","GNV","1","398","261","3,380.27"
"2021 Mar 17 12:00:00 AM","2,021","3","17","15,152","BOYACA","DUITAMA","58,906,025,887","-730,670,928,955","ESTACION DE SERVICIO DE GNCV","GNV","2","247","180","2,692.58"
"2021 Mar 15 12:00:00 AM","2,021","3","15","15,157","BOYACA","SOGAMOSO","56,466,722,488","-728,709,564,209","ESTACION DE SERVICIO DE GNCV","GNV","1","318","219","2,696.83"
"2021 Mar 25 12:00:00 AM","2,021","3","25","15,150","BOYACA","TUNJA","55,184,726,715","-733,780,212,402","ESTACION DE SERVICIO DE GNCV","GNV","3","369","284","3,860.55"
"2021 Mar 08 12:00:00 AM","2,021","3","8","15,157","BOYACA","SOGAMOSO","56,466,722,488","-728,709,564,209","ESTACION DE SERVICIO DE GNCV","GNV","1","300","211","2,394.34"
"2021 Mar 22 12:00:00 AM","2,021","3","22","15,150","BOYACA","TUNJA","55,184,726,715","-733,780,212,402","ESTACION DE SERVICIO DE GNCV","GNV","2","180","157","1,785.61"
"2021 Mar 18 12:00:00 AM","2,021","3","18","15,151","BOYACA","CHIQUINQUIRA","56,224,880,219","-738,042,449,951","ESTACION DE SERVICIO DE GNCV","GNV","2","676","381","5,458.19"
"2021 Mar 09 12:00:00 AM","2,021","3","9","15,150","BOYACA","TUNJA","55,184,726,715","-733,780,212,402","ESTACION DE SERVICIO DE GNCV","GNV","4","579","418","6,559.68"
"2021 Mar 06 12:00:00 AM","2,021","3","6","15,150","BOYACA","TUNJA","55,184,726,715","-733,780,212,402","ESTACION DE SERVICIO DE GNCV","GNV","4","410","315","4,668.41"
"2021 Feb 27 12:00:00 AM","2,021","2","27","15,151","BOYACA","CHIQUINQUIRA","56,224,880,219","-738,042,449,951","ESTACION DE SERVICIO DE GNCV","GNV","2","709","377","5,621.44"
"2021 Feb 01 12:00:00 AM","2,021","2","1","15,151","BOYACA","CHIQUINQUIRA","56,224,880,219","-738,042,449,951","ESTACION DE SERVICIO DE GNCV","GNV","2","733","381","5,906.42"
"2021 Feb 03 12:00:00 AM","2,021","2","3","15,150","BOYACA","TUNJA","55,184,726,715","-733,780,212,402","ESTACION DE SERVICIO DE GNCV","GNV","4","574","408","6,610.7"
"2021 Feb 23 12:00:00 AM","2,021","2","23","15,150","BOYACA","TUNJA","55,184,726,715","-733,780,212,402","ESTACION DE SERVICIO DE GNCV","GNV","4","589","416","7,074.35"
"2021 Feb 02 12:00:00 AM","2,021","2","2","15,151","BOYACA","CHIQUINQUIRA","56,224,880,219","-738,042,449,951","ESTACION DE SERVICIO DE GNCV","GNV","2","645","400","5,192.24"
"2021 Feb 12 12:00:00 AM","2,021","2","12","15,151","BOYACA","CHIQUINQUIRA","56,224,880,219","-738,042,449,951","ESTACION DE SERVICIO DE GNCV","GNV","2","712","394","5,602.78"
"2021 Feb 28 12:00:00 AM","2,021","2","28","15,157","BOYACA","SOGAMOSO","56,466,722,488","-728,709,564,209","ESTACION DE SERVICIO DE GNCV","GNV","1","280","183","2,479.04"
"2021 Feb 15 12:00:00 AM","2,021","2","15","15,150","BOYACA","TUNJA","55,184,726,715","-733,780,212,402","ESTACION DE SERVICIO DE GNCV","GNV","4","622","433","6,662.27"
"2021 Feb 19 12:00:00 AM","2,021","2","19","15,151","BOYACA","CHIQUINQUIRA","56,224,880,219","-738,042,449,951","ESTACION DE SERVICIO DE GNCV","GNV","2","729","410","5,900.87"
"2021 Feb 06 12:00:00 AM","2,021","2","6","15,157","BOYACA","SOGAMOSO","56,466,722,488","-728,709,564,209","ESTACION DE SERVICIO DE GNCV","GNV","1","327","217","2,694.12"
"2021 Feb 23 12:00:00 AM","2,021","2","23","15,151","BOYACA","CHIQUINQUIRA","56,224,880,219","-738,042,449,951","ESTACION DE SERVICIO DE GNCV","GNV","2","576","374","4,471.48"
"2021 Feb 14 12:00:00 AM","2,021","2","14","15,151","BOYACA","CHIQUINQUIRA","56,224,880,219","-738,042,449,951","ESTACION DE SERVICIO DE GNCV","GNV","2","520","323","3,779.63"
"2021 Feb 10 12:00:00 AM","2,021","2","10","15,151","BOYACA","CHIQUINQUIRA","56,224,880,219","-738,042,449,951","ESTACION DE SERVICIO DE GNCV","GNV","2","671","389","5,544.96"
"2021 Feb 01 12:00:00 AM","2,021","2","1","15,157","BOYACA","SOGAMOSO","56,466,722,488","-728,709,564,209","ESTACION DE SERVICIO DE GNCV","GNV","1","305","217","2,645.6"
"2021 Feb 11 12:00:00 AM","2,021","2","11","15,152","BOYACA","DUITAMA","58,906,025,887","-730,670,928,955","ESTACION DE SERVICIO DE GNCV","GNV","2","268","199","2,761.67"
"2021 Feb 22 12:00:00 AM","2,021","2","22","15,152","BOYACA","DUITAMA","58,906,025,887","-730,670,928,955","ESTACION DE SERVICIO DE GNCV","GNV","2","281","210","3,438.43"
"2021 Feb 21 12:00:00 AM","2,021","2","21","15,152","BOYACA","DUITAMA","58,906,025,887","-730,670,928,955","ESTACION DE SERVICIO DE GNCV","GNV","2","232","151","2,398.03"
"2021 Feb 26 12:00:00 AM","2,021","2","26","15,150","BOYACA","TUNJA","55,184,726,715","-733,780,212,402","ESTACION DE SERVICIO DE GNCV","GNV","3","339","263","3,562.53"
"2021 Feb 02 12:00:00 AM","2,021","2","2","15,157","BOYACA","SOGAMOSO","56,466,722,488","-728,709,564,209","ESTACION DE SERVICIO DE GNCV","GNV","1","304","215","2,405.01"
"2021 Feb 24 12:00:00 AM","2,021","2","24","15,157","BOYACA","SOGAMOSO","56,466,722,488","-728,709,564,209","ESTACION DE SERVICIO DE GNCV","GNV","1","281","201","2,203.54"
"2021 Feb 13 12:00:00 AM","2,021","2","13","15,151","BOYACA","CHIQUINQUIRA","56,224,880,219","-738,042,449,951","ESTACION DE SERVICIO DE GNCV","GNV","2","645","382","5,012.83"
"2021 Feb 13 12:00:00 AM","2,021","2","13","15,157","BOYACA","SOGAMOSO","56,466,722,488","-728,709,564,209","ESTACION DE SERVICIO DE GNCV","GNV","1","310","203","2,380.33"
"2021 Feb 19 12:00:00 AM","2,021","2","19","15,150","BOYACA","TUNJA","55,184,726,715","-733,780,212,402","ESTACION DE SERVICIO DE GNCV","GNV","4","641","449","7,717.06"
"2021 Feb 03 12:00:00 AM","2,021","2","3","15,151","BOYACA","CHIQUINQUIRA","56,224,880,219","-738,042,449,951","ESTACION DE SERVICIO DE GNCV","GNV","2","596","381","4,600.78"
"2021 Feb 06 12:00:00 AM","2,021","2","6","15,151","BOYACA","CHIQUINQUIRA","56,224,880,219","-738,042,449,951","ESTACION DE SERVICIO DE GNCV","GNV","2","606","347","4,820.73"
"2021 Feb 09 12:00:00 AM","2,021","2","9","15,152","BOYACA","DUITAMA","58,906,025,887","-730,670,928,955","ESTACION DE SERVICIO DE GNCV","GNV","2","284","205","3,567.04"
"2021 Feb 08 12:00:00 AM","2,021","2","8","15,152","BOYACA","DUITAMA","58,906,025,887","-730,670,928,955","ESTACION DE SERVICIO DE GNCV","GNV","2","290","208","4,513.2"
"2021 Feb 16 12:00:00 AM","2,021","2","16","15,157","BOYACA","SOGAMOSO","56,466,722,488","-728,709,564,209","ESTACION DE SERVICIO DE GNCV","GNV","1","286","199","2,309.31"
"2021 Feb 21 12:00:00 AM","2,021","2","21","15,151","BOYACA","CHIQUINQUIRA","56,224,880,219","-738,042,449,951","ESTACION DE SERVICIO DE GNCV","GNV","2","550","339","4,112.05"
"2021 Feb 04 12:00:00 AM","2,021","2","4","15,151","BOYACA","CHIQUINQUIRA","56,224,880,219","-738,042,449,951","ESTACION DE SERVICIO DE GNCV","GNV","2","606","399","5,024.92"
"2021 Feb 15 12:00:00 AM","2,021","2","15","15,151","BOYACA","CHIQUINQUIRA","56,224,880,219","-738,042,449,951","ESTACION DE SERVICIO DE GNCV","GNV","2","559","377","4,444.98"
"2021 Feb 27 12:00:00 AM","2,021","2","27","15,157","BOYACA","SOGAMOSO","56,466,722,488","-728,709,564,209","ESTACION DE SERVICIO DE GNCV","GNV","1","325","213","2,780.43"
"2021 Feb 18 12:00:00 AM","2,021","2","18","15,152","BOYACA","DUITAMA","58,906,025,887","-730,670,928,955","ESTACION DE SERVICIO DE GNCV","GNV","2","290","214","3,163.59"
"2021 Feb 11 12:00:00 AM","2,021","2","11","15,157","BOYACA","SOGAMOSO","56,466,722,488","-728,709,564,209","ESTACION DE SERVICIO DE GNCV","GNV","1","285","205","2,384.8"
"2021 Feb 17 12:00:00 AM","2,021","2","17","15,150","BOYACA","TUNJA","55,184,726,715","-733,780,212,402","ESTACION DE SERVICIO DE GNCV","GNV","4","581","413","5,836.41"
"2021 Feb 05 12:00:00 AM","2,021","2","5","15,150","BOYACA","TUNJA","55,184,726,715","-733,780,212,402","ESTACION DE SERVICIO DE GNCV","GNV","4","603","431","6,943.33"
"2021 Feb 10 12:00:00 AM","2,021","2","10","15,157","BOYACA","SOGAMOSO","56,466,722,488","-728,709,564,209","ESTACION DE SERVICIO DE GNCV","GNV","1","263","194","2,388.79"
"2021 Feb 22 12:00:00 AM","2,021","2","22","15,151","BOYACA","CHIQUINQUIRA","56,224,880,219","-738,042,449,951","ESTACION DE SERVICIO DE GNCV","GNV","2","580","380","4,563.85"
"2021 Feb 08 12:00:00 AM","2,021","2","8","15,151","BOYACA","CHIQUINQUIRA","56,224,880,219","-738,042,449,951","ESTACION DE SERVICIO DE GNCV","GNV","2","603","383","4,744.6"
"2021 Feb 05 12:00:00 AM","2,021","2","5","15,151","BOYACA","CHIQUINQUIRA","56,224,880,219","-738,042,449,951","ESTACION DE SERVICIO DE GNCV","GNV","2","615","391","5,141.25"
"2021 Feb 24 12:00:00 AM","2,021","2","24","15,151","BOYACA","CHIQUINQUIRA","56,224,880,219","-738,042,449,951","ESTACION DE SERVICIO DE GNCV","GNV","2","578","373","4,392.62"
"2021 Feb 10 12:00:00 AM","2,021","2","10","15,152","BOYACA","DUITAMA","58,906,025,887","-730,670,928,955","ESTACION DE SERVICIO DE GNCV","GNV","2","304","226","3,215.27"
"2021 Feb 09 12:00:00 AM","2,021","2","9","15,150","BOYACA","TUNJA","55,184,726,715","-733,780,212,402","ESTACION DE SERVICIO DE GNCV","GNV","4","566","404","6,508.06"
"2021 Feb 15 12:00:00 AM","2,021","2","15","15,157","BOYACA","SOGAMOSO","56,466,722,488","-728,709,564,209","ESTACION DE SERVICIO DE GNCV","GNV","1","293","207","2,463.52"
"2021 Feb 25 12:00:00 AM","2,021","2","25","15,150","BOYACA","TUNJA","55,184,726,715","-733,780,212,402","ESTACION DE SERVICIO DE GNCV","GNV","4","323","247","3,294.92"
"2021 Feb 12 12:00:00 AM","2,021","2","12","15,152","BOYACA","DUITAMA","58,906,025,887","-730,670,928,955","ESTACION DE SERVICIO DE GNCV","GNV","2","304","209","3,148.52"
"2021 Feb 18 12:00:00 AM","2,021","2","18","15,150","BOYACA","TUNJA","55,184,726,715","-733,780,212,402","ESTACION DE SERVICIO DE GNCV","GNV","4","592","419","7,110.99"
"2021 Feb 16 12:00:00 AM","2,021","2","16","15,152","BOYACA","DUITAMA","58,906,025,887","-730,670,928,955","ESTACION DE SERVICIO DE GNCV","GNV","2","304","223","4,403.24"
"2021 Feb 16 12:00:00 AM","2,021","2","16","15,150","BOYACA","TUNJA","55,184,726,715","-733,780,212,402","ESTACION DE SERVICIO DE GNCV","GNV","4","589","424","6,749.7"
"2021 Feb 07 12:00:00 AM","2,021","2","7","15,150","BOYACA","TUNJA","55,184,726,715","-733,780,212,402","ESTACION DE SERVICIO DE GNCV","GNV","4","450","327","5,159.99"
"2021 Feb 23 12:00:00 AM","2,021","2","23","15,152","BOYACA","DUITAMA","58,906,025,887","-730,670,928,955","ESTACION DE SERVICIO DE GNCV","GNV","2","283","217","3,490.23"
"2021 Feb 20 12:00:00 AM","2,021","2","20","15,157","BOYACA","SOGAMOSO","56,466,722,488","-728,709,564,209","ESTACION DE SERVICIO DE GNCV","GNV","1","309","212","2,566.75"
"2021 Feb 14 12:00:00 AM","2,021","2","14","15,150","BOYACA","TUNJA","55,184,726,715","-733,780,212,402","ESTACION DE SERVICIO DE GNCV","GNV","4","465","331","4,997.28"
"2021 Feb 17 12:00:00 AM","2,021","2","17","15,152","BOYACA","DUITAMA","58,906,025,887","-730,670,928,955","ESTACION DE SERVICIO DE GNCV","GNV","2","292","218","3,041.32"
"2021 Feb 18 12:00:00 AM","2,021","2","18","15,157","BOYACA","SOGAMOSO","56,466,722,488","-728,709,564,209","ESTACION DE SERVICIO DE GNCV","GNV","1","286","203","2,305.93"
"2021 Feb 01 12:00:00 AM","2,021","2","1","15,152","BOYACA","DUITAMA","58,906,025,887","-730,670,928,955","ESTACION DE SERVICIO DE GNCV","GNV","2","349","247","4,012.97"
"2021 Feb 06 12:00:00 AM","2,021","2","6","15,150","BOYACA","TUNJA","55,184,726,715","-733,780,212,402","ESTACION DE SERVICIO DE GNCV","GNV","4","599","418","7,145.78"
"2021 Feb 16 12:00:00 AM","2,021","2","16","15,151","BOYACA","CHIQUINQUIRA","56,224,880,219","-738,042,449,951","ESTACION DE SERVICIO DE GNCV","GNV","2","556","370","4,336.55"
"2021 Feb 06 12:00:00 AM","2,021","2","6","15,152","BOYACA","DUITAMA","58,906,025,887","-730,670,928,955","ESTACION DE SERVICIO DE GNCV","GNV","2","339","234","3,353.28"
"2021 Feb 07 12:00:00 AM","2,021","2","7","15,152","BOYACA","DUITAMA","58,906,025,887","-730,670,928,955","ESTACION DE SERVICIO DE GNCV","GNV","2","227","163","2,395.37"
"2021 Feb 07 12:00:00 AM","2,021","2","7","15,157","BOYACA","SOGAMOSO","56,466,722,488","-728,709,564,209","ESTACION DE SERVICIO DE GNCV","GNV","1","257","173","2,166.65"
"2021 Feb 05 12:00:00 AM","2,021","2","5","15,152","BOYACA","DUITAMA","58,906,025,887","-730,670,928,955","ESTACION DE SERVICIO DE GNCV","GNV","2","335","239","3,757.07"
"2021 Feb 26 12:00:00 AM","2,021","2","26","15,157","BOYACA","SOGAMOSO","56,466,722,488","-728,709,564,209","ESTACION DE SERVICIO DE GNCV","GNV","1","325","210","2,583.02"
"2021 Feb 14 12:00:00 AM","2,021","2","14","15,152","BOYACA","DUITAMA","58,906,025,887","-730,670,928,955","ESTACION DE SERVICIO DE GNCV","GNV","2","230","153","2.582"
"2021 Feb 21 12:00:00 AM","2,021","2","21","15,150","BOYACA","TUNJA","55,184,726,715","-733,780,212,402","ESTACION DE SERVICIO DE GNCV","GNV","4","440","325","4,537.02"
"2021 Feb 19 12:00:00 AM","2,021","2","19","15,152","BOYACA","DUITAMA","58,906,025,887","-730,670,928,955","ESTACION DE SERVICIO DE GNCV","GNV","2","300","208","3,446.48"
"2021 Feb 11 12:00:00 AM","2,021","2","11","15,150","BOYACA","TUNJA","55,184,726,715","-733,780,212,402","ESTACION DE SERVICIO DE GNCV","GNV","4","611","428","6,724.57"
"2021 Feb 17 12:00:00 AM","2,021","2","17","15,151","BOYACA","CHIQUINQUIRA","56,224,880,219","-738,042,449,951","ESTACION DE SERVICIO DE GNCV","GNV","2","637","380","5,020.71"
"2021 Feb 10 12:00:00 AM","2,021","2","10","15,150","BOYACA","TUNJA","55,184,726,715","-733,780,212,402","ESTACION DE SERVICIO DE GNCV","GNV","4","598","425","6,637.6"
"2021 Feb 09 12:00:00 AM","2,021","2","9","15,151","BOYACA","CHIQUINQUIRA","56,224,880,219","-738,042,449,951","ESTACION DE SERVICIO DE GNCV","GNV","2","669","384","5,417.12"
"2021 Feb 05 12:00:00 AM","2,021","2","5","15,157","BOYACA","SOGAMOSO","56,466,722,488","-728,709,564,209","ESTACION DE SERVICIO DE GNCV","GNV","1","314","216","2,671.07"
"2021 Feb 12 12:00:00 AM","2,021","2","12","15,150","BOYACA","TUNJA","55,184,726,715","-733,780,212,402","ESTACION DE SERVICIO DE GNCV","GNV","4","663","465","7,393.48"
"2021 Feb 08 12:00:00 AM","2,021","2","8","15,157","BOYACA","SOGAMOSO","56,466,722,488","-728,709,564,209","ESTACION DE SERVICIO DE GNCV","GNV","1","294","210","2,657.95"
"2021 Feb 28 12:00:00 AM","2,021","2","28","15,151","BOYACA","CHIQUINQUIRA","56,224,880,219","-738,042,449,951","ESTACION DE SERVICIO DE GNCV","GNV","2","628","357","4,865.67"
"2021 Feb 26 12:00:00 AM","2,021","2","26","15,151","BOYACA","CHIQUINQUIRA","56,224,880,219","-738,042,449,951","ESTACION DE SERVICIO DE GNCV","GNV","2","625","399","5,017.18"
"2021 Feb 09 12:00:00 AM","2,021","2","9","15,157","BOYACA","SOGAMOSO","56,466,722,488","-728,709,564,209","ESTACION DE SERVICIO DE GNCV","GNV","1","306","212","2,764.46"
"2021 Feb 15 12:00:00 AM","2,021","2","15","15,152","BOYACA","DUITAMA","58,906,025,887","-730,670,928,955","ESTACION DE SERVICIO DE GNCV","GNV","2","259","197","2,774.93"
"2021 Feb 27 12:00:00 AM","2,021","2","27","15,150","BOYACA","TUNJA","55,184,726,715","-733,780,212,402","ESTACION DE SERVICIO DE GNCV","GNV","3","333","258","3,606.57"
"2021 Feb 02 12:00:00 AM","2,021","2","2","15,152","BOYACA","DUITAMA","58,906,025,887","-730,670,928,955","ESTACION DE SERVICIO DE GNCV","GNV","2","357","246","3,898.4"
"2021 Feb 04 12:00:00 AM","2,021","2","4","15,150","BOYACA","TUNJA","55,184,726,715","-733,780,212,402","ESTACION DE SERVICIO DE GNCV","GNV","4","590","410","6,913.81"
"2021 Feb 12 12:00:00 AM","2,021","2","12","15,157","BOYACA","SOGAMOSO","56,466,722,488","-728,709,564,209","ESTACION DE SERVICIO DE GNCV","GNV","1","318","218","2,554.05"
"2021 Feb 17 12:00:00 AM","2,021","2","17","15,157","BOYACA","SOGAMOSO","56,466,722,488","-728,709,564,209","ESTACION DE SERVICIO DE GNCV","GNV","1","261","195","2,326.44"
"2021 Feb 14 12:00:00 AM","2,021","2","14","15,157","BOYACA","SOGAMOSO","56,466,722,488","-728,709,564,209","ESTACION DE SERVICIO DE GNCV","GNV","1","236","166","2,262.55"
"2021 Feb 28 12:00:00 AM","2,021","2","28","15,152","BOYACA","DUITAMA","58,906,025,887","-730,670,928,955","ESTACION DE SERVICIO DE GNCV","GNV","2","258","180","2,737.17"
"2021 Feb 22 12:00:00 AM","2,021","2","22","15,150","BOYACA","TUNJA","55,184,726,715","-733,780,212,402","ESTACION DE SERVICIO DE GNCV","GNV","4","583","413","6,486.73"
"2021 Feb 02 12:00:00 AM","2,021","2","2","15,150","BOYACA","TUNJA","55,184,726,715","-733,780,212,402","ESTACION DE SERVICIO DE GNCV","GNV","4","551","394","7,139.69"
"2021 Feb 24 12:00:00 AM","2,021","2","24","15,150","BOYACA","TUNJA","55,184,726,715","-733,780,212,402","ESTACION DE SERVICIO DE GNCV","GNV","4","583","423","7,188.11"
"2021 Feb 18 12:00:00 AM","2,021","2","18","15,151","BOYACA","CHIQUINQUIRA","56,224,880,219","-738,042,449,951","ESTACION DE SERVICIO DE GNCV","GNV","2","668","377","5,300.28"
"2021 Feb 04 12:00:00 AM","2,021","2","4","15,157","BOYACA","SOGAMOSO","56,466,722,488","-728,709,564,209","ESTACION DE SERVICIO DE GNCV","GNV","1","282","196","2,161.11"
"2021 Feb 19 12:00:00 AM","2,021","2","19","15,157","BOYACA","SOGAMOSO","56,466,722,488","-728,709,564,209","ESTACION DE SERVICIO DE GNCV","GNV","1","301","205","2,515.13"
"2021 Feb 03 12:00:00 AM","2,021","2","3","15,152","BOYACA","DUITAMA","58,906,025,887","-730,670,928,955","ESTACION DE SERVICIO DE GNCV","GNV","2","333","246","4,041.4"
"2021 Feb 27 12:00:00 AM","2,021","2","27","15,152","BOYACA","DUITAMA","58,906,025,887","-730,670,928,955","ESTACION DE SERVICIO DE GNCV","GNV","2","296","211","3,145.32"
"2021 Feb 23 12:00:00 AM","2,021","2","23","15,157","BOYACA","SOGAMOSO","56,466,722,488","-728,709,564,209","ESTACION DE SERVICIO DE GNCV","GNV","1","329","225","2,657.35"
"2021 Feb 13 12:00:00 AM","2,021","2","13","15,150","BOYACA","TUNJA","55,184,726,715","-733,780,212,402","ESTACION DE SERVICIO DE GNCV","GNV","4","587","424","6,471.29"
"2021 Feb 13 12:00:00 AM","2,021","2","13","15,152","BOYACA","DUITAMA","58,906,025,887","-730,670,928,955","ESTACION DE SERVICIO DE GNCV","GNV","2","281","190","3,657.36"
"2021 Feb 20 12:00:00 AM","2,021","2","20","15,150","BOYACA","TUNJA","55,184,726,715","-733,780,212,402","ESTACION DE SERVICIO DE GNCV","GNV","4","582","421","7,149.21"
"2021 Feb 25 12:00:00 AM","2,021","2","25","15,157","BOYACA","SOGAMOSO","56,466,722,488","-728,709,564,209","ESTACION DE SERVICIO DE GNCV","GNV","1","317","223","2,585.26"
"2021 Feb 20 12:00:00 AM","2,021","2","20","15,152","BOYACA","DUITAMA","58,906,025,887","-730,670,928,955","ESTACION DE SERVICIO DE GNCV","GNV","2","294","205","2,658.51"
"2021 Feb 25 12:00:00 AM","2,021","2","25","15,152","BOYACA","DUITAMA","58,906,025,887","-730,670,928,955","ESTACION DE SERVICIO DE GNCV","GNV","2","296","220","3,546.84"
"2021 Feb 04 12:00:00 AM","2,021","2","4","15,152","BOYACA","DUITAMA","58,906,025,887","-730,670,928,955","ESTACION DE SERVICIO DE GNCV","GNV","2","320","229","3,123.38"
"2021 Feb 03 12:00:00 AM","2,021","2","3","15,157","BOYACA","SOGAMOSO","56,466,722,488","-728,709,564,209","ESTACION DE SERVICIO DE GNCV","GNV","1","297","209","2,353.77"
"2021 Feb 25 12:00:00 AM","2,021","2","25","15,151","BOYACA","CHIQUINQUIRA","56,224,880,219","-738,042,449,951","ESTACION DE SERVICIO DE GNCV","GNV","2","549","365","4,274.97"
"2021 Feb 20 12:00:00 AM","2,021","2","20","15,151","BOYACA","CHIQUINQUIRA","56,224,880,219","-738,042,449,951","ESTACION DE SERVICIO DE GNCV","GNV","2","695","384","5,508.67"
"2021 Feb 28 12:00:00 AM","2,021","2","28","15,150","BOYACA","TUNJA","55,184,726,715","-733,780,212,402","ESTACION DE SERVICIO DE GNCV","GNV","3","244","200","2,321.81"
"2021 Feb 08 12:00:00 AM","2,021","2","8","15,150","BOYACA","TUNJA","55,184,726,715","-733,780,212,402","ESTACION DE SERVICIO DE GNCV","GNV","4","594","398","6,308.2"
"2021 Feb 11 12:00:00 AM","2,021","2","11","15,151","BOYACA","CHIQUINQUIRA","56,224,880,219","-738,042,449,951","ESTACION DE SERVICIO DE GNCV","GNV","2","677","371","5,264.45"
"2021 Feb 21 12:00:00 AM","2,021","2","21","15,157","BOYACA","SOGAMOSO","56,466,722,488","-728,709,564,209","ESTACION DE SERVICIO DE GNCV","GNV","1","258","175","1,985.4"
"2021 Feb 22 12:00:00 AM","2,021","2","22","15,157","BOYACA","SOGAMOSO","56,466,722,488","-728,709,564,209","ESTACION DE SERVICIO DE GNCV","GNV","1","286","215","2,398.64"
"2021 Feb 26 12:00:00 AM","2,021","2","26","15,152","BOYACA","DUITAMA","58,906,025,887","-730,670,928,955","ESTACION DE SERVICIO DE GNCV","GNV","2","300","209","3,497.3"
"2021 Feb 24 12:00:00 AM","2,021","2","24","15,152","BOYACA","DUITAMA","58,906,025,887","-730,670,928,955","ESTACION DE SERVICIO DE GNCV","GNV","2","276","199","2,792.88"
"2021 Feb 01 12:00:00 AM","2,021","2","1","15,150","BOYACA","TUNJA","55,184,726,715","-733,780,212,402","ESTACION DE SERVICIO DE GNCV","GNV","4","603","389","7,046.14"
"2021 Feb 07 12:00:00 AM","2,021","2","7","15,151","BOYACA","CHIQUINQUIRA","56,224,880,219","-738,042,449,951","ESTACION DE SERVICIO DE GNCV","GNV","2","555","324","4,158.83"
"2021 Jan 31 12:00:00 AM","2,021","1","31","15,152","BOYACA","DUITAMA","58,906,025,887","-730,670,928,955","ESTACION DE SERVICIO DE GNCV","GNV","2","234","161","3,079.3"
"2021 Jan 10 12:00:00 AM","2,021","1","10","15,150","BOYACA","TUNJA","55,184,726,715","-733,780,212,402","ESTACION DE SERVICIO DE GNCV","GNV","4","434","287","4,905.52"
"2021 Jan 27 12:00:00 AM","2,021","1","27","15,151","BOYACA","CHIQUINQUIRA","56,224,880,219","-738,042,449,951","ESTACION DE SERVICIO DE GNCV","GNV","2","720","362","5,549.04"
"2021 Jan 21 12:00:00 AM","2,021","1","21","15,151","BOYACA","CHIQUINQUIRA","56,224,880,219","-738,042,449,951","ESTACION DE SERVICIO DE GNCV","GNV","2","600","382","4,784.06"
"2021 Jan 29 12:00:00 AM","2,021","1","29","15,157","BOYACA","SOGAMOSO","56,466,722,488","-728,709,564,209","ESTACION DE SERVICIO DE GNCV","GNV","1","319","214","2,670.05"
"2021 Jan 12 12:00:00 AM","2,021","1","12","15,150","BOYACA","TUNJA","55,184,726,715","-733,780,212,402","ESTACION DE SERVICIO DE GNCV","GNV","4","668","451","8,039.11"
"2021 Jan 11 12:00:00 AM","2,021","1","11","15,152","BOYACA","DUITAMA","58,906,025,887","-730,670,928,955","ESTACION DE SERVICIO DE GNCV","GNV","2","227","168","2,026.02"
"2021 Jan 10 12:00:00 AM","2,021","1","10","15,151","BOYACA","CHIQUINQUIRA","56,224,880,219","-738,042,449,951","ESTACION DE SERVICIO DE GNCV","GNV","2","503","312","3,817.2"
"2021 Jan 27 12:00:00 AM","2,021","1","27","15,152","BOYACA","DUITAMA","58,906,025,887","-730,670,928,955","ESTACION DE SERVICIO DE GNCV","GNV","2","283","207","3,114.65"
"2021 Jan 30 12:00:00 AM","2,021","1","30","15,152","BOYACA","DUITAMA","58,906,025,887","-730,670,928,955","ESTACION DE SERVICIO DE GNCV","GNV","2","312","213","3,212.74"
"2021 Jan 26 12:00:00 AM","2,021","1","26","15,151","BOYACA","CHIQUINQUIRA","56,224,880,219","-738,042,449,951","ESTACION DE SERVICIO DE GNCV","GNV","2","716","385","5,674.1"
"2021 Jan 06 12:00:00 AM","2,021","1","6","15,150","BOYACA","TUNJA","55,184,726,715","-733,780,212,402","ESTACION DE SERVICIO DE GNCV","GNV","4","695","464","7,556.36"
"2021 Jan 13 12:00:00 AM","2,021","1","13","15,152","BOYACA","DUITAMA","58,906,025,887","-730,670,928,955","ESTACION DE SERVICIO DE GNCV","GNV","2","320","232","4,276.72"
"2021 Jan 05 12:00:00 AM","2,021","1","5","15,157","BOYACA","SOGAMOSO","56,466,722,488","-728,709,564,209","ESTACION DE SERVICIO DE GNCV","GNV","1","327","235","2,676.88"
"2021 Jan 13 12:00:00 AM","2,021","1","13","15,150","BOYACA","TUNJA","55,184,726,715","-733,780,212,402","ESTACION DE SERVICIO DE GNCV","GNV","4","712","452","8,311.64"
"2021 Jan 13 12:00:00 AM","2,021","1","13","15,151","BOYACA","CHIQUINQUIRA","56,224,880,219","-738,042,449,951","ESTACION DE SERVICIO DE GNCV","GNV","2","615","370","4,775.82"
"2021 Jan 16 12:00:00 AM","2,021","1","16","15,157","BOYACA","SOGAMOSO","56,466,722,488","-728,709,564,209","ESTACION DE SERVICIO DE GNCV","GNV","1","327","228","2,757.89"
"2021 Jan 09 12:00:00 AM","2,021","1","9","15,157","BOYACA","SOGAMOSO","56,466,722,488","-728,709,564,209","ESTACION DE SERVICIO DE GNCV","GNV","1","293","209","2,418.73"
"2021 Jan 18 12:00:00 AM","2,021","1","18","15,150","BOYACA","TUNJA","55,184,726,715","-733,780,212,402","ESTACION DE SERVICIO DE GNCV","GNV","4","612","405","6,483.66"
"2021 Jan 14 12:00:00 AM","2,021","1","14","15,151","BOYACA","CHIQUINQUIRA","56,224,880,219","-738,042,449,951","ESTACION DE SERVICIO DE GNCV","GNV","2","557","354","4,333.75"
"2021 Jan 04 12:00:00 AM","2,021","1","4","15,157","BOYACA","SOGAMOSO","56,466,722,488","-728,709,564,209","ESTACION DE SERVICIO DE GNCV","GNV","1","326","241","2,750.25"
"2021 Jan 06 12:00:00 AM","2,021","1","6","15,152","BOYACA","DUITAMA","58,906,025,887","-730,670,928,955","ESTACION DE SERVICIO DE GNCV","GNV","2","339","255","4,402.75"
"2021 Jan 18 12:00:00 AM","2,021","1","18","15,152","BOYACA","DUITAMA","58,906,025,887","-730,670,928,955","ESTACION DE SERVICIO DE GNCV","GNV","2","310","229","3,613.84"
"2021 Jan 08 12:00:00 AM","2,021","1","8","15,151","BOYACA","CHIQUINQUIRA","56,224,880,219","-738,042,449,951","ESTACION DE SERVICIO DE GNCV","GNV","2","587","371","4,655.96"
"2021 Jan 16 12:00:00 AM","2,021","1","16","15,150","BOYACA","TUNJA","55,184,726,715","-733,780,212,402","ESTACION DE SERVICIO DE GNCV","GNV","4","305","203","3,446.58"
"2021 Jan 30 12:00:00 AM","2,021","1","30","15,157","BOYACA","SOGAMOSO","56,466,722,488","-728,709,564,209","ESTACION DE SERVICIO DE GNCV","GNV","1","286","191","2,162.01"
"2021 Jan 09 12:00:00 AM","2,021","1","9","15,150","BOYACA","TUNJA","55,184,726,715","-733,780,212,402","ESTACION DE SERVICIO DE GNCV","GNV","4","620","418","6,797.15"
"2021 Jan 01 12:00:00 AM","2,021","1","1","15,150","BOYACA","TUNJA","55,184,726,715","-733,780,212,402","ESTACION DE SERVICIO DE GNCV","GNV","4","382","228","3,505.39"
"2021 Jan 22 12:00:00 AM","2,021","1","22","15,150","BOYACA","TUNJA","55,184,726,715","-733,780,212,402","ESTACION DE SERVICIO DE GNCV","GNV","4","750","491","8,964.14"
"2021 Jan 18 12:00:00 AM","2,021","1","18","15,151","BOYACA","CHIQUINQUIRA","56,224,880,219","-738,042,449,951","ESTACION DE SERVICIO DE GNCV","GNV","2","588","373","4,706.18"
"2021 Jan 28 12:00:00 AM","2,021","1","28","15,157","BOYACA","SOGAMOSO","56,466,722,488","-728,709,564,209","ESTACION DE SERVICIO DE GNCV","GNV","1","284","203","2,324.44"
"2021 Jan 13 12:00:00 AM","2,021","1","13","15,157","BOYACA","SOGAMOSO","56,466,722,488","-728,709,564,209","ESTACION DE SERVICIO DE GNCV","GNV","1","316","233","2,645.45"
"2021 Jan 14 12:00:00 AM","2,021","1","14","15,150","BOYACA","TUNJA","55,184,726,715","-733,780,212,402","ESTACION DE SERVICIO DE GNCV","GNV","4","670","445","7,654.07"
"2021 Jan 11 12:00:00 AM","2,021","1","11","15,151","BOYACA","CHIQUINQUIRA","56,224,880,219","-738,042,449,951","ESTACION DE SERVICIO DE GNCV","GNV","2","496","340","4,182.2"
"2021 Jan 29 12:00:00 AM","2,021","1","29","15,151","BOYACA","CHIQUINQUIRA","56,224,880,219","-738,042,449,951","ESTACION DE SERVICIO DE GNCV","GNV","2","763","398","6,073.57"
"2021 Jan 28 12:00:00 AM","2,021","1","28","15,151","BOYACA","CHIQUINQUIRA","56,224,880,219","-738,042,449,951","ESTACION DE SERVICIO DE GNCV","GNV","2","761","402","6,095.4"
"2021 Jan 17 12:00:00 AM","2,021","1","17","15,152","BOYACA","DUITAMA","58,906,025,887","-730,670,928,955","ESTACION DE SERVICIO DE GNCV","GNV","2","227","165","2,821.03"
"2021 Jan 14 12:00:00 AM","2,021","1","14","15,157","BOYACA","SOGAMOSO","56,466,722,488","-728,709,564,209","ESTACION DE SERVICIO DE GNCV","GNV","1","300","216","3,163.09"
"2021 Jan 08 12:00:00 AM","2,021","1","8","15,157","BOYACA","SOGAMOSO","56,466,722,488","-728,709,564,209","ESTACION DE SERVICIO DE GNCV","GNV","1","319","229","2,896.93"
"2021 Jan 17 12:00:00 AM","2,021","1","17","15,150","BOYACA","TUNJA","55,184,726,715","-733,780,212,402","ESTACION DE SERVICIO DE GNCV","GNV","4","289","185","4,305.93"
"2021 Jan 23 12:00:00 AM","2,021","1","23","15,157","BOYACA","SOGAMOSO","56,466,722,488","-728,709,564,209","ESTACION DE SERVICIO DE GNCV","GNV","1","81","62","673.97"
"2021 Jan 23 12:00:00 AM","2,021","1","23","15,151","BOYACA","CHIQUINQUIRA","56,224,880,219","-738,042,449,951","ESTACION DE SERVICIO DE GNCV","GNV","2","280","171","2,142.19"
"2021 Jan 19 12:00:00 AM","2,021","1","19","15,157","BOYACA","SOGAMOSO","56,466,722,488","-728,709,564,209","ESTACION DE SERVICIO DE GNCV","GNV","1","307","229","2,682.87"
"2021 Jan 21 12:00:00 AM","2,021","1","21","15,152","BOYACA","DUITAMA","58,906,025,887","-730,670,928,955","ESTACION DE SERVICIO DE GNCV","GNV","2","334","243","4,479.11"
"2021 Jan 02 12:00:00 AM","2,021","1","2","15,150","BOYACA","TUNJA","55,184,726,715","-733,780,212,402","ESTACION DE SERVICIO DE GNCV","GNV","4","613","404","5,996.63"
"2021 Jan 17 12:00:00 AM","2,021","1","17","15,151","BOYACA","CHIQUINQUIRA","56,224,880,219","-738,042,449,951","ESTACION DE SERVICIO DE GNCV","GNV","2","503","316","3,779.19"
"2021 Jan 03 12:00:00 AM","2,021","1","3","15,151","BOYACA","CHIQUINQUIRA","56,224,880,219","-738,042,449,951","ESTACION DE SERVICIO DE GNCV","GNV","2","568","365","4,639.39"
"2021 Jan 05 12:00:00 AM","2,021","1","5","15,152","BOYACA","DUITAMA","58,906,025,887","-730,670,928,955","ESTACION DE SERVICIO DE GNCV","GNV","2","328","235","4,133.08"
"2021 Jan 08 12:00:00 AM","2,021","1","8","15,150","BOYACA","TUNJA","55,184,726,715","-733,780,212,402","ESTACION DE SERVICIO DE GNCV","GNV","4","680","450","7,682.72"
"2021 Jan 15 12:00:00 AM","2,021","1","15","15,152","BOYACA","DUITAMA","58,906,025,887","-730,670,928,955","ESTACION DE SERVICIO DE GNCV","GNV","2","321","235","4,154.34"
"2021 Jan 05 12:00:00 AM","2,021","1","5","15,150","BOYACA","TUNJA","55,184,726,715","-733,780,212,402","ESTACION DE SERVICIO DE GNCV","GNV","4","766","485","8,814.8"
"2021 Jan 24 12:00:00 AM","2,021","1","24","15,157","BOYACA","SOGAMOSO","56,466,722,488","-728,709,564,209","ESTACION DE SERVICIO DE GNCV","GNV","1","62","41","458.1"
"2021 Jan 09 12:00:00 AM","2,021","1","9","15,152","BOYACA","DUITAMA","58,906,025,887","-730,670,928,955","ESTACION DE SERVICIO DE GNCV","GNV","2","285","197","3,359.12"
"2021 Jan 29 12:00:00 AM","2,021","1","29","15,152","BOYACA","DUITAMA","58,906,025,887","-730,670,928,955","ESTACION DE SERVICIO DE GNCV","GNV","2","318","220","3,389.52"
"2021 Jan 11 12:00:00 AM","2,021","1","11","15,157","BOYACA","SOGAMOSO","56,466,722,488","-728,709,564,209","ESTACION DE SERVICIO DE GNCV","GNV","1","244","188","2,546.34"
"2021 Jan 01 12:00:00 AM","2,021","1","1","15,152","BOYACA","DUITAMA","58,906,025,887","-730,670,928,955","ESTACION DE SERVICIO DE GNCV","GNV","2","163","118","1,335.55"
"2021 Jan 21 12:00:00 AM","2,021","1","21","15,157","BOYACA","SOGAMOSO","56,466,722,488","-728,709,564,209","ESTACION DE SERVICIO DE GNCV","GNV","1","294","218","2,447.59"
"2021 Jan 24 12:00:00 AM","2,021","1","24","15,151","BOYACA","CHIQUINQUIRA","56,224,880,219","-738,042,449,951","ESTACION DE SERVICIO DE GNCV","GNV","2","316","192","2,546.52"
"2021 Jan 20 12:00:00 AM","2,021","1","20","15,157","BOYACA","SOGAMOSO","56,466,722,488","-728,709,564,209","ESTACION DE SERVICIO DE GNCV","GNV","1","286","204","2,258.36"
"2021 Jan 22 12:00:00 AM","2,021","1","22","15,157","BOYACA","SOGAMOSO","56,466,722,488","-728,709,564,209","ESTACION DE SERVICIO DE GNCV","GNV","1","327","237","2,773.95"
"2021 Jan 23 12:00:00 AM","2,021","1","23","15,150","BOYACA","TUNJA","55,184,726,715","-733,780,212,402","ESTACION DE SERVICIO DE GNCV","GNV","4","283","172","3,355.28"
"2021 Jan 31 12:00:00 AM","2,021","1","31","15,157","BOYACA","SOGAMOSO","56,466,722,488","-728,709,564,209","ESTACION DE SERVICIO DE GNCV","GNV","1","242","158","1,839.51"
"2021 Jan 19 12:00:00 AM","2,021","1","19","15,152","BOYACA","DUITAMA","58,906,025,887","-730,670,928,955","ESTACION DE SERVICIO DE GNCV","GNV","2","309","240","3,689.5"
"2021 Jan 25 12:00:00 AM","2,021","1","25","15,152","BOYACA","DUITAMA","58,906,025,887","-730,670,928,955","ESTACION DE SERVICIO DE GNCV","GNV","2","328","240","3,168.22"
"2021 Jan 01 12:00:00 AM","2,021","1","1","15,151","BOYACA","CHIQUINQUIRA","56,224,880,219","-738,042,449,951","ESTACION DE SERVICIO DE GNCV","GNV","2","389","231","2,772.52"
"2021 Jan 20 12:00:00 AM","2,021","1","20","15,152","BOYACA","DUITAMA","58,906,025,887","-730,670,928,955","ESTACION DE SERVICIO DE GNCV","GNV","2","313","240","3,882.76"
"2021 Jan 11 12:00:00 AM","2,021","1","11","15,150","BOYACA","TUNJA","55,184,726,715","-733,780,212,402","ESTACION DE SERVICIO DE GNCV","GNV","4","502","349","4,939.54"
"2021 Jan 14 12:00:00 AM","2,021","1","14","15,152","BOYACA","DUITAMA","58,906,025,887","-730,670,928,955","ESTACION DE SERVICIO DE GNCV","GNV","2","289","217","4,913.25"
"2021 Jan 20 12:00:00 AM","2,021","1","20","15,150","BOYACA","TUNJA","55,184,726,715","-733,780,212,402","ESTACION DE SERVICIO DE GNCV","GNV","4","643","413","7,349.77"
"2021 Jan 31 12:00:00 AM","2,021","1","31","15,151","BOYACA","CHIQUINQUIRA","56,224,880,219","-738,042,449,951","ESTACION DE SERVICIO DE GNCV","GNV","2","674","339","5,116.92"
"2021 Jan 10 12:00:00 AM","2,021","1","10","15,157","BOYACA","SOGAMOSO","56,466,722,488","-728,709,564,209","ESTACION DE SERVICIO DE GNCV","GNV","1","243","173","1,913.42"
"2021 Jan 15 12:00:00 AM","2,021","1","15","15,151","BOYACA","CHIQUINQUIRA","56,224,880,219","-738,042,449,951","ESTACION DE SERVICIO DE GNCV","GNV","2","589","375","4,642.9"
"2021 Jan 25 12:00:00 AM","2,021","1","25","15,157","BOYACA","SOGAMOSO","56,466,722,488","-728,709,564,209","ESTACION DE SERVICIO DE GNCV","GNV","1","305","215","2,553.53"
"2021 Jan 04 12:00:00 AM","2,021","1","4","15,152","BOYACA","DUITAMA","58,906,025,887","-730,670,928,955","ESTACION DE SERVICIO DE GNCV","GNV","2","348","254","5,243.91"
"2021 Jan 16 12:00:00 AM","2,021","1","16","15,152","BOYACA","DUITAMA","58,906,025,887","-730,670,928,955","ESTACION DE SERVICIO DE GNCV","GNV","2","279","197","2,504.41"
"2021 Jan 31 12:00:00 AM","2,021","1","31","15,150","BOYACA","TUNJA","55,184,726,715","-733,780,212,402","ESTACION DE SERVICIO DE GNCV","GNV","4","497","317","5,343.9"
"2021 Jan 10 12:00:00 AM","2,021","1","10","15,152","BOYACA","DUITAMA","58,906,025,887","-730,670,928,955","ESTACION DE SERVICIO DE GNCV","GNV","2","215","152","2,272.66"
"2021 Jan 24 12:00:00 AM","2,021","1","24","15,152","BOYACA","DUITAMA","58,906,025,887","-730,670,928,955","ESTACION DE SERVICIO DE GNCV","GNV","2","118","75","1,276.46"
"2021 Jan 26 12:00:00 AM","2,021","1","26","15,150","BOYACA","TUNJA","55,184,726,715","-733,780,212,402","ESTACION DE SERVICIO DE GNCV","GNV","4","629","418","8,428.14"
"2021 Jan 30 12:00:00 AM","2,021","1","30","15,151","BOYACA","CHIQUINQUIRA","56,224,880,219","-738,042,449,951","ESTACION DE SERVICIO DE GNCV","GNV","2","717","385","5,806.1"
"2021 Jan 03 12:00:00 AM","2,021","1","3","15,150","BOYACA","TUNJA","55,184,726,715","-733,780,212,402","ESTACION DE SERVICIO DE GNCV","GNV","4","618","413","6,484.98"
"2021 Jan 22 12:00:00 AM","2,021","1","22","15,152","BOYACA","DUITAMA","58,906,025,887","-730,670,928,955","ESTACION DE SERVICIO DE GNCV","GNV","2","311","243","3,798.32"
"2021 Jan 06 12:00:00 AM","2,021","1","6","15,151","BOYACA","CHIQUINQUIRA","56,224,880,219","-738,042,449,951","ESTACION DE SERVICIO DE GNCV","GNV","2","627","404","5,304.48"
"2021 Jan 01 12:00:00 AM","2,021","1","1","15,157","BOYACA","SOGAMOSO","56,466,722,488","-728,709,564,209","ESTACION DE SERVICIO DE GNCV","GNV","1","229","141","1,757.66"
"2021 Jan 27 12:00:00 AM","2,021","1","27","15,157","BOYACA","SOGAMOSO","56,466,722,488","-728,709,564,209","ESTACION DE SERVICIO DE GNCV","GNV","1","283","197","2,363.24"
"2021 Jan 19 12:00:00 AM","2,021","1","19","15,151","BOYACA","CHIQUINQUIRA","56,224,880,219","-738,042,449,951","ESTACION DE SERVICIO DE GNCV","GNV","2","588","388","4,757.41"
"2021 Jan 28 12:00:00 AM","2,021","1","28","15,152","BOYACA","DUITAMA","58,906,025,887","-730,670,928,955","ESTACION DE SERVICIO DE GNCV","GNV","2","292","222","3,639.64"
"2021 Jan 17 12:00:00 AM","2,021","1","17","15,157","BOYACA","SOGAMOSO","56,466,722,488","-728,709,564,209","ESTACION DE SERVICIO DE GNCV","GNV","1","276","186","2,122.01"
"2021 Jan 21 12:00:00 AM","2,021","1","21","15,150","BOYACA","TUNJA","55,184,726,715","-733,780,212,402","ESTACION DE SERVICIO DE GNCV","GNV","4","617","408","7,305.55"
"2021 Jan 12 12:00:00 AM","2,021","1","12","15,152","BOYACA","DUITAMA","58,906,025,887","-730,670,928,955","ESTACION DE SERVICIO DE GNCV","GNV","2","348","269","4,560.45"
"2021 Jan 08 12:00:00 AM","2,021","1","8","15,152","BOYACA","DUITAMA","58,906,025,887","-730,670,928,955","ESTACION DE SERVICIO DE GNCV","GNV","2","316","225","4,101.62"
"2021 Jan 25 12:00:00 AM","2,021","1","25","15,150","BOYACA","TUNJA","55,184,726,715","-733,780,212,402","ESTACION DE SERVICIO DE GNCV","GNV","4","688","427","7,699.85"
"2021 Jan 04 12:00:00 AM","2,021","1","4","15,151","BOYACA","CHIQUINQUIRA","56,224,880,219","-738,042,449,951","ESTACION DE SERVICIO DE GNCV","GNV","2","413","290","3,470.54"
"2021 Jan 02 12:00:00 AM","2,021","1","2","15,152","BOYACA","DUITAMA","58,906,025,887","-730,670,928,955","ESTACION DE SERVICIO DE GNCV","GNV","2","278","205","3,508.09"
"2021 Jan 22 12:00:00 AM","2,021","1","22","15,151","BOYACA","CHIQUINQUIRA","56,224,880,219","-738,042,449,951","ESTACION DE SERVICIO DE GNCV","GNV","2","675","413","5,515.35"
"2021 Jan 19 12:00:00 AM","2,021","1","19","15,150","BOYACA","TUNJA","55,184,726,715","-733,780,212,402","ESTACION DE SERVICIO DE GNCV","GNV","4","613","407","7,506.46"
"2021 Jan 12 12:00:00 AM","2,021","1","12","15,157","BOYACA","SOGAMOSO","56,466,722,488","-728,709,564,209","ESTACION DE SERVICIO DE GNCV","GNV","1","333","241","2,959.77"
"2021 Jan 06 12:00:00 AM","2,021","1","6","15,157","BOYACA","SOGAMOSO","56,466,722,488","-728,709,564,209","ESTACION DE SERVICIO DE GNCV","GNV","1","313","218","2,806.02"
"2021 Jan 02 12:00:00 AM","2,021","1","2","15,151","BOYACA","CHIQUINQUIRA","56,224,880,219","-738,042,449,951","ESTACION DE SERVICIO DE GNCV","GNV","2","559","373","4,613.61"
"2021 Jan 26 12:00:00 AM","2,021","1","26","15,157","BOYACA","SOGAMOSO","56,466,722,488","-728,709,564,209","ESTACION DE SERVICIO DE GNCV","GNV","1","248","185","2,093.81"
"2021 Jan 07 12:00:00 AM","2,021","1","7","15,157","BOYACA","SOGAMOSO","56,466,722,488","-728,709,564,209","ESTACION DE SERVICIO DE GNCV","GNV","1","310","235","2,707.4"
"2021 Jan 12 12:00:00 AM","2,021","1","12","15,151","BOYACA","CHIQUINQUIRA","56,224,880,219","-738,042,449,951","ESTACION DE SERVICIO DE GNCV","GNV","2","626","400","5,154.04"
"2021 Jan 07 12:00:00 AM","2,021","1","7","15,150","BOYACA","TUNJA","55,184,726,715","-733,780,212,402","ESTACION DE SERVICIO DE GNCV","GNV","4","707","471","8,133.35"
"2021 Jan 04 12:00:00 AM","2,021","1","4","15,150","BOYACA","TUNJA","55,184,726,715","-733,780,212,402","ESTACION DE SERVICIO DE GNCV","GNV","4","794","514","8,031.53"
"2021 Jan 29 12:00:00 AM","2,021","1","29","15,150","BOYACA","TUNJA","55,184,726,715","-733,780,212,402","ESTACION DE SERVICIO DE GNCV","GNV","4","690","446","8,742.9"
"2021 Jan 30 12:00:00 AM","2,021","1","30","15,150","BOYACA","TUNJA","55,184,726,715","-733,780,212,402","ESTACION DE SERVICIO DE GNCV","GNV","4","628","386","6,910.35"
"2021 Jan 03 12:00:00 AM","2,021","1","3","15,157","BOYACA","SOGAMOSO","56,466,722,488","-728,709,564,209","ESTACION DE SERVICIO DE GNCV","GNV","1","303","204","2,300.48"
"2021 Jan 09 12:00:00 AM","2,021","1","9","15,151","BOYACA","CHIQUINQUIRA","56,224,880,219","-738,042,449,951","ESTACION DE SERVICIO DE GNCV","GNV","2","595","376","4,841.21"
"2021 Jan 26 12:00:00 AM","2,021","1","26","15,152","BOYACA","DUITAMA","58,906,025,887","-730,670,928,955","ESTACION DE SERVICIO DE GNCV","GNV","2","310","223","4,026.85"
"2021 Jan 07 12:00:00 AM","2,021","1","7","15,151","BOYACA","CHIQUINQUIRA","56,224,880,219","-738,042,449,951","ESTACION DE SERVICIO DE GNCV","GNV","2","630","389","5,119.27"
"2021 Jan 24 12:00:00 AM","2,021","1","24","15,150","BOYACA","TUNJA","55,184,726,715","-733,780,212,402","ESTACION DE SERVICIO DE GNCV","GNV","4","247","161","2,986.69"
"2021 Jan 15 12:00:00 AM","2,021","1","15","15,150","BOYACA","TUNJA","55,184,726,715","-733,780,212,402","ESTACION DE SERVICIO DE GNCV","GNV","4","789","489","8,550.21"
"2021 Jan 25 12:00:00 AM","2,021","1","25","15,151","BOYACA","CHIQUINQUIRA","56,224,880,219","-738,042,449,951","ESTACION DE SERVICIO DE GNCV","GNV","2","767","400","6,244.91"
"2021 Jan 16 12:00:00 AM","2,021","1","16","15,151","BOYACA","CHIQUINQUIRA","56,224,880,219","-738,042,449,951","ESTACION DE SERVICIO DE GNCV","GNV","2","558","342","4,386.2"
"2021 Jan 02 12:00:00 AM","2,021","1","2","15,157","BOYACA","SOGAMOSO","56,466,722,488","-728,709,564,209","ESTACION DE SERVICIO DE GNCV","GNV","1","274","199","2,144.14"
"2021 Jan 27 12:00:00 AM","2,021","1","27","15,150","BOYACA","TUNJA","55,184,726,715","-733,780,212,402","ESTACION DE SERVICIO DE GNCV","GNV","4","607","381","7,074.09"
"2021 Jan 20 12:00:00 AM","2,021","1","20","15,151","BOYACA","CHIQUINQUIRA","56,224,880,219","-738,042,449,951","ESTACION DE SERVICIO DE GNCV","GNV","2","585","385","4,820.46"
"2021 Jan 03 12:00:00 AM","2,021","1","3","15,152","BOYACA","DUITAMA","58,906,025,887","-730,670,928,955","ESTACION DE SERVICIO DE GNCV","GNV","2","279","210","2,709.98"
"2021 Jan 05 12:00:00 AM","2,021","1","5","15,151","BOYACA","CHIQUINQUIRA","56,224,880,219","-738,042,449,951","ESTACION DE SERVICIO DE GNCV","GNV","2","530","346","4,383.84"
"2021 Jan 18 12:00:00 AM","2,021","1","18","15,157","BOYACA","SOGAMOSO","56,466,722,488","-728,709,564,209","ESTACION DE SERVICIO DE GNCV","GNV","1","297","220","2,535.81"
"2021 Jan 15 12:00:00 AM","2,021","1","15","15,157","BOYACA","SOGAMOSO","56,466,722,488","-728,709,564,209","ESTACION DE SERVICIO DE GNCV","GNV","1","300","219","2,561.3"
"2021 Jan 28 12:00:00 AM","2,021","1","28","15,150","BOYACA","TUNJA","55,184,726,715","-733,780,212,402","ESTACION DE SERVICIO DE GNCV","GNV","4","589","391","6,917.71"
"2021 Jan 07 12:00:00 AM","2,021","1","7","15,152","BOYACA","DUITAMA","58,906,025,887","-730,670,928,955","ESTACION DE SERVICIO DE GNCV","GNV","2","318","244","4,042.5"
"2021 Jan 23 12:00:00 AM","2,021","1","23","15,152","BOYACA","DUITAMA","58,906,025,887","-730,670,928,955","ESTACION DE SERVICIO DE GNCV","GNV","2","104","69","1,180.71"
"2020 Dec 28 12:00:00 AM","2,020","12","28","15,152","BOYACA","DUITAMA","58,906,025,887","-730,670,928,955","ESTACION DE SERVICIO DE GNCV","GNV","2","367","265","4,600.48"
"2020 Dec 21 12:00:00 AM","2,020","12","21","15,150","BOYACA","TUNJA","55,184,726,715","-733,780,212,402","ESTACION DE SERVICIO DE GNCV","GNV","3","485","306","5,280.5"
"2020 Dec 06 12:00:00 AM","2,020","12","6","15,151","BOYACA","CHIQUINQUIRA","56,224,880,219","-738,042,449,951","ESTACION DE SERVICIO DE GNCV","GNV","2","698","339","5,466.26"
"2020 Dec 20 12:00:00 AM","2,020","12","20","15,151","BOYACA","CHIQUINQUIRA","56,224,880,219","-738,042,449,951","ESTACION DE SERVICIO DE GNCV","GNV","2","649","384","5,331.29"
"2020 Dec 19 12:00:00 AM","2,020","12","19","15,150","BOYACA","TUNJA","55,184,726,715","-733,780,212,402","ESTACION DE SERVICIO DE GNCV","GNV","3","583","354","6,406.32"
"2020 Dec 15 12:00:00 AM","2,020","12","15","15,150","BOYACA","TUNJA","55,184,726,715","-733,780,212,402","ESTACION DE SERVICIO DE GNCV","GNV","3","828","452","8,940.47"
"2020 Dec 30 12:00:00 AM","2,020","12","30","15,151","BOYACA","CHIQUINQUIRA","56,224,880,219","-738,042,449,951","ESTACION DE SERVICIO DE GNCV","GNV","2","812","449","6,749.24"
"2020 Dec 31 12:00:00 AM","2,020","12","31","15,157","BOYACA","SOGAMOSO","56,466,722,488","-728,709,564,209","ESTACION DE SERVICIO DE GNCV","GNV","1","445","266","3,497.63"
"2020 Dec 08 12:00:00 AM","2,020","12","8","15,150","BOYACA","TUNJA","55,184,726,715","-733,780,212,402","ESTACION DE SERVICIO DE GNCV","GNV","4","429","262","4,457.57"
"2020 Dec 16 12:00:00 AM","2,020","12","16","15,157","BOYACA","SOGAMOSO","56,466,722,488","-728,709,564,209","ESTACION DE SERVICIO DE GNCV","GNV","1","344","232","2,895.03"
"2020 Dec 19 12:00:00 AM","2,020","12","19","15,151","BOYACA","CHIQUINQUIRA","56,224,880,219","-738,042,449,951","ESTACION DE SERVICIO DE GNCV","GNV","2","684","383","5,379.65"
"2020 Dec 23 12:00:00 AM","2,020","12","23","15,157","BOYACA","SOGAMOSO","56,466,722,488","-728,709,564,209","ESTACION DE SERVICIO DE GNCV","GNV","1","369","234","3,101.2"
"2020 Dec 03 12:00:00 AM","2,020","12","3","15,150","BOYACA","TUNJA","55,184,726,715","-733,780,212,402","ESTACION DE SERVICIO DE GNCV","GNV","4","734","418","9,422.31"
"2020 Dec 29 12:00:00 AM","2,020","12","29","15,150","BOYACA","TUNJA","55,184,726,715","-733,780,212,402","ESTACION DE SERVICIO DE GNCV","GNV","3","526","338","5,548.76"
"2020 Dec 07 12:00:00 AM","2,020","12","7","15,151","BOYACA","CHIQUINQUIRA","56,224,880,219","-738,042,449,951","ESTACION DE SERVICIO DE GNCV","GNV","2","833","387","6,837.51"
"2020 Dec 01 12:00:00 AM","2,020","12","1","15,157","BOYACA","SOGAMOSO","56,466,722,488","-728,709,564,209","ESTACION DE SERVICIO DE GNCV","GNV","1","346","227","2,881.07"
"2020 Dec 02 12:00:00 AM","2,020","12","2","15,157","BOYACA","SOGAMOSO","56,466,722,488","-728,709,564,209","ESTACION DE SERVICIO DE GNCV","GNV","1","307","206","2,576.07"
"2020 Dec 08 12:00:00 AM","2,020","12","8","15,152","BOYACA","DUITAMA","58,906,025,887","-730,670,928,955","ESTACION DE SERVICIO DE GNCV","GNV","2","280","172","2,749.22"
"2020 Dec 07 12:00:00 AM","2,020","12","7","15,150","BOYACA","TUNJA","55,184,726,715","-733,780,212,402","ESTACION DE SERVICIO DE GNCV","GNV","4","493","295","5,451.64"
"2020 Dec 26 12:00:00 AM","2,020","12","26","15,150","BOYACA","TUNJA","55,184,726,715","-733,780,212,402","ESTACION DE SERVICIO DE GNCV","GNV","3","416","278","4,154.4"
"2020 Dec 14 12:00:00 AM","2,020","12","14","15,150","BOYACA","TUNJA","55,184,726,715","-733,780,212,402","ESTACION DE SERVICIO DE GNCV","GNV","4","743","422","8,647.36"
"2020 Dec 11 12:00:00 AM","2,020","12","11","15,151","BOYACA","CHIQUINQUIRA","56,224,880,219","-738,042,449,951","ESTACION DE SERVICIO DE GNCV","GNV","2","810","404","6,565.45"
"2020 Dec 17 12:00:00 AM","2,020","12","17","15,150","BOYACA","TUNJA","55,184,726,715","-733,780,212,402","ESTACION DE SERVICIO DE GNCV","GNV","3","752","445","8,731.11"
"2020 Dec 03 12:00:00 AM","2,020","12","3","15,157","BOYACA","SOGAMOSO","56,466,722,488","-728,709,564,209","ESTACION DE SERVICIO DE GNCV","GNV","1","320","214","3,138.05"
"2020 Dec 01 12:00:00 AM","2,020","12","1","15,151","BOYACA","CHIQUINQUIRA","56,224,880,219","-738,042,449,951","ESTACION DE SERVICIO DE GNCV","GNV","2","788","376","6,375.65"
"2020 Dec 30 12:00:00 AM","2,020","12","30","15,157","BOYACA","SOGAMOSO","56,466,722,488","-728,709,564,209","ESTACION DE SERVICIO DE GNCV","GNV","1","419","281","3,508.8"
"2020 Dec 04 12:00:00 AM","2,020","12","4","15,151","BOYACA","CHIQUINQUIRA","56,224,880,219","-738,042,449,951","ESTACION DE SERVICIO DE GNCV","GNV","2","821","406","6,748.07"
"2020 Dec 06 12:00:00 AM","2,020","12","6","15,150","BOYACA","TUNJA","55,184,726,715","-733,780,212,402","ESTACION DE SERVICIO DE GNCV","GNV","4","568","320","5,933.16"
"2020 Dec 15 12:00:00 AM","2,020","12","15","15,157","BOYACA","SOGAMOSO","56,466,722,488","-728,709,564,209","ESTACION DE SERVICIO DE GNCV","GNV","1","342","236","2,694.6"
"2020 Dec 19 12:00:00 AM","2,020","12","19","15,157","BOYACA","SOGAMOSO","56,466,722,488","-728,709,564,209","ESTACION DE SERVICIO DE GNCV","GNV","1","381","234","2,957.74"
"2020 Dec 31 12:00:00 AM","2,020","12","31","15,152","BOYACA","DUITAMA","58,906,025,887","-730,670,928,955","ESTACION DE SERVICIO DE GNCV","GNV","2","375","253","3,435.81"
"2020 Dec 04 12:00:00 AM","2,020","12","4","15,152","BOYACA","DUITAMA","58,906,025,887","-730,670,928,955","ESTACION DE SERVICIO DE GNCV","GNV","2","403","259","5,146.32"
"2020 Dec 01 12:00:00 AM","2,020","12","1","15,152","BOYACA","DUITAMA","58,906,025,887","-730,670,928,955","ESTACION DE SERVICIO DE GNCV","GNV","2","392","251","4,146.71"
"2020 Dec 12 12:00:00 AM","2,020","12","12","15,150","BOYACA","TUNJA","55,184,726,715","-733,780,212,402","ESTACION DE SERVICIO DE GNCV","GNV","4","842","473","9,240.84"
"2020 Dec 29 12:00:00 AM","2,020","12","29","15,152","BOYACA","DUITAMA","58,906,025,887","-730,670,928,955","ESTACION DE SERVICIO DE GNCV","GNV","2","369","267","4,050.74"
"2020 Dec 23 12:00:00 AM","2,020","12","23","15,151","BOYACA","CHIQUINQUIRA","56,224,880,219","-738,042,449,951","ESTACION DE SERVICIO DE GNCV","GNV","2","781","459","6,476.49"
"2020 Dec 21 12:00:00 AM","2,020","12","21","15,151","BOYACA","CHIQUINQUIRA","56,224,880,219","-738,042,449,951","ESTACION DE SERVICIO DE GNCV","GNV","2","691","395","5,782.64"
"2020 Dec 09 12:00:00 AM","2,020","12","9","15,151","BOYACA","CHIQUINQUIRA","56,224,880,219","-738,042,449,951","ESTACION DE SERVICIO DE GNCV","GNV","2","813","408","7,081.4"
"2020 Dec 14 12:00:00 AM","2,020","12","14","15,152","BOYACA","DUITAMA","58,906,025,887","-730,670,928,955","ESTACION DE SERVICIO DE GNCV","GNV","2","411","264","5,242.29"
"2020 Dec 06 12:00:00 AM","2,020","12","6","15,152","BOYACA","DUITAMA","58,906,025,887","-730,670,928,955","ESTACION DE SERVICIO DE GNCV","GNV","2","316","185","3,221.94"
"2020 Dec 30 12:00:00 AM","2,020","12","30","15,152","BOYACA","DUITAMA","58,906,025,887","-730,670,928,955","ESTACION DE SERVICIO DE GNCV","GNV","2","422","291","4,087.03"
"2020 Dec 10 12:00:00 AM","2,020","12","10","15,157","BOYACA","SOGAMOSO","56,466,722,488","-728,709,564,209","ESTACION DE SERVICIO DE GNCV","GNV","1","343","237","2,963.2"
"2020 Dec 14 12:00:00 AM","2,020","12","14","15,157","BOYACA","SOGAMOSO","56,466,722,488","-728,709,564,209","ESTACION DE SERVICIO DE GNCV","GNV","1","327","232","2,854.1"
"2020 Dec 18 12:00:00 AM","2,020","12","18","15,151","BOYACA","CHIQUINQUIRA","56,224,880,219","-738,042,449,951","ESTACION DE SERVICIO DE GNCV","GNV","2","661","389","5,476.12"
"2020 Dec 27 12:00:00 AM","2,020","12","27","15,150","BOYACA","TUNJA","55,184,726,715","-733,780,212,402","ESTACION DE SERVICIO DE GNCV","GNV","3","356","252","3,992.13"
"2020 Dec 15 12:00:00 AM","2,020","12","15","15,151","BOYACA","CHIQUINQUIRA","56,224,880,219","-738,042,449,951","ESTACION DE SERVICIO DE GNCV","GNV","2","755","385","5,984.79"
"2020 Dec 31 12:00:00 AM","2,020","12","31","15,151","BOYACA","CHIQUINQUIRA","56,224,880,219","-738,042,449,951","ESTACION DE SERVICIO DE GNCV","GNV","2","870","462","6,753.49"
"2020 Dec 09 12:00:00 AM","2,020","12","9","15,150","BOYACA","TUNJA","55,184,726,715","-733,780,212,402","ESTACION DE SERVICIO DE GNCV","GNV","4","717","413","8,104.81"
"2020 Dec 13 12:00:00 AM","2,020","12","13","15,151","BOYACA","CHIQUINQUIRA","56,224,880,219","-738,042,449,951","ESTACION DE SERVICIO DE GNCV","GNV","2","711","342","5,616.86"
"2020 Dec 02 12:00:00 AM","2,020","12","2","15,150","BOYACA","TUNJA","55,184,726,715","-733,780,212,402","ESTACION DE SERVICIO DE GNCV","GNV","4","692","407","8,102.4"
"2020 Dec 18 12:00:00 AM","2,020","12","18","15,150","BOYACA","TUNJA","55,184,726,715","-733,780,212,402","ESTACION DE SERVICIO DE GNCV","GNV","4","830","469","9,103.93"
"2020 Dec 13 12:00:00 AM","2,020","12","13","15,157","BOYACA","SOGAMOSO","56,466,722,488","-728,709,564,209","ESTACION DE SERVICIO DE GNCV","GNV","1","298","187","2,443.33"
"2020 Dec 20 12:00:00 AM","2,020","12","20","15,157","BOYACA","SOGAMOSO","56,466,722,488","-728,709,564,209","ESTACION DE SERVICIO DE GNCV","GNV","1","320","199","2,391.36"
"2020 Dec 07 12:00:00 AM","2,020","12","7","15,157","BOYACA","SOGAMOSO","56,466,722,488","-728,709,564,209","ESTACION DE SERVICIO DE GNCV","GNV","1","332","232","2,889.89"
"2020 Dec 24 12:00:00 AM","2,020","12","24","15,152","BOYACA","DUITAMA","58,906,025,887","-730,670,928,955","ESTACION DE SERVICIO DE GNCV","GNV","2","383","256","4,592.95"
"2020 Dec 21 12:00:00 AM","2,020","12","21","15,152","BOYACA","DUITAMA","58,906,025,887","-730,670,928,955","ESTACION DE SERVICIO DE GNCV","GNV","2","378","271","4,134.6"
"2020 Dec 12 12:00:00 AM","2,020","12","12","15,151","BOYACA","CHIQUINQUIRA","56,224,880,219","-738,042,449,951","ESTACION DE SERVICIO DE GNCV","GNV","2","812","390","6,750.37"
"2020 Dec 25 12:00:00 AM","2,020","12","25","15,151","BOYACA","CHIQUINQUIRA","56,224,880,219","-738,042,449,951","ESTACION DE SERVICIO DE GNCV","GNV","2","444","271","3,429.49"
"2020 Dec 07 12:00:00 AM","2,020","12","7","15,152","BOYACA","DUITAMA","58,906,025,887","-730,670,928,955","ESTACION DE SERVICIO DE GNCV","GNV","2","379","245","4,273.29"
"2020 Dec 11 12:00:00 AM","2,020","12","11","15,152","BOYACA","DUITAMA","58,906,025,887","-730,670,928,955","ESTACION DE SERVICIO DE GNCV","GNV","2","382","243","3,698.79"
"2020 Dec 03 12:00:00 AM","2,020","12","3","15,152","BOYACA","DUITAMA","58,906,025,887","-730,670,928,955","ESTACION DE SERVICIO DE GNCV","GNV","2","348","215","3,766.52"
"2020 Dec 05 12:00:00 AM","2,020","12","5","15,151","BOYACA","CHIQUINQUIRA","56,224,880,219","-738,042,449,951","ESTACION DE SERVICIO DE GNCV","GNV","2","854","399","7,178.72"
"2020 Dec 08 12:00:00 AM","2,020","12","8","15,157","BOYACA","SOGAMOSO","56,466,722,488","-728,709,564,209","ESTACION DE SERVICIO DE GNCV","GNV","1","373","247","3,503.33"
"2020 Dec 19 12:00:00 AM","2,020","12","19","15,152","BOYACA","DUITAMA","58,906,025,887","-730,670,928,955","ESTACION DE SERVICIO DE GNCV","GNV","2","376","239","3,879.86"
"2020 Dec 31 12:00:00 AM","2,020","12","31","15,150","BOYACA","TUNJA","55,184,726,715","-733,780,212,402","ESTACION DE SERVICIO DE GNCV","GNV","4","718","460","7,298.03"
"2020 Dec 22 12:00:00 AM","2,020","12","22","15,151","BOYACA","CHIQUINQUIRA","56,224,880,219","-738,042,449,951","ESTACION DE SERVICIO DE GNCV","GNV","2","721","413","5,966.26"
"2020 Dec 06 12:00:00 AM","2,020","12","6","15,157","BOYACA","SOGAMOSO","56,466,722,488","-728,709,564,209","ESTACION DE SERVICIO DE GNCV","GNV","1","285","177","2,321.66"
"2020 Dec 21 12:00:00 AM","2,020","12","21","15,157","BOYACA","SOGAMOSO","56,466,722,488","-728,709,564,209","ESTACION DE SERVICIO DE GNCV","GNV","1","366","244","2,977.06"
"2020 Dec 16 12:00:00 AM","2,020","12","16","15,150","BOYACA","TUNJA","55,184,726,715","-733,780,212,402","ESTACION DE SERVICIO DE GNCV","GNV","3","777","444","8,316.32"
"2020 Dec 12 12:00:00 AM","2,020","12","12","15,157","BOYACA","SOGAMOSO","56,466,722,488","-728,709,564,209","ESTACION DE SERVICIO DE GNCV","GNV","1","343","220","2,776.1"
"2020 Dec 04 12:00:00 AM","2,020","12","4","15,157","BOYACA","SOGAMOSO","56,466,722,488","-728,709,564,209","ESTACION DE SERVICIO DE GNCV","GNV","1","342","231","2,891.77"
"2020 Dec 23 12:00:00 AM","2,020","12","23","15,152","BOYACA","DUITAMA","58,906,025,887","-730,670,928,955","ESTACION DE SERVICIO DE GNCV","GNV","2","425","291","4,805.04"
"2020 Dec 13 12:00:00 AM","2,020","12","13","15,150","BOYACA","TUNJA","55,184,726,715","-733,780,212,402","ESTACION DE SERVICIO DE GNCV","GNV","4","637","374","6,624.65"
"2020 Dec 30 12:00:00 AM","2,020","12","30","15,150","BOYACA","TUNJA","55,184,726,715","-733,780,212,402","ESTACION DE SERVICIO DE GNCV","GNV","3","639","406","6,683.65"
"2020 Dec 17 12:00:00 AM","2,020","12","17","15,157","BOYACA","SOGAMOSO","56,466,722,488","-728,709,564,209","ESTACION DE SERVICIO DE GNCV","GNV","1","329","227","2,855.39"
"2020 Dec 09 12:00:00 AM","2,020","12","9","15,157","BOYACA","SOGAMOSO","56,466,722,488","-728,709,564,209","ESTACION DE SERVICIO DE GNCV","GNV","1","415","300","3,890.62"
"2020 Dec 22 12:00:00 AM","2,020","12","22","15,157","BOYACA","SOGAMOSO","56,466,722,488","-728,709,564,209","ESTACION DE SERVICIO DE GNCV","GNV","1","378","256","3,144.38"
"2020 Dec 22 12:00:00 AM","2,020","12","22","15,152","BOYACA","DUITAMA","58,906,025,887","-730,670,928,955","ESTACION DE SERVICIO DE GNCV","GNV","2","388","271","5,075.22"
"2020 Dec 23 12:00:00 AM","2,020","12","23","15,150","BOYACA","TUNJA","55,184,726,715","-733,780,212,402","ESTACION DE SERVICIO DE GNCV","GNV","3","560","351","5,992.22"
"2020 Dec 18 12:00:00 AM","2,020","12","18","15,157","BOYACA","SOGAMOSO","56,466,722,488","-728,709,564,209","ESTACION DE SERVICIO DE GNCV","GNV","1","330","219","2,549.44"
"2020 Dec 10 12:00:00 AM","2,020","12","10","15,152","BOYACA","DUITAMA","58,906,025,887","-730,670,928,955","ESTACION DE SERVICIO DE GNCV","GNV","2","385","249","5,073.67"
"2020 Dec 28 12:00:00 AM","2,020","12","28","15,157","BOYACA","SOGAMOSO","56,466,722,488","-728,709,564,209","ESTACION DE SERVICIO DE GNCV","GNV","1","321","228","2,831.18"
"2020 Dec 27 12:00:00 AM","2,020","12","27","15,151","BOYACA","CHIQUINQUIRA","56,224,880,219","-738,042,449,951","ESTACION DE SERVICIO DE GNCV","GNV","2","603","370","4,617.9"
"2020 Dec 05 12:00:00 AM","2,020","12","5","15,150","BOYACA","TUNJA","55,184,726,715","-733,780,212,402","ESTACION DE SERVICIO DE GNCV","GNV","4","857","456","9,445.74"
"2020 Dec 29 12:00:00 AM","2,020","12","29","15,157","BOYACA","SOGAMOSO","56,466,722,488","-728,709,564,209","ESTACION DE SERVICIO DE GNCV","GNV","1","362","249","3,090.43"
"2020 Dec 10 12:00:00 AM","2,020","12","10","15,151","BOYACA","CHIQUINQUIRA","56,224,880,219","-738,042,449,951","ESTACION DE SERVICIO DE GNCV","GNV","2","773","404","6,576.03"
"2020 Dec 25 12:00:00 AM","2,020","12","25","15,152","BOYACA","DUITAMA","58,906,025,887","-730,670,928,955","ESTACION DE SERVICIO DE GNCV","GNV","2","199","128","1,958.05"
"2020 Dec 11 12:00:00 AM","2,020","12","11","15,150","BOYACA","TUNJA","55,184,726,715","-733,780,212,402","ESTACION DE SERVICIO DE GNCV","GNV","4","810","441","9,407.51"
"2020 Dec 16 12:00:00 AM","2,020","12","16","15,151","BOYACA","CHIQUINQUIRA","56,224,880,219","-738,042,449,951","ESTACION DE SERVICIO DE GNCV","GNV","2","750","402","6,108.14"
"2020 Dec 27 12:00:00 AM","2,020","12","27","15,157","BOYACA","SOGAMOSO","56,466,722,488","-728,709,564,209","ESTACION DE SERVICIO DE GNCV","GNV","1","308","211","2,396.34"
"2020 Dec 09 12:00:00 AM","2,020","12","9","15,152","BOYACA","DUITAMA","58,906,025,887","-730,670,928,955","ESTACION DE SERVICIO DE GNCV","GNV","2","369","244","4,544.6"
"2020 Dec 13 12:00:00 AM","2,020","12","13","15,152","BOYACA","DUITAMA","58,906,025,887","-730,670,928,955","ESTACION DE SERVICIO DE GNCV","GNV","2","317","183","4,254.78"
"2020 Dec 26 12:00:00 AM","2,020","12","26","15,152","BOYACA","DUITAMA","58,906,025,887","-730,670,928,955","ESTACION DE SERVICIO DE GNCV","GNV","2","330","236","4,244.79"
"2020 Dec 05 12:00:00 AM","2,020","12","5","15,157","BOYACA","SOGAMOSO","56,466,722,488","-728,709,564,209","ESTACION DE SERVICIO DE GNCV","GNV","1","349","219","3,147.48"
"2020 Dec 04 12:00:00 AM","2,020","12","4","15,150","BOYACA","TUNJA","55,184,726,715","-733,780,212,402","ESTACION DE SERVICIO DE GNCV","GNV","4","848","452","9,447.13"
"2020 Dec 28 12:00:00 AM","2,020","12","28","15,151","BOYACA","CHIQUINQUIRA","56,224,880,219","-738,042,449,951","ESTACION DE SERVICIO DE GNCV","GNV","2","647","387","5,221.25"
"2020 Dec 05 12:00:00 AM","2,020","12","5","15,152","BOYACA","DUITAMA","58,906,025,887","-730,670,928,955","ESTACION DE SERVICIO DE GNCV","GNV","2","366","220","4,406.55"
"2020 Dec 29 12:00:00 AM","2,020","12","29","15,151","BOYACA","CHIQUINQUIRA","56,224,880,219","-738,042,449,951","ESTACION DE SERVICIO DE GNCV","GNV","2","726","442","6,281.52"
"2020 Dec 20 12:00:00 AM","2,020","12","20","15,152","BOYACA","DUITAMA","58,906,025,887","-730,670,928,955","ESTACION DE SERVICIO DE GNCV","GNV","2","306","189","4,009.34"
"2020 Dec 28 12:00:00 AM","2,020","12","28","15,150","BOYACA","TUNJA","55,184,726,715","-733,780,212,402","ESTACION DE SERVICIO DE GNCV","GNV","3","533","347","5,667.87"
"2020 Dec 08 12:00:00 AM","2,020","12","8","15,151","BOYACA","CHIQUINQUIRA","56,224,880,219","-738,042,449,951","ESTACION DE SERVICIO DE GNCV","GNV","2","684","347","5,787.25"
"2020 Dec 24 12:00:00 AM","2,020","12","24","15,151","BOYACA","CHIQUINQUIRA","56,224,880,219","-738,042,449,951","ESTACION DE SERVICIO DE GNCV","GNV","2","803","422","6,107.46"
"2020 Dec 02 12:00:00 AM","2,020","12","2","15,152","BOYACA","DUITAMA","58,906,025,887","-730,670,928,955","ESTACION DE SERVICIO DE GNCV","GNV","2","388","251","4,250.53"
"2020 Dec 03 12:00:00 AM","2,020","12","3","15,151","BOYACA","CHIQUINQUIRA","56,224,880,219","-738,042,449,951","ESTACION DE SERVICIO DE GNCV","GNV","2","811","402","6,766.99"
"2020 Dec 17 12:00:00 AM","2,020","12","17","15,151","BOYACA","CHIQUINQUIRA","56,224,880,219","-738,042,449,951","ESTACION DE SERVICIO DE GNCV","GNV","2","682","403","5,546.7"
"2020 Dec 24 12:00:00 AM","2,020","12","24","15,157","BOYACA","SOGAMOSO","56,466,722,488","-728,709,564,209","ESTACION DE SERVICIO DE GNCV","GNV","1","426","254","3,379.73"
"2020 Dec 18 12:00:00 AM","2,020","12","18","15,152","BOYACA","DUITAMA","58,906,025,887","-730,670,928,955","ESTACION DE SERVICIO DE GNCV","GNV","2","378","240","3,624.28"
"2020 Dec 16 12:00:00 AM","2,020","12","16","15,152","BOYACA","DUITAMA","58,906,025,887","-730,670,928,955","ESTACION DE SERVICIO DE GNCV","GNV","2","395","258","5,953.05"
"2020 Dec 26 12:00:00 AM","2,020","12","26","15,157","BOYACA","SOGAMOSO","56,466,722,488","-728,709,564,209","ESTACION DE SERVICIO DE GNCV","GNV","1","321","219","2,637.23"
"2020 Dec 12 12:00:00 AM","2,020","12","12","15,152","BOYACA","DUITAMA","58,906,025,887","-730,670,928,955","ESTACION DE SERVICIO DE GNCV","GNV","2","439","265","5,323.2"
"2020 Dec 24 12:00:00 AM","2,020","12","24","15,150","BOYACA","TUNJA","55,184,726,715","-733,780,212,402","ESTACION DE SERVICIO DE GNCV","GNV","3","553","354","5,855.13"
"2020 Dec 26 12:00:00 AM","2,020","12","26","15,151","BOYACA","CHIQUINQUIRA","56,224,880,219","-738,042,449,951","ESTACION DE SERVICIO DE GNCV","GNV","2","620","386","5,060.73"
"2020 Dec 20 12:00:00 AM","2,020","12","20","15,150","BOYACA","TUNJA","55,184,726,715","-733,780,212,402","ESTACION DE SERVICIO DE GNCV","GNV","3","451","283","4,392.74"
"2020 Dec 22 12:00:00 AM","2,020","12","22","15,150","BOYACA","TUNJA","55,184,726,715","-733,780,212,402","ESTACION DE SERVICIO DE GNCV","GNV","3","524","332","5,906.51"
"2020 Dec 02 12:00:00 AM","2,020","12","2","15,151","BOYACA","CHIQUINQUIRA","56,224,880,219","-738,042,449,951","ESTACION DE SERVICIO DE GNCV","GNV","2","737","369","6,537.57"
"2020 Dec 14 12:00:00 AM","2,020","12","14","15,151","BOYACA","CHIQUINQUIRA","56,224,880,219","-738,042,449,951","ESTACION DE SERVICIO DE GNCV","GNV","2","833","421","7,157.61"
"2020 Dec 11 12:00:00 AM","2,020","12","11","15,157","BOYACA","SOGAMOSO","56,466,722,488","-728,709,564,209","ESTACION DE SERVICIO DE GNCV","GNV","1","326","221","2,668.17"
"2020 Dec 25 12:00:00 AM","2,020","12","25","15,150","BOYACA","TUNJA","55,184,726,715","-733,780,212,402","ESTACION DE SERVICIO DE GNCV","GNV","3","214","146","2,031.73"
"2020 Dec 01 12:00:00 AM","2,020","12","1","15,150","BOYACA","TUNJA","55,184,726,715","-733,780,212,402","ESTACION DE SERVICIO DE GNCV","GNV","4","731","398","8,530.61"
"2020 Dec 10 12:00:00 AM","2,020","12","10","15,150","BOYACA","TUNJA","55,184,726,715","-733,780,212,402","ESTACION DE SERVICIO DE GNCV","GNV","4","665","401","7,876.74"
"2020 Dec 15 12:00:00 AM","2,020","12","15","15,152","BOYACA","DUITAMA","58,906,025,887","-730,670,928,955","ESTACION DE SERVICIO DE GNCV","GNV","2","403","260","5,445.36"
"2020 Dec 17 12:00:00 AM","2,020","12","17","15,152","BOYACA","DUITAMA","58,906,025,887","-730,670,928,955","ESTACION DE SERVICIO DE GNCV","GNV","2","377","252","3,920.47"
"2020 Dec 25 12:00:00 AM","2,020","12","25","15,157","BOYACA","SOGAMOSO","56,466,722,488","-728,709,564,209","ESTACION DE SERVICIO DE GNCV","GNV","1","232","132","1,739.09"
"2020 Dec 27 12:00:00 AM","2,020","12","27","15,152","BOYACA","DUITAMA","58,906,025,887","-730,670,928,955","ESTACION DE SERVICIO DE GNCV","GNV","2","283","194","3,138.52"
"2020 Nov 19 12:00:00 AM","2,020","11","19","15,150","BOYACA","TUNJA","55,184,726,715","-733,780,212,402","ESTACION DE SERVICIO DE GNCV","GNV","4","539","330","5,798.6"
"2020 Nov 01 12:00:00 AM","2,020","11","1","15,150","BOYACA","TUNJA","55,184,726,715","-733,780,212,402","ESTACION DE SERVICIO DE GNCV","GNV","4","376","214","4,200.31"
"2020 Nov 01 12:00:00 AM","2,020","11","1","15,151","BOYACA","CHIQUINQUIRA","56,224,880,219","-738,042,449,951","ESTACION DE SERVICIO DE GNCV","GNV","2","411","207","3,466.77"
"2020 Nov 12 12:00:00 AM","2,020","11","12","15,150","BOYACA","TUNJA","55,184,726,715","-733,780,212,402","ESTACION DE SERVICIO DE GNCV","GNV","4","578","351","6,905.09"
"2020 Nov 02 12:00:00 AM","2,020","11","2","15,152","BOYACA","DUITAMA","58,906,025,887","-730,670,928,955","ESTACION DE SERVICIO DE GNCV","GNV","2","258","167","2,425.07"
"2020 Nov 19 12:00:00 AM","2,020","11","19","15,152","BOYACA","DUITAMA","58,906,025,887","-730,670,928,955","ESTACION DE SERVICIO DE GNCV","GNV","2","349","215","3,651.25"
"2020 Nov 11 12:00:00 AM","2,020","11","11","15,151","BOYACA","CHIQUINQUIRA","56,224,880,219","-738,042,449,951","ESTACION DE SERVICIO DE GNCV","GNV","2","642","300","5,206.06"
"2020 Nov 24 12:00:00 AM","2,020","11","24","15,150","BOYACA","TUNJA","55,184,726,715","-733,780,212,402","ESTACION DE SERVICIO DE GNCV","GNV","4","596","348","7,055.12"
"2020 Nov 04 12:00:00 AM","2,020","11","4","15,150","BOYACA","TUNJA","55,184,726,715","-733,780,212,402","ESTACION DE SERVICIO DE GNCV","GNV","4","577","327","6,372.98"
"2020 Nov 30 12:00:00 AM","2,020","11","30","15,151","BOYACA","CHIQUINQUIRA","56,224,880,219","-738,042,449,951","ESTACION DE SERVICIO DE GNCV","GNV","2","742","378","6,207.56"
"2020 Nov 17 12:00:00 AM","2,020","11","17","15,151","BOYACA","CHIQUINQUIRA","56,224,880,219","-738,042,449,951","ESTACION DE SERVICIO DE GNCV","GNV","2","620","294","5,147.31"
"2020 Nov 27 12:00:00 AM","2,020","11","27","15,151","BOYACA","CHIQUINQUIRA","56,224,880,219","-738,042,449,951","ESTACION DE SERVICIO DE GNCV","GNV","2","705","338","5,698.69"
"2020 Nov 06 12:00:00 AM","2,020","11","6","15,150","BOYACA","TUNJA","55,184,726,715","-733,780,212,402","ESTACION DE SERVICIO DE GNCV","GNV","4","562","322","6,319.87"
"2020 Nov 30 12:00:00 AM","2,020","11","30","15,150","BOYACA","TUNJA","55,184,726,715","-733,780,212,402","ESTACION DE SERVICIO DE GNCV","GNV","4","699","406","8,126.27"
"2020 Nov 13 12:00:00 AM","2,020","11","13","15,152","BOYACA","DUITAMA","58,906,025,887","-730,670,928,955","ESTACION DE SERVICIO DE GNCV","GNV","2","345","212","3,658.63"
"2020 Nov 14 12:00:00 AM","2,020","11","14","15,151","BOYACA","CHIQUINQUIRA","56,224,880,219","-738,042,449,951","ESTACION DE SERVICIO DE GNCV","GNV","2","652","309","5,293.48"
"2020 Nov 10 12:00:00 AM","2,020","11","10","15,151","BOYACA","CHIQUINQUIRA","56,224,880,219","-738,042,449,951","ESTACION DE SERVICIO DE GNCV","GNV","2","586","287","4,735.57"
"2020 Nov 24 12:00:00 AM","2,020","11","24","15,152","BOYACA","DUITAMA","58,906,025,887","-730,670,928,955","ESTACION DE SERVICIO DE GNCV","GNV","2","341","200","3,661.76"
"2020 Nov 03 12:00:00 AM","2,020","11","3","15,150","BOYACA","TUNJA","55,184,726,715","-733,780,212,402","ESTACION DE SERVICIO DE GNCV","GNV","4","617","364","6,989.62"
"2020 Nov 03 12:00:00 AM","2,020","11","3","15,152","BOYACA","DUITAMA","58,906,025,887","-730,670,928,955","ESTACION DE SERVICIO DE GNCV","GNV","2","350","218","4,061.69"
"2020 Nov 04 12:00:00 AM","2,020","11","4","15,151","BOYACA","CHIQUINQUIRA","56,224,880,219","-738,042,449,951","ESTACION DE SERVICIO DE GNCV","GNV","2","650","282","5,398.81"
"2020 Nov 17 12:00:00 AM","2,020","11","17","15,157","BOYACA","SOGAMOSO","56,466,722,488","-728,709,564,209","ESTACION DE SERVICIO DE GNCV","GNV","1","291","208","2,535.83"
"2020 Nov 17 12:00:00 AM","2,020","11","17","15,150","BOYACA","TUNJA","55,184,726,715","-733,780,212,402","ESTACION DE SERVICIO DE GNCV","GNV","4","612","355","7,720.89"
"2020 Nov 02 12:00:00 AM","2,020","11","2","15,157","BOYACA","SOGAMOSO","56,466,722,488","-728,709,564,209","ESTACION DE SERVICIO DE GNCV","GNV","1","238","163","1,958.81"
"2020 Nov 20 12:00:00 AM","2,020","11","20","15,157","BOYACA","SOGAMOSO","56,466,722,488","-728,709,564,209","ESTACION DE SERVICIO DE GNCV","GNV","1","307","210","2,545.93"
"2020 Nov 12 12:00:00 AM","2,020","11","12","15,157","BOYACA","SOGAMOSO","56,466,722,488","-728,709,564,209","ESTACION DE SERVICIO DE GNCV","GNV","1","318","213","2,606.64"
"2020 Nov 22 12:00:00 AM","2,020","11","22","15,152","BOYACA","DUITAMA","58,906,025,887","-730,670,928,955","ESTACION DE SERVICIO DE GNCV","GNV","2","279","165","2,781.35"
"2020 Nov 10 12:00:00 AM","2,020","11","10","15,150","BOYACA","TUNJA","55,184,726,715","-733,780,212,402","ESTACION DE SERVICIO DE GNCV","GNV","4","549","325","5,681.67"
"2020 Nov 04 12:00:00 AM","2,020","11","4","15,157","BOYACA","SOGAMOSO","56,466,722,488","-728,709,564,209","ESTACION DE SERVICIO DE GNCV","GNV","1","289","199","2,475.94"
"2020 Nov 18 12:00:00 AM","2,020","11","18","15,152","BOYACA","DUITAMA","58,906,025,887","-730,670,928,955","ESTACION DE SERVICIO DE GNCV","GNV","2","336","212","3,724.34"
"2020 Nov 14 12:00:00 AM","2,020","11","14","15,157","BOYACA","SOGAMOSO","56,466,722,488","-728,709,564,209","ESTACION DE SERVICIO DE GNCV","GNV","1","319","208","2,701.93"
"2020 Nov 07 12:00:00 AM","2,020","11","7","15,151","BOYACA","CHIQUINQUIRA","56,224,880,219","-738,042,449,951","ESTACION DE SERVICIO DE GNCV","GNV","2","639","296","5,242.45"
"2020 Nov 11 12:00:00 AM","2,020","11","11","15,152","BOYACA","DUITAMA","58,906,025,887","-730,670,928,955","ESTACION DE SERVICIO DE GNCV","GNV","2","346","223","3,628.06"
"2020 Nov 18 12:00:00 AM","2,020","11","18","15,150","BOYACA","TUNJA","55,184,726,715","-733,780,212,402","ESTACION DE SERVICIO DE GNCV","GNV","4","593","352","6,753.97"
"2020 Nov 23 12:00:00 AM","2,020","11","23","15,151","BOYACA","CHIQUINQUIRA","56,224,880,219","-738,042,449,951","ESTACION DE SERVICIO DE GNCV","GNV","2","630","303","5,224.22"
"2020 Nov 03 12:00:00 AM","2,020","11","3","15,151","BOYACA","CHIQUINQUIRA","56,224,880,219","-738,042,449,951","ESTACION DE SERVICIO DE GNCV","GNV","2","645","290","5,436.27"
"2020 Nov 05 12:00:00 AM","2,020","11","5","15,150","BOYACA","TUNJA","55,184,726,715","-733,780,212,402","ESTACION DE SERVICIO DE GNCV","GNV","4","528","342","6,077.64"
"2020 Nov 15 12:00:00 AM","2,020","11","15","15,150","BOYACA","TUNJA","55,184,726,715","-733,780,212,402","ESTACION DE SERVICIO DE GNCV","GNV","4","467","278","5,136.79"
"2020 Nov 06 12:00:00 AM","2,020","11","6","15,152","BOYACA","DUITAMA","58,906,025,887","-730,670,928,955","ESTACION DE SERVICIO DE GNCV","GNV","2","382","233","4,658.01"
"2020 Nov 08 12:00:00 AM","2,020","11","8","15,152","BOYACA","DUITAMA","58,906,025,887","-730,670,928,955","ESTACION DE SERVICIO DE GNCV","GNV","2","275","157","2,697.59"
"2020 Nov 21 12:00:00 AM","2,020","11","21","15,150","BOYACA","TUNJA","55,184,726,715","-733,780,212,402","ESTACION DE SERVICIO DE GNCV","GNV","4","648","361","8,140.59"
"2020 Nov 07 12:00:00 AM","2,020","11","7","15,152","BOYACA","DUITAMA","58,906,025,887","-730,670,928,955","ESTACION DE SERVICIO DE GNCV","GNV","2","362","212","4,095.28"
"2020 Nov 11 12:00:00 AM","2,020","11","11","15,150","BOYACA","TUNJA","55,184,726,715","-733,780,212,402","ESTACION DE SERVICIO DE GNCV","GNV","4","595","350","6,996.44"
"2020 Nov 22 12:00:00 AM","2,020","11","22","15,150","BOYACA","TUNJA","55,184,726,715","-733,780,212,402","ESTACION DE SERVICIO DE GNCV","GNV","4","509","286","5,335.01"
"2020 Nov 09 12:00:00 AM","2,020","11","9","15,157","BOYACA","SOGAMOSO","56,466,722,488","-728,709,564,209","ESTACION DE SERVICIO DE GNCV","GNV","1","288","206","2,356.55"
"2020 Nov 29 12:00:00 AM","2,020","11","29","15,151","BOYACA","CHIQUINQUIRA","56,224,880,219","-738,042,449,951","ESTACION DE SERVICIO DE GNCV","GNV","2","682","328","5,404.5"
"2020 Nov 06 12:00:00 AM","2,020","11","6","15,157","BOYACA","SOGAMOSO","56,466,722,488","-728,709,564,209","ESTACION DE SERVICIO DE GNCV","GNV","1","280","195","2,368.35"
"2020 Nov 08 12:00:00 AM","2,020","11","8","15,157","BOYACA","SOGAMOSO","56,466,722,488","-728,709,564,209","ESTACION DE SERVICIO DE GNCV","GNV","1","263","176","2,066.12"
"2020 Nov 10 12:00:00 AM","2,020","11","10","15,157","BOYACA","SOGAMOSO","56,466,722,488","-728,709,564,209","ESTACION DE SERVICIO DE GNCV","GNV","1","308","210","2,505.47"
"2020 Nov 18 12:00:00 AM","2,020","11","18","15,157","BOYACA","SOGAMOSO","56,466,722,488","-728,709,564,209","ESTACION DE SERVICIO DE GNCV","GNV","1","279","196","2,328.73"
"2020 Nov 30 12:00:00 AM","2,020","11","30","15,157","BOYACA","SOGAMOSO","56,466,722,488","-728,709,564,209","ESTACION DE SERVICIO DE GNCV","GNV","1","312","224","2,799.8"
"2020 Nov 21 12:00:00 AM","2,020","11","21","15,152","BOYACA","DUITAMA","58,906,025,887","-730,670,928,955","ESTACION DE SERVICIO DE GNCV","GNV","2","323","190","3,153.45"
"2020 Nov 14 12:00:00 AM","2,020","11","14","15,152","BOYACA","DUITAMA","58,906,025,887","-730,670,928,955","ESTACION DE SERVICIO DE GNCV","GNV","2","376","219","4,377.51"
"2020 Nov 23 12:00:00 AM","2,020","11","23","15,150","BOYACA","TUNJA","55,184,726,715","-733,780,212,402","ESTACION DE SERVICIO DE GNCV","GNV","4","571","336","6,811.5"
"2020 Nov 15 12:00:00 AM","2,020","11","15","15,152","BOYACA","DUITAMA","58,906,025,887","-730,670,928,955","ESTACION DE SERVICIO DE GNCV","GNV","2","267","159","2,968.32"
"2020 Nov 26 12:00:00 AM","2,020","11","26","15,157","BOYACA","SOGAMOSO","56,466,722,488","-728,709,564,209","ESTACION DE SERVICIO DE GNCV","GNV","1","311","216","2,613.48"
"2020 Nov 15 12:00:00 AM","2,020","11","15","15,157","BOYACA","SOGAMOSO","56,466,722,488","-728,709,564,209","ESTACION DE SERVICIO DE GNCV","GNV","1","283","182","2,248.27"
"2020 Nov 24 12:00:00 AM","2,020","11","24","15,151","BOYACA","CHIQUINQUIRA","56,224,880,219","-738,042,449,951","ESTACION DE SERVICIO DE GNCV","GNV","2","637","290","5,268.99"
"2020 Nov 13 12:00:00 AM","2,020","11","13","15,157","BOYACA","SOGAMOSO","56,466,722,488","-728,709,564,209","ESTACION DE SERVICIO DE GNCV","GNV","1","289","192","2,691.29"
"2020 Nov 25 12:00:00 AM","2,020","11","25","15,150","BOYACA","TUNJA","55,184,726,715","-733,780,212,402","ESTACION DE SERVICIO DE GNCV","GNV","4","574","338","6,972.22"
"2020 Nov 24 12:00:00 AM","2,020","11","24","15,157","BOYACA","SOGAMOSO","56,466,722,488","-728,709,564,209","ESTACION DE SERVICIO DE GNCV","GNV","1","292","206","2,465.93"
"2020 Nov 11 12:00:00 AM","2,020","11","11","15,157","BOYACA","SOGAMOSO","56,466,722,488","-728,709,564,209","ESTACION DE SERVICIO DE GNCV","GNV","1","302","210","2,482.79"
"2020 Nov 15 12:00:00 AM","2,020","11","15","15,151","BOYACA","CHIQUINQUIRA","56,224,880,219","-738,042,449,951","ESTACION DE SERVICIO DE GNCV","GNV","2","594","263","4,499.77"
"2020 Nov 10 12:00:00 AM","2,020","11","10","15,152","BOYACA","DUITAMA","58,906,025,887","-730,670,928,955","ESTACION DE SERVICIO DE GNCV","GNV","2","329","206","4,044.26"
"2020 Nov 09 12:00:00 AM","2,020","11","9","15,151","BOYACA","CHIQUINQUIRA","56,224,880,219","-738,042,449,951","ESTACION DE SERVICIO DE GNCV","GNV","2","640","303","5,256.42"
"2020 Nov 02 12:00:00 AM","2,020","11","2","15,150","BOYACA","TUNJA","55,184,726,715","-733,780,212,402","ESTACION DE SERVICIO DE GNCV","GNV","4","412","243","4,295.91"
"2020 Nov 13 12:00:00 AM","2,020","11","13","15,151","BOYACA","CHIQUINQUIRA","56,224,880,219","-738,042,449,951","ESTACION DE SERVICIO DE GNCV","GNV","2","647","295","5,322.84"
"2020 Nov 22 12:00:00 AM","2,020","11","22","15,151","BOYACA","CHIQUINQUIRA","56,224,880,219","-738,042,449,951","ESTACION DE SERVICIO DE GNCV","GNV","2","605","279","4,568.66"
"2020 Nov 02 12:00:00 AM","2,020","11","2","15,151","BOYACA","CHIQUINQUIRA","56,224,880,219","-738,042,449,951","ESTACION DE SERVICIO DE GNCV","GNV","2","549","284","4,574.98"
"2020 Nov 20 12:00:00 AM","2,020","11","20","15,152","BOYACA","DUITAMA","58,906,025,887","-730,670,928,955","ESTACION DE SERVICIO DE GNCV","GNV","2","359","214","3,998.37"
"2020 Nov 08 12:00:00 AM","2,020","11","8","15,151","BOYACA","CHIQUINQUIRA","56,224,880,219","-738,042,449,951","ESTACION DE SERVICIO DE GNCV","GNV","2","532","252","4,128.19"
"2020 Nov 30 12:00:00 AM","2,020","11","30","15,152","BOYACA","DUITAMA","58,906,025,887","-730,670,928,955","ESTACION DE SERVICIO DE GNCV","GNV","2","387","259","5,085.37"
"2020 Nov 05 12:00:00 AM","2,020","11","5","15,151","BOYACA","CHIQUINQUIRA","56,224,880,219","-738,042,449,951","ESTACION DE SERVICIO DE GNCV","GNV","2","611","292","5,033.86"
"2020 Nov 01 12:00:00 AM","2,020","11","1","15,152","BOYACA","DUITAMA","58,906,025,887","-730,670,928,955","ESTACION DE SERVICIO DE GNCV","GNV","2","295","175","3,368.83"
"2020 Nov 21 12:00:00 AM","2,020","11","21","15,151","BOYACA","CHIQUINQUIRA","56,224,880,219","-738,042,449,951","ESTACION DE SERVICIO DE GNCV","GNV","2","670","324","5,386.39"
"2020 Nov 09 12:00:00 AM","2,020","11","9","15,152","BOYACA","DUITAMA","58,906,025,887","-730,670,928,955","ESTACION DE SERVICIO DE GNCV","GNV","2","344","214","4,175.93"
"2020 Nov 06 12:00:00 AM","2,020","11","6","15,151","BOYACA","CHIQUINQUIRA","56,224,880,219","-738,042,449,951","ESTACION DE SERVICIO DE GNCV","GNV","2","629","283","5,195.03"
"2020 Nov 13 12:00:00 AM","2,020","11","13","15,150","BOYACA","TUNJA","55,184,726,715","-733,780,212,402","ESTACION DE SERVICIO DE GNCV","GNV","4","666","369","7,727.37"
"2020 Nov 05 12:00:00 AM","2,020","11","5","15,157","BOYACA","SOGAMOSO","56,466,722,488","-728,709,564,209","ESTACION DE SERVICIO DE GNCV","GNV","1","285","197","2,338.57"
"2020 Nov 16 12:00:00 AM","2,020","11","16","15,157","BOYACA","SOGAMOSO","56,466,722,488","-728,709,564,209","ESTACION DE SERVICIO DE GNCV","GNV","1","229","169","1,830.47"
"2020 Nov 25 12:00:00 AM","2,020","11","25","15,151","BOYACA","CHIQUINQUIRA","56,224,880,219","-738,042,449,951","ESTACION DE SERVICIO DE GNCV","GNV","2","608","309","4,931.16"
"2020 Nov 27 12:00:00 AM","2,020","11","27","15,150","BOYACA","TUNJA","55,184,726,715","-733,780,212,402","ESTACION DE SERVICIO DE GNCV","GNV","4","731","427","8,255.4"
"2020 Nov 05 12:00:00 AM","2,020","11","5","15,152","BOYACA","DUITAMA","58,906,025,887","-730,670,928,955","ESTACION DE SERVICIO DE GNCV","GNV","2","349","223","3,730.73"
"2020 Nov 03 12:00:00 AM","2,020","11","3","15,157","BOYACA","SOGAMOSO","56,466,722,488","-728,709,564,209","ESTACION DE SERVICIO DE GNCV","GNV","1","316","209","2,620.51"
"2020 Nov 12 12:00:00 AM","2,020","11","12","15,151","BOYACA","CHIQUINQUIRA","56,224,880,219","-738,042,449,951","ESTACION DE SERVICIO DE GNCV","GNV","2","603","292","5,057.7"
"2020 Nov 20 12:00:00 AM","2,020","11","20","15,150","BOYACA","TUNJA","55,184,726,715","-733,780,212,402","ESTACION DE SERVICIO DE GNCV","GNV","4","657","368","7,647.37"
"2020 Nov 14 12:00:00 AM","2,020","11","14","15,150","BOYACA","TUNJA","55,184,726,715","-733,780,212,402","ESTACION DE SERVICIO DE GNCV","GNV","4","685","383","7,439.2"
"2020 Nov 28 12:00:00 AM","2,020","11","28","15,152","BOYACA","DUITAMA","58,906,025,887","-730,670,928,955","ESTACION DE SERVICIO DE GNCV","GNV","2","405","248","4,125.68"
"2020 Nov 23 12:00:00 AM","2,020","11","23","15,152","BOYACA","DUITAMA","58,906,025,887","-730,670,928,955","ESTACION DE SERVICIO DE GNCV","GNV","2","373","224","4,602.94"
"2020 Nov 25 12:00:00 AM","2,020","11","25","15,157","BOYACA","SOGAMOSO","56,466,722,488","-728,709,564,209","ESTACION DE SERVICIO DE GNCV","GNV","1","292","200","2,695.81"
"2020 Nov 18 12:00:00 AM","2,020","11","18","15,151","BOYACA","CHIQUINQUIRA","56,224,880,219","-738,042,449,951","ESTACION DE SERVICIO DE GNCV","GNV","2","634","309","5,483.44"
"2020 Nov 28 12:00:00 AM","2,020","11","28","15,157","BOYACA","SOGAMOSO","56,466,722,488","-728,709,564,209","ESTACION DE SERVICIO DE GNCV","GNV","1","338","223","2,803.81"
"2020 Nov 08 12:00:00 AM","2,020","11","8","15,150","BOYACA","TUNJA","55,184,726,715","-733,780,212,402","ESTACION DE SERVICIO DE GNCV","GNV","4","511","286","4,976.76"
"2020 Nov 26 12:00:00 AM","2,020","11","26","15,152","BOYACA","DUITAMA","58,906,025,887","-730,670,928,955","ESTACION DE SERVICIO DE GNCV","GNV","2","324","196","3,432.33"
"2020 Nov 07 12:00:00 AM","2,020","11","7","15,150","BOYACA","TUNJA","55,184,726,715","-733,780,212,402","ESTACION DE SERVICIO DE GNCV","GNV","4","645","370","7,095.09"
"2020 Nov 28 12:00:00 AM","2,020","11","28","15,151","BOYACA","CHIQUINQUIRA","56,224,880,219","-738,042,449,951","ESTACION DE SERVICIO DE GNCV","GNV","2","837","384","6,912.6"
"2020 Nov 16 12:00:00 AM","2,020","11","16","15,152","BOYACA","DUITAMA","58,906,025,887","-730,670,928,955","ESTACION DE SERVICIO DE GNCV","GNV","2","255","162","2,646.33"
"2020 Nov 22 12:00:00 AM","2,020","11","22","15,157","BOYACA","SOGAMOSO","56,466,722,488","-728,709,564,209","ESTACION DE SERVICIO DE GNCV","GNV","1","263","163","2,251.73"
"2020 Nov 27 12:00:00 AM","2,020","11","27","15,152","BOYACA","DUITAMA","58,906,025,887","-730,670,928,955","ESTACION DE SERVICIO DE GNCV","GNV","2","362","235","5,083.33"
"2020 Nov 26 12:00:00 AM","2,020","11","26","15,151","BOYACA","CHIQUINQUIRA","56,224,880,219","-738,042,449,951","ESTACION DE SERVICIO DE GNCV","GNV","2","641","305","5,190.61"
"2020 Nov 27 12:00:00 AM","2,020","11","27","15,157","BOYACA","SOGAMOSO","56,466,722,488","-728,709,564,209","ESTACION DE SERVICIO DE GNCV","GNV","1","272","172","2,189.44"
"2020 Nov 25 12:00:00 AM","2,020","11","25","15,152","BOYACA","DUITAMA","58,906,025,887","-730,670,928,955","ESTACION DE SERVICIO DE GNCV","GNV","2","331","208","3,744.33"
"2020 Nov 21 12:00:00 AM","2,020","11","21","15,157","BOYACA","SOGAMOSO","56,466,722,488","-728,709,564,209","ESTACION DE SERVICIO DE GNCV","GNV","1","316","195","2,580.68"
"2020 Nov 29 12:00:00 AM","2,020","11","29","15,152","BOYACA","DUITAMA","58,906,025,887","-730,670,928,955","ESTACION DE SERVICIO DE GNCV","GNV","2","300","182","3,535.28"
"2020 Nov 09 12:00:00 AM","2,020","11","9","15,150","BOYACA","TUNJA","55,184,726,715","-733,780,212,402","ESTACION DE SERVICIO DE GNCV","GNV","4","578","336","6,304.98"
"2020 Nov 29 12:00:00 AM","2,020","11","29","15,157","BOYACA","SOGAMOSO","56,466,722,488","-728,709,564,209","ESTACION DE SERVICIO DE GNCV","GNV","1","281","180","2,502.62"
"2020 Nov 20 12:00:00 AM","2,020","11","20","15,151","BOYACA","CHIQUINQUIRA","56,224,880,219","-738,042,449,951","ESTACION DE SERVICIO DE GNCV","GNV","2","661","292","5,075.64"
"2020 Nov 19 12:00:00 AM","2,020","11","19","15,157","BOYACA","SOGAMOSO","56,466,722,488","-728,709,564,209","ESTACION DE SERVICIO DE GNCV","GNV","1","306","202","2,611.45"
"2020 Nov 29 12:00:00 AM","2,020","11","29","15,150","BOYACA","TUNJA","55,184,726,715","-733,780,212,402","ESTACION DE SERVICIO DE GNCV","GNV","4","578","327","5,790.36"
"2020 Nov 16 12:00:00 AM","2,020","11","16","15,151","BOYACA","CHIQUINQUIRA","56,224,880,219","-738,042,449,951","ESTACION DE SERVICIO DE GNCV","GNV","2","582","294","4,748.75"
"2020 Nov 01 12:00:00 AM","2,020","11","1","15,157","BOYACA","SOGAMOSO","56,466,722,488","-728,709,564,209","ESTACION DE SERVICIO DE GNCV","GNV","1","253","153","1,932.78"
"2020 Nov 07 12:00:00 AM","2,020","11","7","15,157","BOYACA","SOGAMOSO","56,466,722,488","-728,709,564,209","ESTACION DE SERVICIO DE GNCV","GNV","1","317","202","2,481.9"
"2020 Nov 28 12:00:00 AM","2,020","11","28","15,150","BOYACA","TUNJA","55,184,726,715","-733,780,212,402","ESTACION DE SERVICIO DE GNCV","GNV","4","791","435","9,322.3"
"2020 Nov 19 12:00:00 AM","2,020","11","19","15,151","BOYACA","CHIQUINQUIRA","56,224,880,219","-738,042,449,951","ESTACION DE SERVICIO DE GNCV","GNV","2","594","291","4,634.79"
"2020 Nov 12 12:00:00 AM","2,020","11","12","15,152","BOYACA","DUITAMA","58,906,025,887","-730,670,928,955","ESTACION DE SERVICIO DE GNCV","GNV","2","341","202","3,616.83"
"2020 Nov 16 12:00:00 AM","2,020","11","16","15,150","BOYACA","TUNJA","55,184,726,715","-733,780,212,402","ESTACION DE SERVICIO DE GNCV","GNV","4","482","292","5,131.04"
"2020 Nov 26 12:00:00 AM","2,020","11","26","15,150","BOYACA","TUNJA","55,184,726,715","-733,780,212,402","ESTACION DE SERVICIO DE GNCV","GNV","4","578","352","6,995.58"
"2020 Nov 23 12:00:00 AM","2,020","11","23","15,157","BOYACA","SOGAMOSO","56,466,722,488","-728,709,564,209","ESTACION DE SERVICIO DE GNCV","GNV","1","292","203","2,385.46"
"2020 Nov 17 12:00:00 AM","2,020","11","17","15,152","BOYACA","DUITAMA","58,906,025,887","-730,670,928,955","ESTACION DE SERVICIO DE GNCV","GNV","2","342","215","3,885.83"
"2020 Nov 04 12:00:00 AM","2,020","11","4","15,152","BOYACA","DUITAMA","58,906,025,887","-730,670,928,955","ESTACION DE SERVICIO DE GNCV","GNV","2","339","206","4,043.08"
"2020 Oct 27 12:00:00 AM","2,020","10","27","15,152","BOYACA","DUITAMA","58,906,025,887","-730,670,928,955","ESTACION DE SERVICIO DE GNCV","GNV","2","355","243","4,251.85"
"2020 Oct 25 12:00:00 AM","2,020","10","25","15,152","BOYACA","DUITAMA","58,906,025,887","-730,670,928,955","ESTACION DE SERVICIO DE GNCV","GNV","2","258","183","2,215.97"
"2020 Oct 28 12:00:00 AM","2,020","10","28","15,150","BOYACA","TUNJA","55,184,726,715","-733,780,212,402","ESTACION DE SERVICIO DE GNCV","GNV","4","585","335","6,585.44"
"2020 Oct 28 12:00:00 AM","2,020","10","28","15,157","BOYACA","SOGAMOSO","56,466,722,488","-728,709,564,209","ESTACION DE SERVICIO DE GNCV","GNV","1","292","207","2,699.56"
"2020 Oct 19 12:00:00 AM","2,020","10","19","15,150","BOYACA","TUNJA","55,184,726,715","-733,780,212,402","ESTACION DE SERVICIO DE GNCV","GNV","4","492","370","5,283.6"
"2020 Oct 15 12:00:00 AM","2,020","10","15","15,157","BOYACA","SOGAMOSO","56,466,722,488","-728,709,564,209","ESTACION DE SERVICIO DE GNCV","GNV","1","296","207","2,665.93"
"2020 Oct 17 12:00:00 AM","2,020","10","17","15,157","BOYACA","SOGAMOSO","56,466,722,488","-728,709,564,209","ESTACION DE SERVICIO DE GNCV","GNV","1","307","209","2,659.84"
"2020 Oct 27 12:00:00 AM","2,020","10","27","15,151","BOYACA","CHIQUINQUIRA","56,224,880,219","-738,042,449,951","ESTACION DE SERVICIO DE GNCV","GNV","2","611","373","4,906.27"
"2020 Oct 21 12:00:00 AM","2,020","10","21","15,157","BOYACA","SOGAMOSO","56,466,722,488","-728,709,564,209","ESTACION DE SERVICIO DE GNCV","GNV","1","273","195","2,291.93"
"2020 Oct 20 12:00:00 AM","2,020","10","20","15,152","BOYACA","DUITAMA","58,906,025,887","-730,670,928,955","ESTACION DE SERVICIO DE GNCV","GNV","2","285","212","2,731.47"
"2020 Oct 04 12:00:00 AM","2,020","10","4","15,150","BOYACA","TUNJA","55,184,726,715","-733,780,212,402","ESTACION DE SERVICIO DE GNCV","GNV","4","428","310","4.461"
"2020 Oct 09 12:00:00 AM","2,020","10","9","15,157","BOYACA","SOGAMOSO","56,466,722,488","-728,709,564,209","ESTACION DE SERVICIO DE GNCV","GNV","1","307","214","2,688.25"
"2020 Oct 25 12:00:00 AM","2,020","10","25","15,151","BOYACA","CHIQUINQUIRA","56,224,880,219","-738,042,449,951","ESTACION DE SERVICIO DE GNCV","GNV","2","601","357","4,574.06"
"2020 Oct 01 12:00:00 AM","2,020","10","1","15,151","BOYACA","CHIQUINQUIRA","56,224,880,219","-738,042,449,951","ESTACION DE SERVICIO DE GNCV","GNV","2","634","376","5,133.1"
"2020 Oct 26 12:00:00 AM","2,020","10","26","15,157","BOYACA","SOGAMOSO","56,466,722,488","-728,709,564,209","ESTACION DE SERVICIO DE GNCV","GNV","1","305","211","2,627.13"
"2020 Oct 22 12:00:00 AM","2,020","10","22","15,157","BOYACA","SOGAMOSO","56,466,722,488","-728,709,564,209","ESTACION DE SERVICIO DE GNCV","GNV","1","306","217","2,658.73"
"2020 Oct 11 12:00:00 AM","2,020","10","11","15,151","BOYACA","CHIQUINQUIRA","56,224,880,219","-738,042,449,951","ESTACION DE SERVICIO DE GNCV","GNV","2","593","292","4,430.32"
"2020 Oct 31 12:00:00 AM","2,020","10","31","15,157","BOYACA","SOGAMOSO","56,466,722,488","-728,709,564,209","ESTACION DE SERVICIO DE GNCV","GNV","1","334","205","2,803.52"
"2020 Oct 13 12:00:00 AM","2,020","10","13","15,151","BOYACA","CHIQUINQUIRA","56,224,880,219","-738,042,449,951","ESTACION DE SERVICIO DE GNCV","GNV","2","647","344","5,306.46"
"2020 Oct 01 12:00:00 AM","2,020","10","1","15,152","BOYACA","DUITAMA","58,906,025,887","-730,670,928,955","ESTACION DE SERVICIO DE GNCV","GNV","2","245","181","2,322.88"
"2020 Oct 04 12:00:00 AM","2,020","10","4","15,151","BOYACA","CHIQUINQUIRA","56,224,880,219","-738,042,449,951","ESTACION DE SERVICIO DE GNCV","GNV","2","616","356","4,589.66"
"2020 Oct 10 12:00:00 AM","2,020","10","10","15,152","BOYACA","DUITAMA","58,906,025,887","-730,670,928,955","ESTACION DE SERVICIO DE GNCV","GNV","2","323","224","2,968.16"
"2020 Oct 24 12:00:00 AM","2,020","10","24","15,151","BOYACA","CHIQUINQUIRA","56,224,880,219","-738,042,449,951","ESTACION DE SERVICIO DE GNCV","GNV","2","657","384","5,174.64"
"2020 Oct 09 12:00:00 AM","2,020","10","9","15,151","BOYACA","CHIQUINQUIRA","56,224,880,219","-738,042,449,951","ESTACION DE SERVICIO DE GNCV","GNV","2","686","413","5,355.85"
"2020 Oct 13 12:00:00 AM","2,020","10","13","15,157","BOYACA","SOGAMOSO","56,466,722,488","-728,709,564,209","ESTACION DE SERVICIO DE GNCV","GNV","1","212","165","1,822.24"
"2020 Oct 03 12:00:00 AM","2,020","10","3","15,157","BOYACA","SOGAMOSO","56,466,722,488","-728,709,564,209","ESTACION DE SERVICIO DE GNCV","GNV","1","327","197","2,740.94"
"2020 Oct 20 12:00:00 AM","2,020","10","20","15,150","BOYACA","TUNJA","55,184,726,715","-733,780,212,402","ESTACION DE SERVICIO DE GNCV","GNV","4","498","372","5,334.47"
"2020 Oct 22 12:00:00 AM","2,020","10","22","15,152","BOYACA","DUITAMA","58,906,025,887","-730,670,928,955","ESTACION DE SERVICIO DE GNCV","GNV","2","288","208","2,657.36"
"2020 Oct 25 12:00:00 AM","2,020","10","25","15,157","BOYACA","SOGAMOSO","56,466,722,488","-728,709,564,209","ESTACION DE SERVICIO DE GNCV","GNV","1","263","173","2,058.97"
"2020 Oct 10 12:00:00 AM","2,020","10","10","15,151","BOYACA","CHIQUINQUIRA","56,224,880,219","-738,042,449,951","ESTACION DE SERVICIO DE GNCV","GNV","2","726","414","5,774.13"
"2020 Oct 01 12:00:00 AM","2,020","10","1","15,157","BOYACA","SOGAMOSO","56,466,722,488","-728,709,564,209","ESTACION DE SERVICIO DE GNCV","GNV","1","264","181","2,316.27"
"2020 Oct 18 12:00:00 AM","2,020","10","18","15,152","BOYACA","DUITAMA","58,906,025,887","-730,670,928,955","ESTACION DE SERVICIO DE GNCV","GNV","2","235","156","1,976.29"
"2020 Oct 11 12:00:00 AM","2,020","10","11","15,157","BOYACA","SOGAMOSO","56,466,722,488","-728,709,564,209","ESTACION DE SERVICIO DE GNCV","GNV","1","272","164","2,067.07"
"2020 Oct 12 12:00:00 AM","2,020","10","12","15,151","BOYACA","CHIQUINQUIRA","56,224,880,219","-738,042,449,951","ESTACION DE SERVICIO DE GNCV","GNV","2","605","305","5,075.24"
"2020 Oct 23 12:00:00 AM","2,020","10","23","15,150","BOYACA","TUNJA","55,184,726,715","-733,780,212,402","ESTACION DE SERVICIO DE GNCV","GNV","4","580","403","6,459.23"
"2020 Oct 21 12:00:00 AM","2,020","10","21","15,150","BOYACA","TUNJA","55,184,726,715","-733,780,212,402","ESTACION DE SERVICIO DE GNCV","GNV","4","492","372","5,286.06"
"2020 Oct 06 12:00:00 AM","2,020","10","6","15,150","BOYACA","TUNJA","55,184,726,715","-733,780,212,402","ESTACION DE SERVICIO DE GNCV","GNV","4","538","396","5,822.91"
"2020 Oct 28 12:00:00 AM","2,020","10","28","15,152","BOYACA","DUITAMA","58,906,025,887","-730,670,928,955","ESTACION DE SERVICIO DE GNCV","GNV","2","369","238","3,494.67"
"2020 Oct 14 12:00:00 AM","2,020","10","14","15,151","BOYACA","CHIQUINQUIRA","56,224,880,219","-738,042,449,951","ESTACION DE SERVICIO DE GNCV","GNV","2","653","364","5,471.12"
"2020 Oct 24 12:00:00 AM","2,020","10","24","15,152","BOYACA","DUITAMA","58,906,025,887","-730,670,928,955","ESTACION DE SERVICIO DE GNCV","GNV","2","358","250","3,493.6"
"2020 Oct 08 12:00:00 AM","2,020","10","8","15,150","BOYACA","TUNJA","55,184,726,715","-733,780,212,402","ESTACION DE SERVICIO DE GNCV","GNV","4","530","394","5,697.71"
"2020 Oct 09 12:00:00 AM","2,020","10","9","15,152","BOYACA","DUITAMA","58,906,025,887","-730,670,928,955","ESTACION DE SERVICIO DE GNCV","GNV","2","321","229","3,042.18"
"2020 Oct 22 12:00:00 AM","2,020","10","22","15,150","BOYACA","TUNJA","55,184,726,715","-733,780,212,402","ESTACION DE SERVICIO DE GNCV","GNV","4","531","359","6,113.62"
"2020 Oct 14 12:00:00 AM","2,020","10","14","15,152","BOYACA","DUITAMA","58,906,025,887","-730,670,928,955","ESTACION DE SERVICIO DE GNCV","GNV","2","302","216","2,861.57"
"2020 Oct 15 12:00:00 AM","2,020","10","15","15,150","BOYACA","TUNJA","55,184,726,715","-733,780,212,402","ESTACION DE SERVICIO DE GNCV","GNV","4","453","346","4,813.41"
"2020 Oct 18 12:00:00 AM","2,020","10","18","15,151","BOYACA","CHIQUINQUIRA","56,224,880,219","-738,042,449,951","ESTACION DE SERVICIO DE GNCV","GNV","2","616","347","4,667.17"
"2020 Oct 29 12:00:00 AM","2,020","10","29","15,150","BOYACA","TUNJA","55,184,726,715","-733,780,212,402","ESTACION DE SERVICIO DE GNCV","GNV","4","577","350","6,354.12"
"2020 Oct 21 12:00:00 AM","2,020","10","21","15,152","BOYACA","DUITAMA","58,906,025,887","-730,670,928,955","ESTACION DE SERVICIO DE GNCV","GNV","2","304","226","2,725.05"
"2020 Oct 02 12:00:00 AM","2,020","10","2","15,157","BOYACA","SOGAMOSO","56,466,722,488","-728,709,564,209","ESTACION DE SERVICIO DE GNCV","GNV","1","405","274","4,093.93"
"2020 Oct 13 12:00:00 AM","2,020","10","13","15,152","BOYACA","DUITAMA","58,906,025,887","-730,670,928,955","ESTACION DE SERVICIO DE GNCV","GNV","2","305","234","3,047.85"
"2020 Oct 16 12:00:00 AM","2,020","10","16","15,151","BOYACA","CHIQUINQUIRA","56,224,880,219","-738,042,449,951","ESTACION DE SERVICIO DE GNCV","GNV","2","659","399","5,249.52"
"2020 Oct 28 12:00:00 AM","2,020","10","28","15,151","BOYACA","CHIQUINQUIRA","56,224,880,219","-738,042,449,951","ESTACION DE SERVICIO DE GNCV","GNV","2","620","283","5,015.8"
"2020 Oct 21 12:00:00 AM","2,020","10","21","15,151","BOYACA","CHIQUINQUIRA","56,224,880,219","-738,042,449,951","ESTACION DE SERVICIO DE GNCV","GNV","2","599","372","4,805.81"
"2020 Oct 07 12:00:00 AM","2,020","10","7","15,157","BOYACA","SOGAMOSO","56,466,722,488","-728,709,564,209","ESTACION DE SERVICIO DE GNCV","GNV","1","284","191","2,506.12"
"2020 Oct 13 12:00:00 AM","2,020","10","13","15,150","BOYACA","TUNJA","55,184,726,715","-733,780,212,402","ESTACION DE SERVICIO DE GNCV","GNV","4","568","416","6,269.18"
"2020 Oct 31 12:00:00 AM","2,020","10","31","15,151","BOYACA","CHIQUINQUIRA","56,224,880,219","-738,042,449,951","ESTACION DE SERVICIO DE GNCV","GNV","2","297","176","2,679.3"
"2020 Oct 02 12:00:00 AM","2,020","10","2","15,151","BOYACA","CHIQUINQUIRA","56,224,880,219","-738,042,449,951","ESTACION DE SERVICIO DE GNCV","GNV","2","669","386","5,381.32"
"2020 Oct 01 12:00:00 AM","2,020","10","1","15,150","BOYACA","TUNJA","55,184,726,715","-733,780,212,402","ESTACION DE SERVICIO DE GNCV","GNV","4","510","356","5,577.97"
"2020 Oct 23 12:00:00 AM","2,020","10","23","15,157","BOYACA","SOGAMOSO","56,466,722,488","-728,709,564,209","ESTACION DE SERVICIO DE GNCV","GNV","1","302","198","2,586.6"
"2020 Oct 12 12:00:00 AM","2,020","10","12","15,157","BOYACA","SOGAMOSO","56,466,722,488","-728,709,564,209","ESTACION DE SERVICIO DE GNCV","GNV","1","239","160","1,910.79"
"2020 Oct 17 12:00:00 AM","2,020","10","17","15,152","BOYACA","DUITAMA","58,906,025,887","-730,670,928,955","ESTACION DE SERVICIO DE GNCV","GNV","2","290","203","2,576.91"
"2020 Oct 14 12:00:00 AM","2,020","10","14","15,157","BOYACA","SOGAMOSO","56,466,722,488","-728,709,564,209","ESTACION DE SERVICIO DE GNCV","GNV","1","240","175","1,979.22"
"2020 Oct 16 12:00:00 AM","2,020","10","16","15,152","BOYACA","DUITAMA","58,906,025,887","-730,670,928,955","ESTACION DE SERVICIO DE GNCV","GNV","2","294","212","2,593.32"
"2020 Oct 03 12:00:00 AM","2,020","10","3","15,152","BOYACA","DUITAMA","58,906,025,887","-730,670,928,955","ESTACION DE SERVICIO DE GNCV","GNV","2","260","180","2,397.55"
"2020 Oct 24 12:00:00 AM","2,020","10","24","15,150","BOYACA","TUNJA","55,184,726,715","-733,780,212,402","ESTACION DE SERVICIO DE GNCV","GNV","4","506","328","5,457.76"
"2020 Oct 23 12:00:00 AM","2,020","10","23","15,152","BOYACA","DUITAMA","58,906,025,887","-730,670,928,955","ESTACION DE SERVICIO DE GNCV","GNV","2","346","248","3,228.45"
"2020 Oct 08 12:00:00 AM","2,020","10","8","15,157","BOYACA","SOGAMOSO","56,466,722,488","-728,709,564,209","ESTACION DE SERVICIO DE GNCV","GNV","1","273","182","2.251"
"2020 Oct 30 12:00:00 AM","2,020","10","30","15,157","BOYACA","SOGAMOSO","56,466,722,488","-728,709,564,209","ESTACION DE SERVICIO DE GNCV","GNV","1","314","208","2,624.88"
"2020 Oct 07 12:00:00 AM","2,020","10","7","15,151","BOYACA","CHIQUINQUIRA","56,224,880,219","-738,042,449,951","ESTACION DE SERVICIO DE GNCV","GNV","2","635","385","5,156.51"
"2020 Oct 18 12:00:00 AM","2,020","10","18","15,150","BOYACA","TUNJA","55,184,726,715","-733,780,212,402","ESTACION DE SERVICIO DE GNCV","GNV","4","408","300","4,066.22"
"2020 Oct 12 12:00:00 AM","2,020","10","12","15,150","BOYACA","TUNJA","55,184,726,715","-733,780,212,402","ESTACION DE SERVICIO DE GNCV","GNV","4","446","332","4,350.12"
"2020 Oct 30 12:00:00 AM","2,020","10","30","15,150","BOYACA","TUNJA","55,184,726,715","-733,780,212,402","ESTACION DE SERVICIO DE GNCV","GNV","4","631","380","7,631.57"
"2020 Oct 02 12:00:00 AM","2,020","10","2","15,152","BOYACA","DUITAMA","58,906,025,887","-730,670,928,955","ESTACION DE SERVICIO DE GNCV","GNV","2","251","182","2,409.1"
"2020 Oct 08 12:00:00 AM","2,020","10","8","15,152","BOYACA","DUITAMA","58,906,025,887","-730,670,928,955","ESTACION DE SERVICIO DE GNCV","GNV","2","258","190","2,323.98"
"2020 Oct 03 12:00:00 AM","2,020","10","3","15,150","BOYACA","TUNJA","55,184,726,715","-733,780,212,402","ESTACION DE SERVICIO DE GNCV","GNV","4","551","385","5,853.1"
"2020 Oct 07 12:00:00 AM","2,020","10","7","15,152","BOYACA","DUITAMA","58,906,025,887","-730,670,928,955","ESTACION DE SERVICIO DE GNCV","GNV","2","282","205","2,586.5"
"2020 Oct 17 12:00:00 AM","2,020","10","17","15,151","BOYACA","CHIQUINQUIRA","56,224,880,219","-738,042,449,951","ESTACION DE SERVICIO DE GNCV","GNV","2","658","378","5,108.79"
"2020 Oct 25 12:00:00 AM","2,020","10","25","15,150","BOYACA","TUNJA","55,184,726,715","-733,780,212,402","ESTACION DE SERVICIO DE GNCV","GNV","4","359","251","4,347.79"
"2020 Oct 31 12:00:00 AM","2,020","10","31","15,150","BOYACA","TUNJA","55,184,726,715","-733,780,212,402","ESTACION DE SERVICIO DE GNCV","GNV","4","548","320","6,259.03"
"2020 Oct 27 12:00:00 AM","2,020","10","27","15,157","BOYACA","SOGAMOSO","56,466,722,488","-728,709,564,209","ESTACION DE SERVICIO DE GNCV","GNV","1","299","208","2,467.02"
"2020 Oct 27 12:00:00 AM","2,020","10","27","15,150","BOYACA","TUNJA","55,184,726,715","-733,780,212,402","ESTACION DE SERVICIO DE GNCV","GNV","4","566","366","6,332.98"
"2020 Oct 07 12:00:00 AM","2,020","10","7","15,150","BOYACA","TUNJA","55,184,726,715","-733,780,212,402","ESTACION DE SERVICIO DE GNCV","GNV","4","507","368","5,359.92"
"2020 Oct 10 12:00:00 AM","2,020","10","10","15,150","BOYACA","TUNJA","55,184,726,715","-733,780,212,402","ESTACION DE SERVICIO DE GNCV","GNV","4","480","382","4,998.11"
"2020 Oct 05 12:00:00 AM","2,020","10","5","15,151","BOYACA","CHIQUINQUIRA","56,224,880,219","-738,042,449,951","ESTACION DE SERVICIO DE GNCV","GNV","2","641","395","5,222.13"
"2020 Oct 04 12:00:00 AM","2,020","10","4","15,157","BOYACA","SOGAMOSO","56,466,722,488","-728,709,564,209","ESTACION DE SERVICIO DE GNCV","GNV","1","264","169","2.156"
"2020 Oct 15 12:00:00 AM","2,020","10","15","15,152","BOYACA","DUITAMA","58,906,025,887","-730,670,928,955","ESTACION DE SERVICIO DE GNCV","GNV","2","284","208","2,643.43"
"2020 Oct 06 12:00:00 AM","2,020","10","6","15,157","BOYACA","SOGAMOSO","56,466,722,488","-728,709,564,209","ESTACION DE SERVICIO DE GNCV","GNV","1","298","207","2,720.41"
"2020 Oct 19 12:00:00 AM","2,020","10","19","15,151","BOYACA","CHIQUINQUIRA","56,224,880,219","-738,042,449,951","ESTACION DE SERVICIO DE GNCV","GNV","2","637","377","5,263.43"
"2020 Oct 06 12:00:00 AM","2,020","10","6","15,152","BOYACA","DUITAMA","58,906,025,887","-730,670,928,955","ESTACION DE SERVICIO DE GNCV","GNV","2","276","194","2,600.49"
"2020 Oct 20 12:00:00 AM","2,020","10","20","15,151","BOYACA","CHIQUINQUIRA","56,224,880,219","-738,042,449,951","ESTACION DE SERVICIO DE GNCV","GNV","2","644","374","5,178.69"
"2020 Oct 19 12:00:00 AM","2,020","10","19","15,157","BOYACA","SOGAMOSO","56,466,722,488","-728,709,564,209","ESTACION DE SERVICIO DE GNCV","GNV","1","291","208","2,559.62"
"2020 Oct 29 12:00:00 AM","2,020","10","29","15,151","BOYACA","CHIQUINQUIRA","56,224,880,219","-738,042,449,951","ESTACION DE SERVICIO DE GNCV","GNV","2","658","284","5,255.63"
"2020 Oct 16 12:00:00 AM","2,020","10","16","15,157","BOYACA","SOGAMOSO","56,466,722,488","-728,709,564,209","ESTACION DE SERVICIO DE GNCV","GNV","1","299","202","2,490.67"
"2020 Oct 05 12:00:00 AM","2,020","10","5","15,150","BOYACA","TUNJA","55,184,726,715","-733,780,212,402","ESTACION DE SERVICIO DE GNCV","GNV","4","519","382","5,661.75"
"2020 Oct 08 12:00:00 AM","2,020","10","8","15,151","BOYACA","CHIQUINQUIRA","56,224,880,219","-738,042,449,951","ESTACION DE SERVICIO DE GNCV","GNV","2","686","389","5,469.8"
"2020 Oct 23 12:00:00 AM","2,020","10","23","15,151","BOYACA","CHIQUINQUIRA","56,224,880,219","-738,042,449,951","ESTACION DE SERVICIO DE GNCV","GNV","2","584","359","4,588.4"
"2020 Oct 30 12:00:00 AM","2,020","10","30","15,152","BOYACA","DUITAMA","58,906,025,887","-730,670,928,955","ESTACION DE SERVICIO DE GNCV","GNV","2","405","239","4,660.34"
"2020 Oct 15 12:00:00 AM","2,020","10","15","15,151","BOYACA","CHIQUINQUIRA","56,224,880,219","-738,042,449,951","ESTACION DE SERVICIO DE GNCV","GNV","2","613","370","4,734.69"
"2020 Oct 05 12:00:00 AM","2,020","10","5","15,152","BOYACA","DUITAMA","58,906,025,887","-730,670,928,955","ESTACION DE SERVICIO DE GNCV","GNV","2","256","177","2,197.65"
"2020 Oct 26 12:00:00 AM","2,020","10","26","15,151","BOYACA","CHIQUINQUIRA","56,224,880,219","-738,042,449,951","ESTACION DE SERVICIO DE GNCV","GNV","2","633","388","5,343.24"
"2020 Oct 06 12:00:00 AM","2,020","10","6","15,151","BOYACA","CHIQUINQUIRA","56,224,880,219","-738,042,449,951","ESTACION DE SERVICIO DE GNCV","GNV","2","637","383","5,210.38"
"2020 Oct 03 12:00:00 AM","2,020","10","3","15,151","BOYACA","CHIQUINQUIRA","56,224,880,219","-738,042,449,951","ESTACION DE SERVICIO DE GNCV","GNV","2","740","428","5,867.41"
"2020 Oct 11 12:00:00 AM","2,020","10","11","15,152","BOYACA","DUITAMA","58,906,025,887","-730,670,928,955","ESTACION DE SERVICIO DE GNCV","GNV","2","217","151","1,776.73"
"2020 Oct 24 12:00:00 AM","2,020","10","24","15,157","BOYACA","SOGAMOSO","56,466,722,488","-728,709,564,209","ESTACION DE SERVICIO DE GNCV","GNV","1","304","196","2,553.81"
"2020 Oct 14 12:00:00 AM","2,020","10","14","15,150","BOYACA","TUNJA","55,184,726,715","-733,780,212,402","ESTACION DE SERVICIO DE GNCV","GNV","4","549","409","5,953.32"
"2020 Oct 26 12:00:00 AM","2,020","10","26","15,150","BOYACA","TUNJA","55,184,726,715","-733,780,212,402","ESTACION DE SERVICIO DE GNCV","GNV","4","505","341","5,494.02"
"2020 Oct 31 12:00:00 AM","2,020","10","31","15,152","BOYACA","DUITAMA","58,906,025,887","-730,670,928,955","ESTACION DE SERVICIO DE GNCV","GNV","2","377","206","4,063.05"
"2020 Oct 17 12:00:00 AM","2,020","10","17","15,150","BOYACA","TUNJA","55,184,726,715","-733,780,212,402","ESTACION DE SERVICIO DE GNCV","GNV","4","529","402","6,062.01"
"2020 Oct 29 12:00:00 AM","2,020","10","29","15,157","BOYACA","SOGAMOSO","56,466,722,488","-728,709,564,209","ESTACION DE SERVICIO DE GNCV","GNV","1","321","212","2,715.37"
"2020 Oct 26 12:00:00 AM","2,020","10","26","15,152","BOYACA","DUITAMA","58,906,025,887","-730,670,928,955","ESTACION DE SERVICIO DE GNCV","GNV","2","315","233","2,954.3"
"2020 Oct 12 12:00:00 AM","2,020","10","12","15,152","BOYACA","DUITAMA","58,906,025,887","-730,670,928,955","ESTACION DE SERVICIO DE GNCV","GNV","2","220","162","1,917.12"
"2020 Oct 22 12:00:00 AM","2,020","10","22","15,151","BOYACA","CHIQUINQUIRA","56,224,880,219","-738,042,449,951","ESTACION DE SERVICIO DE GNCV","GNV","2","618","382","4,996.54"
"2020 Oct 19 12:00:00 AM","2,020","10","19","15,152","BOYACA","DUITAMA","58,906,025,887","-730,670,928,955","ESTACION DE SERVICIO DE GNCV","GNV","2","303","227","2,921.17"
"2020 Oct 20 12:00:00 AM","2,020","10","20","15,157","BOYACA","SOGAMOSO","56,466,722,488","-728,709,564,209","ESTACION DE SERVICIO DE GNCV","GNV","1","292","196","2,441.38"
"2020 Oct 02 12:00:00 AM","2,020","10","2","15,150","BOYACA","TUNJA","55,184,726,715","-733,780,212,402","ESTACION DE SERVICIO DE GNCV","GNV","4","553","407","6,161.81"
"2020 Oct 10 12:00:00 AM","2,020","10","10","15,157","BOYACA","SOGAMOSO","56,466,722,488","-728,709,564,209","ESTACION DE SERVICIO DE GNCV","GNV","1","304","186","2,472.54"
"2020 Oct 29 12:00:00 AM","2,020","10","29","15,152","BOYACA","DUITAMA","58,906,025,887","-730,670,928,955","ESTACION DE SERVICIO DE GNCV","GNV","2","330","200","3,488.33"
"2020 Oct 05 12:00:00 AM","2,020","10","5","15,157","BOYACA","SOGAMOSO","56,466,722,488","-728,709,564,209","ESTACION DE SERVICIO DE GNCV","GNV","1","317","210","2,747.12"
"2020 Oct 04 12:00:00 AM","2,020","10","4","15,152","BOYACA","DUITAMA","58,906,025,887","-730,670,928,955","ESTACION DE SERVICIO DE GNCV","GNV","2","206","133","1,685.51"
"2020 Oct 09 12:00:00 AM","2,020","10","9","15,150","BOYACA","TUNJA","55,184,726,715","-733,780,212,402","ESTACION DE SERVICIO DE GNCV","GNV","4","500","390","5,197.11"
"2020 Oct 18 12:00:00 AM","2,020","10","18","15,157","BOYACA","SOGAMOSO","56,466,722,488","-728,709,564,209","ESTACION DE SERVICIO DE GNCV","GNV","1","260","162","2,484.04"
"2020 Oct 16 12:00:00 AM","2,020","10","16","15,150","BOYACA","TUNJA","55,184,726,715","-733,780,212,402","ESTACION DE SERVICIO DE GNCV","GNV","4","581","414","6,052.12"
"2020 Oct 11 12:00:00 AM","2,020","10","11","15,150","BOYACA","TUNJA","55,184,726,715","-733,780,212,402","ESTACION DE SERVICIO DE GNCV","GNV","4","368","269","3,511.19"
"2020 Oct 30 12:00:00 AM","2,020","10","30","15,151","BOYACA","CHIQUINQUIRA","56,224,880,219","-738,042,449,951","ESTACION DE SERVICIO DE GNCV","GNV","2","677","294","5,553.56"
"2020 Sep 11 12:00:00 AM","2,020","9","11","15,150","BOYACA","TUNJA","55,184,726,715","-733,780,212,402","ESTACION DE SERVICIO DE GNCV","GNV","3","359","256","3,730.76"
"2020 Sep 06 12:00:00 AM","2,020","9","6","15,150","BOYACA","TUNJA","55,184,726,715","-733,780,212,402","ESTACION DE SERVICIO DE GNCV","GNV","3","231","169","2,360.54"
"2020 Sep 17 12:00:00 AM","2,020","9","17","15,150","BOYACA","TUNJA","55,184,726,715","-733,780,212,402","ESTACION DE SERVICIO DE GNCV","GNV","3","319","232","3,463.69"
"2020 Sep 19 12:00:00 AM","2,020","9","19","15,152","BOYACA","DUITAMA","58,906,025,887","-730,670,928,955","ESTACION DE SERVICIO DE GNCV","GNV","2","267","182","2,702.6"
"2020 Sep 18 12:00:00 AM","2,020","9","18","15,157","BOYACA","SOGAMOSO","56,466,722,488","-728,709,564,209","ESTACION DE SERVICIO DE GNCV","GNV","1","192","140","1,830.75"
"2020 Sep 19 12:00:00 AM","2,020","9","19","15,151","BOYACA","CHIQUINQUIRA","56,224,880,219","-738,042,449,951","ESTACION DE SERVICIO DE GNCV","GNV","2","656","365","5,056.61"
"2020 Sep 09 12:00:00 AM","2,020","9","9","15,150","BOYACA","TUNJA","55,184,726,715","-733,780,212,402","ESTACION DE SERVICIO DE GNCV","GNV","3","325","247","3,586.16"
"2020 Sep 28 12:00:00 AM","2,020","9","28","15,157","BOYACA","SOGAMOSO","56,466,722,488","-728,709,564,209","ESTACION DE SERVICIO DE GNCV","GNV","1","180","133","1,693.39"
"2020 Sep 07 12:00:00 AM","2,020","9","7","15,152","BOYACA","DUITAMA","58,906,025,887","-730,670,928,955","ESTACION DE SERVICIO DE GNCV","GNV","2","235","172","2,292.71"
"2020 Sep 11 12:00:00 AM","2,020","9","11","15,157","BOYACA","SOGAMOSO","56,466,722,488","-728,709,564,209","ESTACION DE SERVICIO DE GNCV","GNV","1","215","141","1,884.5"
"2020 Sep 10 12:00:00 AM","2,020","9","10","15,150","BOYACA","TUNJA","55,184,726,715","-733,780,212,402","ESTACION DE SERVICIO DE GNCV","GNV","3","314","231","3,334.06"
"2020 Sep 02 12:00:00 AM","2,020","9","2","15,150","BOYACA","TUNJA","55,184,726,715","-733,780,212,402","ESTACION DE SERVICIO DE GNCV","GNV","3","337","239","3,731.15"
"2020 Sep 09 12:00:00 AM","2,020","9","9","15,152","BOYACA","DUITAMA","58,906,025,887","-730,670,928,955","ESTACION DE SERVICIO DE GNCV","GNV","2","219","165","2,101.26"
"2020 Sep 14 12:00:00 AM","2,020","9","14","15,151","BOYACA","CHIQUINQUIRA","56,224,880,219","-738,042,449,951","ESTACION DE SERVICIO DE GNCV","GNV","2","660","399","5,306.43"
"2020 Sep 14 12:00:00 AM","2,020","9","14","15,152","BOYACA","DUITAMA","58,906,025,887","-730,670,928,955","ESTACION DE SERVICIO DE GNCV","GNV","2","229","176","2,247.33"
"2020 Sep 02 12:00:00 AM","2,020","9","2","15,151","BOYACA","CHIQUINQUIRA","56,224,880,219","-738,042,449,951","ESTACION DE SERVICIO DE GNCV","GNV","2","611","358","4.805"
"2020 Sep 30 12:00:00 AM","2,020","9","30","15,157","BOYACA","SOGAMOSO","56,466,722,488","-728,709,564,209","ESTACION DE SERVICIO DE GNCV","GNV","1","190","138","1,874.36"
"2020 Sep 01 12:00:00 AM","2,020","9","1","15,151","BOYACA","CHIQUINQUIRA","56,224,880,219","-738,042,449,951","ESTACION DE SERVICIO DE GNCV","GNV","2","600","361","4,793.85"
"2020 Sep 16 12:00:00 AM","2,020","9","16","15,150","BOYACA","TUNJA","55,184,726,715","-733,780,212,402","ESTACION DE SERVICIO DE GNCV","GNV","3","329","241","3,495.04"
"2020 Sep 22 12:00:00 AM","2,020","9","22","15,151","BOYACA","CHIQUINQUIRA","56,224,880,219","-738,042,449,951","ESTACION DE SERVICIO DE GNCV","GNV","2","605","363","4,902.3"
"2020 Sep 08 12:00:00 AM","2,020","9","8","15,152","BOYACA","DUITAMA","58,906,025,887","-730,670,928,955","ESTACION DE SERVICIO DE GNCV","GNV","2","223","170","2,108.1"
"2020 Sep 01 12:00:00 AM","2,020","9","1","15,157","BOYACA","SOGAMOSO","56,466,722,488","-728,709,564,209","ESTACION DE SERVICIO DE GNCV","GNV","1","184","124","1,521.59"
"2020 Sep 30 12:00:00 AM","2,020","9","30","15,152","BOYACA","DUITAMA","58,906,025,887","-730,670,928,955","ESTACION DE SERVICIO DE GNCV","GNV","2","252","186","2,200.45"
"2020 Sep 18 12:00:00 AM","2,020","9","18","15,152","BOYACA","DUITAMA","58,906,025,887","-730,670,928,955","ESTACION DE SERVICIO DE GNCV","GNV","2","272","195","2,466.17"
"2020 Sep 16 12:00:00 AM","2,020","9","16","15,151","BOYACA","CHIQUINQUIRA","56,224,880,219","-738,042,449,951","ESTACION DE SERVICIO DE GNCV","GNV","2","621","374","5,052.54"
"2020 Sep 17 12:00:00 AM","2,020","9","17","15,151","BOYACA","CHIQUINQUIRA","56,224,880,219","-738,042,449,951","ESTACION DE SERVICIO DE GNCV","GNV","2","586","355","4,628.83"
"2020 Sep 06 12:00:00 AM","2,020","9","6","15,152","BOYACA","DUITAMA","58,906,025,887","-730,670,928,955","ESTACION DE SERVICIO DE GNCV","GNV","2","172","114","1,409.82"
"2020 Sep 12 12:00:00 AM","2,020","9","12","15,157","BOYACA","SOGAMOSO","56,466,722,488","-728,709,564,209","ESTACION DE SERVICIO DE GNCV","GNV","1","171","118","1,689.1"
"2020 Sep 01 12:00:00 AM","2,020","9","1","15,150","BOYACA","TUNJA","55,184,726,715","-733,780,212,402","ESTACION DE SERVICIO DE GNCV","GNV","3","358","255","3,872.61"
"2020 Sep 02 12:00:00 AM","2,020","9","2","15,157","BOYACA","SOGAMOSO","56,466,722,488","-728,709,564,209","ESTACION DE SERVICIO DE GNCV","GNV","1","165","118","1,692.31"
"2020 Sep 26 12:00:00 AM","2,020","9","26","15,151","BOYACA","CHIQUINQUIRA","56,224,880,219","-738,042,449,951","ESTACION DE SERVICIO DE GNCV","GNV","2","697","410","5,691.92"
"2020 Sep 17 12:00:00 AM","2,020","9","17","15,157","BOYACA","SOGAMOSO","56,466,722,488","-728,709,564,209","ESTACION DE SERVICIO DE GNCV","GNV","1","211","141","1,919.68"
"2020 Sep 26 12:00:00 AM","2,020","9","26","15,152","BOYACA","DUITAMA","58,906,025,887","-730,670,928,955","ESTACION DE SERVICIO DE GNCV","GNV","2","249","174","2,195.26"
"2020 Sep 03 12:00:00 AM","2,020","9","3","15,150","BOYACA","TUNJA","55,184,726,715","-733,780,212,402","ESTACION DE SERVICIO DE GNCV","GNV","3","335","241","3,687.25"
"2020 Sep 22 12:00:00 AM","2,020","9","22","15,150","BOYACA","TUNJA","55,184,726,715","-733,780,212,402","ESTACION DE SERVICIO DE GNCV","GNV","3","324","238","3,447.33"
"2020 Sep 21 12:00:00 AM","2,020","9","21","15,152","BOYACA","DUITAMA","58,906,025,887","-730,670,928,955","ESTACION DE SERVICIO DE GNCV","GNV","2","228","176","2,186.54"
"2020 Sep 13 12:00:00 AM","2,020","9","13","15,152","BOYACA","DUITAMA","58,906,025,887","-730,670,928,955","ESTACION DE SERVICIO DE GNCV","GNV","2","171","113","1,354.74"
"2020 Sep 20 12:00:00 AM","2,020","9","20","15,157","BOYACA","SOGAMOSO","56,466,722,488","-728,709,564,209","ESTACION DE SERVICIO DE GNCV","GNV","1","190","133","1,650.32"
"2020 Sep 06 12:00:00 AM","2,020","9","6","15,151","BOYACA","CHIQUINQUIRA","56,224,880,219","-738,042,449,951","ESTACION DE SERVICIO DE GNCV","GNV","2","525","303","3,842.1"
"2020 Sep 06 12:00:00 AM","2,020","9","6","15,157","BOYACA","SOGAMOSO","56,466,722,488","-728,709,564,209","ESTACION DE SERVICIO DE GNCV","GNV","1","180","123","1,629.01"
"2020 Sep 11 12:00:00 AM","2,020","9","11","15,152","BOYACA","DUITAMA","58,906,025,887","-730,670,928,955","ESTACION DE SERVICIO DE GNCV","GNV","2","248","180","2,267.88"
"2020 Sep 22 12:00:00 AM","2,020","9","22","15,157","BOYACA","SOGAMOSO","56,466,722,488","-728,709,564,209","ESTACION DE SERVICIO DE GNCV","GNV","1","189","140","1,730.83"
"2020 Sep 03 12:00:00 AM","2,020","9","3","15,151","BOYACA","CHIQUINQUIRA","56,224,880,219","-738,042,449,951","ESTACION DE SERVICIO DE GNCV","GNV","2","624","378","5,125.57"
"2020 Sep 07 12:00:00 AM","2,020","9","7","15,150","BOYACA","TUNJA","55,184,726,715","-733,780,212,402","ESTACION DE SERVICIO DE GNCV","GNV","3","347","243","3,917.63"
"2020 Sep 09 12:00:00 AM","2,020","9","9","15,151","BOYACA","CHIQUINQUIRA","56,224,880,219","-738,042,449,951","ESTACION DE SERVICIO DE GNCV","GNV","2","597","369","4,620.66"
"2020 Sep 28 12:00:00 AM","2,020","9","28","15,151","BOYACA","CHIQUINQUIRA","56,224,880,219","-738,042,449,951","ESTACION DE SERVICIO DE GNCV","GNV","2","605","372","4,987.74"
"2020 Sep 18 12:00:00 AM","2,020","9","18","15,150","BOYACA","TUNJA","55,184,726,715","-733,780,212,402","ESTACION DE SERVICIO DE GNCV","GNV","3","385","278","4,089.42"
"2020 Sep 23 12:00:00 AM","2,020","9","23","15,157","BOYACA","SOGAMOSO","56,466,722,488","-728,709,564,209","ESTACION DE SERVICIO DE GNCV","GNV","1","216","143","1,895.85"
"2020 Sep 04 12:00:00 AM","2,020","9","4","15,151","BOYACA","CHIQUINQUIRA","56,224,880,219","-738,042,449,951","ESTACION DE SERVICIO DE GNCV","GNV","2","639","383","4,846.28"
"2020 Sep 30 12:00:00 AM","2,020","9","30","15,150","BOYACA","TUNJA","55,184,726,715","-733,780,212,402","ESTACION DE SERVICIO DE GNCV","GNV","3","370","268","4,034.47"
"2020 Sep 23 12:00:00 AM","2,020","9","23","15,152","BOYACA","DUITAMA","58,906,025,887","-730,670,928,955","ESTACION DE SERVICIO DE GNCV","GNV","2","252","183","2.372"
"2020 Sep 02 12:00:00 AM","2,020","9","2","15,152","BOYACA","DUITAMA","58,906,025,887","-730,670,928,955","ESTACION DE SERVICIO DE GNCV","GNV","2","234","164","2,263.8"
"2020 Sep 08 12:00:00 AM","2,020","9","8","15,150","BOYACA","TUNJA","55,184,726,715","-733,780,212,402","ESTACION DE SERVICIO DE GNCV","GNV","3","335","248","3,607.58"
"2020 Sep 22 12:00:00 AM","2,020","9","22","15,152","BOYACA","DUITAMA","58,906,025,887","-730,670,928,955","ESTACION DE SERVICIO DE GNCV","GNV","2","232","174","2,117.99"
"2020 Sep 07 12:00:00 AM","2,020","9","7","15,157","BOYACA","SOGAMOSO","56,466,722,488","-728,709,564,209","ESTACION DE SERVICIO DE GNCV","GNV","1","244","154","2,232.41"
"2020 Sep 18 12:00:00 AM","2,020","9","18","15,151","BOYACA","CHIQUINQUIRA","56,224,880,219","-738,042,449,951","ESTACION DE SERVICIO DE GNCV","GNV","2","689","398","5,614.85"
"2020 Sep 25 12:00:00 AM","2,020","9","25","15,157","BOYACA","SOGAMOSO","56,466,722,488","-728,709,564,209","ESTACION DE SERVICIO DE GNCV","GNV","1","242","156","2,165.51"
"2020 Sep 30 12:00:00 AM","2,020","9","30","15,151","BOYACA","CHIQUINQUIRA","56,224,880,219","-738,042,449,951","ESTACION DE SERVICIO DE GNCV","GNV","2","635","324","5,259.12"
"2020 Sep 01 12:00:00 AM","2,020","9","1","15,152","BOYACA","DUITAMA","58,906,025,887","-730,670,928,955","ESTACION DE SERVICIO DE GNCV","GNV","2","220","157","1,920.82"
"2020 Sep 19 12:00:00 AM","2,020","9","19","15,150","BOYACA","TUNJA","55,184,726,715","-733,780,212,402","ESTACION DE SERVICIO DE GNCV","GNV","3","365","260","3,880.97"
"2020 Sep 25 12:00:00 AM","2,020","9","25","15,151","BOYACA","CHIQUINQUIRA","56,224,880,219","-738,042,449,951","ESTACION DE SERVICIO DE GNCV","GNV","2","651","391","5,239.16"
"2020 Sep 21 12:00:00 AM","2,020","9","21","15,157","BOYACA","SOGAMOSO","56,466,722,488","-728,709,564,209","ESTACION DE SERVICIO DE GNCV","GNV","1","236","153","2,091.36"
"2020 Sep 08 12:00:00 AM","2,020","9","8","15,151","BOYACA","CHIQUINQUIRA","56,224,880,219","-738,042,449,951","ESTACION DE SERVICIO DE GNCV","GNV","2","618","375","5,137.17"
"2020 Sep 20 12:00:00 AM","2,020","9","20","15,151","BOYACA","CHIQUINQUIRA","56,224,880,219","-738,042,449,951","ESTACION DE SERVICIO DE GNCV","GNV","2","598","339","4,773.96"
"2020 Sep 05 12:00:00 AM","2,020","9","5","15,157","BOYACA","SOGAMOSO","56,466,722,488","-728,709,564,209","ESTACION DE SERVICIO DE GNCV","GNV","1","220","138","1,860.41"
"2020 Sep 20 12:00:00 AM","2,020","9","20","15,152","BOYACA","DUITAMA","58,906,025,887","-730,670,928,955","ESTACION DE SERVICIO DE GNCV","GNV","2","218","145","1,851.23"
"2020 Sep 17 12:00:00 AM","2,020","9","17","15,152","BOYACA","DUITAMA","58,906,025,887","-730,670,928,955","ESTACION DE SERVICIO DE GNCV","GNV","2","249","177","2,280.95"
"2020 Sep 08 12:00:00 AM","2,020","9","8","15,157","BOYACA","SOGAMOSO","56,466,722,488","-728,709,564,209","ESTACION DE SERVICIO DE GNCV","GNV","1","178","120","1,721.04"
"2020 Sep 10 12:00:00 AM","2,020","9","10","15,151","BOYACA","CHIQUINQUIRA","56,224,880,219","-738,042,449,951","ESTACION DE SERVICIO DE GNCV","GNV","2","595","354","4,634.78"
"2020 Sep 24 12:00:00 AM","2,020","9","24","15,151","BOYACA","CHIQUINQUIRA","56,224,880,219","-738,042,449,951","ESTACION DE SERVICIO DE GNCV","GNV","2","644","384","4,961.41"
"2020 Sep 15 12:00:00 AM","2,020","9","15","15,151","BOYACA","CHIQUINQUIRA","56,224,880,219","-738,042,449,951","ESTACION DE SERVICIO DE GNCV","GNV","2","634","377","5,168.89"
"2020 Sep 15 12:00:00 AM","2,020","9","15","15,150","BOYACA","TUNJA","55,184,726,715","-733,780,212,402","ESTACION DE SERVICIO DE GNCV","GNV","3","326","242","3,489.9"
"2020 Sep 21 12:00:00 AM","2,020","9","21","15,151","BOYACA","CHIQUINQUIRA","56,224,880,219","-738,042,449,951","ESTACION DE SERVICIO DE GNCV","GNV","2","621","371","4,901.26"
"2020 Sep 26 12:00:00 AM","2,020","9","26","15,150","BOYACA","TUNJA","55,184,726,715","-733,780,212,402","ESTACION DE SERVICIO DE GNCV","GNV","3","335","238","3,508.15"
"2020 Sep 03 12:00:00 AM","2,020","9","3","15,157","BOYACA","SOGAMOSO","56,466,722,488","-728,709,564,209","ESTACION DE SERVICIO DE GNCV","GNV","1","214","139","2,057.12"
"2020 Sep 24 12:00:00 AM","2,020","9","24","15,157","BOYACA","SOGAMOSO","56,466,722,488","-728,709,564,209","ESTACION DE SERVICIO DE GNCV","GNV","1","191","140","1,818.3"
"2020 Sep 29 12:00:00 AM","2,020","9","29","15,157","BOYACA","SOGAMOSO","56,466,722,488","-728,709,564,209","ESTACION DE SERVICIO DE GNCV","GNV","1","217","141","2,038.17"
"2020 Sep 20 12:00:00 AM","2,020","9","20","15,150","BOYACA","TUNJA","55,184,726,715","-733,780,212,402","ESTACION DE SERVICIO DE GNCV","GNV","3","268","193","2,718.51"
"2020 Sep 21 12:00:00 AM","2,020","9","21","15,150","BOYACA","TUNJA","55,184,726,715","-733,780,212,402","ESTACION DE SERVICIO DE GNCV","GNV","3","325","227","3,453.16"
"2020 Sep 27 12:00:00 AM","2,020","9","27","15,152","BOYACA","DUITAMA","58,906,025,887","-730,670,928,955","ESTACION DE SERVICIO DE GNCV","GNV","2","184","117","1,465.21"
"2020 Sep 27 12:00:00 AM","2,020","9","27","15,157","BOYACA","SOGAMOSO","56,466,722,488","-728,709,564,209","ESTACION DE SERVICIO DE GNCV","GNV","1","221","138","1,807.44"
"2020 Sep 05 12:00:00 AM","2,020","9","5","15,151","BOYACA","CHIQUINQUIRA","56,224,880,219","-738,042,449,951","ESTACION DE SERVICIO DE GNCV","GNV","2","620","352","4,608.12"
"2020 Sep 09 12:00:00 AM","2,020","9","9","15,157","BOYACA","SOGAMOSO","56,466,722,488","-728,709,564,209","ESTACION DE SERVICIO DE GNCV","GNV","1","213","132","1,821.61"
"2020 Sep 12 12:00:00 AM","2,020","9","12","15,151","BOYACA","CHIQUINQUIRA","56,224,880,219","-738,042,449,951","ESTACION DE SERVICIO DE GNCV","GNV","2","638","361","4,870.64"
"2020 Sep 05 12:00:00 AM","2,020","9","5","15,152","BOYACA","DUITAMA","58,906,025,887","-730,670,928,955","ESTACION DE SERVICIO DE GNCV","GNV","2","250","175","2,307.53"
"2020 Sep 11 12:00:00 AM","2,020","9","11","15,151","BOYACA","CHIQUINQUIRA","56,224,880,219","-738,042,449,951","ESTACION DE SERVICIO DE GNCV","GNV","2","626","365","4,950.92"
"2020 Sep 15 12:00:00 AM","2,020","9","15","15,152","BOYACA","DUITAMA","58,906,025,887","-730,670,928,955","ESTACION DE SERVICIO DE GNCV","GNV","2","254","191","2,264.99"
"2020 Sep 19 12:00:00 AM","2,020","9","19","15,157","BOYACA","SOGAMOSO","56,466,722,488","-728,709,564,209","ESTACION DE SERVICIO DE GNCV","GNV","1","240","137","2,030.95"
"2020 Sep 29 12:00:00 AM","2,020","9","29","15,152","BOYACA","DUITAMA","58,906,025,887","-730,670,928,955","ESTACION DE SERVICIO DE GNCV","GNV","2","234","175","2,199.78"
"2020 Sep 14 12:00:00 AM","2,020","9","14","15,150","BOYACA","TUNJA","55,184,726,715","-733,780,212,402","ESTACION DE SERVICIO DE GNCV","GNV","3","351","252","3,824.59"
"2020 Sep 28 12:00:00 AM","2,020","9","28","15,152","BOYACA","DUITAMA","58,906,025,887","-730,670,928,955","ESTACION DE SERVICIO DE GNCV","GNV","2","236","178","2,299.11"
"2020 Sep 27 12:00:00 AM","2,020","9","27","15,151","BOYACA","CHIQUINQUIRA","56,224,880,219","-738,042,449,951","ESTACION DE SERVICIO DE GNCV","GNV","2","539","311","4,060.01"
"2020 Sep 10 12:00:00 AM","2,020","9","10","15,152","BOYACA","DUITAMA","58,906,025,887","-730,670,928,955","ESTACION DE SERVICIO DE GNCV","GNV","2","220","169","2,104.69"
"2020 Sep 04 12:00:00 AM","2,020","9","4","15,157","BOYACA","SOGAMOSO","56,466,722,488","-728,709,564,209","ESTACION DE SERVICIO DE GNCV","GNV","1","186","133","1,804.36"
"2020 Sep 04 12:00:00 AM","2,020","9","4","15,150","BOYACA","TUNJA","55,184,726,715","-733,780,212,402","ESTACION DE SERVICIO DE GNCV","GNV","3","379","275","3,940.21"
"2020 Sep 12 12:00:00 AM","2,020","9","12","15,150","BOYACA","TUNJA","55,184,726,715","-733,780,212,402","ESTACION DE SERVICIO DE GNCV","GNV","3","331","235","3,422.68"
"2020 Sep 03 12:00:00 AM","2,020","9","3","15,152","BOYACA","DUITAMA","58,906,025,887","-730,670,928,955","ESTACION DE SERVICIO DE GNCV","GNV","2","236","173","2,344.88"
"2020 Sep 25 12:00:00 AM","2,020","9","25","15,150","BOYACA","TUNJA","55,184,726,715","-733,780,212,402","ESTACION DE SERVICIO DE GNCV","GNV","3","330","237","3,547.85"
"2020 Sep 28 12:00:00 AM","2,020","9","28","15,150","BOYACA","TUNJA","55,184,726,715","-733,780,212,402","ESTACION DE SERVICIO DE GNCV","GNV","3","338","247","3,798.55"
"2020 Sep 27 12:00:00 AM","2,020","9","27","15,150","BOYACA","TUNJA","55,184,726,715","-733,780,212,402","ESTACION DE SERVICIO DE GNCV","GNV","3","237","166","2,397.55"
"2020 Sep 12 12:00:00 AM","2,020","9","12","15,152","BOYACA","DUITAMA","58,906,025,887","-730,670,928,955","ESTACION DE SERVICIO DE GNCV","GNV","2","249","167","2,233.23"
"2020 Sep 23 12:00:00 AM","2,020","9","23","15,151","BOYACA","CHIQUINQUIRA","56,224,880,219","-738,042,449,951","ESTACION DE SERVICIO DE GNCV","GNV","2","637","369","4,893.18"
"2020 Sep 24 12:00:00 AM","2,020","9","24","15,150","BOYACA","TUNJA","55,184,726,715","-733,780,212,402","ESTACION DE SERVICIO DE GNCV","GNV","3","361","263","3,877.92"
"2020 Sep 16 12:00:00 AM","2,020","9","16","15,152","BOYACA","DUITAMA","58,906,025,887","-730,670,928,955","ESTACION DE SERVICIO DE GNCV","GNV","2","232","162","2,126.85"
"2020 Sep 26 12:00:00 AM","2,020","9","26","15,157","BOYACA","SOGAMOSO","56,466,722,488","-728,709,564,209","ESTACION DE SERVICIO DE GNCV","GNV","1","214","152","2,101.4"
"2020 Sep 29 12:00:00 AM","2,020","9","29","15,151","BOYACA","CHIQUINQUIRA","56,224,880,219","-738,042,449,951","ESTACION DE SERVICIO DE GNCV","GNV","2","593","355","4,813.98"
"2020 Sep 05 12:00:00 AM","2,020","9","5","15,150","BOYACA","TUNJA","55,184,726,715","-733,780,212,402","ESTACION DE SERVICIO DE GNCV","GNV","3","321","234","3,466.77"
"2020 Sep 29 12:00:00 AM","2,020","9","29","15,150","BOYACA","TUNJA","55,184,726,715","-733,780,212,402","ESTACION DE SERVICIO DE GNCV","GNV","3","329","236","3,538.7"
"2020 Sep 23 12:00:00 AM","2,020","9","23","15,150","BOYACA","TUNJA","55,184,726,715","-733,780,212,402","ESTACION DE SERVICIO DE GNCV","GNV","3","326","232","3,407.61"
"2020 Sep 16 12:00:00 AM","2,020","9","16","15,157","BOYACA","SOGAMOSO","56,466,722,488","-728,709,564,209","ESTACION DE SERVICIO DE GNCV","GNV","1","188","139","1,900.52"
"2020 Sep 15 12:00:00 AM","2,020","9","15","15,157","BOYACA","SOGAMOSO","56,466,722,488","-728,709,564,209","ESTACION DE SERVICIO DE GNCV","GNV","1","241","149","2,000.51"
"2020 Sep 07 12:00:00 AM","2,020","9","7","15,151","BOYACA","CHIQUINQUIRA","56,224,880,219","-738,042,449,951","ESTACION DE SERVICIO DE GNCV","GNV","2","653","384","5,040.37"
"2020 Sep 13 12:00:00 AM","2,020","9","13","15,157","BOYACA","SOGAMOSO","56,466,722,488","-728,709,564,209","ESTACION DE SERVICIO DE GNCV","GNV","1","201","126","1,648.13"
"2020 Sep 04 12:00:00 AM","2,020","9","4","15,152","BOYACA","DUITAMA","58,906,025,887","-730,670,928,955","ESTACION DE SERVICIO DE GNCV","GNV","2","214","151","1,963.89"
"2020 Sep 13 12:00:00 AM","2,020","9","13","15,151","BOYACA","CHIQUINQUIRA","56,224,880,219","-738,042,449,951","ESTACION DE SERVICIO DE GNCV","GNV","2","520","298","3,908.33"
"2020 Sep 24 12:00:00 AM","2,020","9","24","15,152","BOYACA","DUITAMA","58,906,025,887","-730,670,928,955","ESTACION DE SERVICIO DE GNCV","GNV","2","231","164","2,143.6"
"2020 Sep 25 12:00:00 AM","2,020","9","25","15,152","BOYACA","DUITAMA","58,906,025,887","-730,670,928,955","ESTACION DE SERVICIO DE GNCV","GNV","2","279","197","2,565.37"
"2020 Sep 10 12:00:00 AM","2,020","9","10","15,157","BOYACA","SOGAMOSO","56,466,722,488","-728,709,564,209","ESTACION DE SERVICIO DE GNCV","GNV","1","187","137","1,836.48"
"2020 Sep 13 12:00:00 AM","2,020","9","13","15,150","BOYACA","TUNJA","55,184,726,715","-733,780,212,402","ESTACION DE SERVICIO DE GNCV","GNV","3","204","150","2,102.19"
"2020 Sep 14 12:00:00 AM","2,020","9","14","15,157","BOYACA","SOGAMOSO","56,466,722,488","-728,709,564,209","ESTACION DE SERVICIO DE GNCV","GNV","1","233","174","3,092.63"
"2020 Aug 05 12:00:00 AM","2,020","8","5","15,151","BOYACA","CHIQUINQUIRA","56,224,880,219","-738,042,449,951","ESTACION DE SERVICIO DE GNCV","GNV","2","569","321","4,666.55"
"2020 Aug 18 12:00:00 AM","2,020","8","18","15,152","BOYACA","DUITAMA","58,906,025,887","-730,670,928,955","ESTACION DE SERVICIO DE GNCV","GNV","2","214","158","2,013.57"
"2020 Aug 03 12:00:00 AM","2,020","8","3","15,157","BOYACA","SOGAMOSO","56,466,722,488","-728,709,564,209","ESTACION DE SERVICIO DE GNCV","GNV","2","84","73","774.3"
"2020 Aug 26 12:00:00 AM","2,020","8","26","15,157","BOYACA","SOGAMOSO","56,466,722,488","-728,709,564,209","ESTACION DE SERVICIO DE GNCV","GNV","2","198","154","2.168"
"2020 Aug 21 12:00:00 AM","2,020","8","21","15,152","BOYACA","DUITAMA","58,906,025,887","-730,670,928,955","ESTACION DE SERVICIO DE GNCV","GNV","2","222","163","2,102.79"
"2020 Aug 16 12:00:00 AM","2,020","8","16","15,151","BOYACA","CHIQUINQUIRA","56,224,880,219","-738,042,449,951","ESTACION DE SERVICIO DE GNCV","GNV","2","369","218","2,490.25"
"2020 Aug 09 12:00:00 AM","2,020","8","9","15,152","BOYACA","DUITAMA","58,906,025,887","-730,670,928,955","ESTACION DE SERVICIO DE GNCV","GNV","2","149","107","1,228.61"
"2020 Aug 29 12:00:00 AM","2,020","8","29","15,150","BOYACA","TUNJA","55,184,726,715","-733,780,212,402","ESTACION DE SERVICIO DE GNCV","GNV","3","351","238","3,445.71"
"2020 Aug 21 12:00:00 AM","2,020","8","21","15,151","BOYACA","CHIQUINQUIRA","56,224,880,219","-738,042,449,951","ESTACION DE SERVICIO DE GNCV","GNV","2","539","346","4,286.21"
"2020 Aug 04 12:00:00 AM","2,020","8","4","15,151","BOYACA","CHIQUINQUIRA","56,224,880,219","-738,042,449,951","ESTACION DE SERVICIO DE GNCV","GNV","2","561","329","4,454.07"
"2020 Aug 15 12:00:00 AM","2,020","8","15","15,151","BOYACA","CHIQUINQUIRA","56,224,880,219","-738,042,449,951","ESTACION DE SERVICIO DE GNCV","GNV","2","486","288","3,595.57"
"2020 Aug 25 12:00:00 AM","2,020","8","25","15,150","BOYACA","TUNJA","55,184,726,715","-733,780,212,402","ESTACION DE SERVICIO DE GNCV","GNV","3","335","245","3,331.82"
"2020 Aug 22 12:00:00 AM","2,020","8","22","15,152","BOYACA","DUITAMA","58,906,025,887","-730,670,928,955","ESTACION DE SERVICIO DE GNCV","GNV","2","216","156","1,959.37"
"2020 Aug 13 12:00:00 AM","2,020","8","13","15,152","BOYACA","DUITAMA","58,906,025,887","-730,670,928,955","ESTACION DE SERVICIO DE GNCV","GNV","2","218","166","2,083.16"
"2020 Aug 31 12:00:00 AM","2,020","8","31","15,157","BOYACA","SOGAMOSO","56,466,722,488","-728,709,564,209","ESTACION DE SERVICIO DE GNCV","GNV","2","245","173","2,139.95"
"2020 Aug 22 12:00:00 AM","2,020","8","22","15,151","BOYACA","CHIQUINQUIRA","56,224,880,219","-738,042,449,951","ESTACION DE SERVICIO DE GNCV","GNV","2","461","292","3,459.43"
"2020 Aug 24 12:00:00 AM","2,020","8","24","15,152","BOYACA","DUITAMA","58,906,025,887","-730,670,928,955","ESTACION DE SERVICIO DE GNCV","GNV","2","208","161","1,990.3"
"2020 Aug 13 12:00:00 AM","2,020","8","13","15,150","BOYACA","TUNJA","55,184,726,715","-733,780,212,402","ESTACION DE SERVICIO DE GNCV","GNV","3","307","225","3,349.11"
"2020 Aug 25 12:00:00 AM","2,020","8","25","15,151","BOYACA","CHIQUINQUIRA","56,224,880,219","-738,042,449,951","ESTACION DE SERVICIO DE GNCV","GNV","2","481","320","3,745.53"
"2020 Aug 01 12:00:00 AM","2,020","8","1","15,151","BOYACA","CHIQUINQUIRA","56,224,880,219","-738,042,449,951","ESTACION DE SERVICIO DE GNCV","GNV","2","439","262","3,149.02"
"2020 Aug 02 12:00:00 AM","2,020","8","2","15,150","BOYACA","TUNJA","55,184,726,715","-733,780,212,402","ESTACION DE SERVICIO DE GNCV","GNV","3","165","113","1,675.82"
"2020 Aug 16 12:00:00 AM","2,020","8","16","15,150","BOYACA","TUNJA","55,184,726,715","-733,780,212,402","ESTACION DE SERVICIO DE GNCV","GNV","3","60","44","503.83"
"2020 Aug 28 12:00:00 AM","2,020","8","28","15,152","BOYACA","DUITAMA","58,906,025,887","-730,670,928,955","ESTACION DE SERVICIO DE GNCV","GNV","2","226","161","2,012.66"
"2020 Aug 17 12:00:00 AM","2,020","8","17","15,157","BOYACA","SOGAMOSO","56,466,722,488","-728,709,564,209","ESTACION DE SERVICIO DE GNCV","GNV","2","70","60","672.54"
"2020 Aug 11 12:00:00 AM","2,020","8","11","15,150","BOYACA","TUNJA","55,184,726,715","-733,780,212,402","ESTACION DE SERVICIO DE GNCV","GNV","3","379","261","3,952.07"
"2020 Aug 10 12:00:00 AM","2,020","8","10","15,157","BOYACA","SOGAMOSO","56,466,722,488","-728,709,564,209","ESTACION DE SERVICIO DE GNCV","GNV","2","87","80","861.48"
"2020 Aug 18 12:00:00 AM","2,020","8","18","15,157","BOYACA","SOGAMOSO","56,466,722,488","-728,709,564,209","ESTACION DE SERVICIO DE GNCV","GNV","2","108","93","1,218.46"
"2020 Aug 26 12:00:00 AM","2,020","8","26","15,151","BOYACA","CHIQUINQUIRA","56,224,880,219","-738,042,449,951","ESTACION DE SERVICIO DE GNCV","GNV","2","535","349","4,311.24"
"2020 Aug 20 12:00:00 AM","2,020","8","20","15,157","BOYACA","SOGAMOSO","56,466,722,488","-728,709,564,209","ESTACION DE SERVICIO DE GNCV","GNV","2","212","160","1,988.35"
"2020 Aug 31 12:00:00 AM","2,020","8","31","15,150","BOYACA","TUNJA","55,184,726,715","-733,780,212,402","ESTACION DE SERVICIO DE GNCV","GNV","3","395","288","4,367.88"
"2020 Aug 31 12:00:00 AM","2,020","8","31","15,152","BOYACA","DUITAMA","58,906,025,887","-730,670,928,955","ESTACION DE SERVICIO DE GNCV","GNV","2","228","168","2,067.62"
"2020 Aug 20 12:00:00 AM","2,020","8","20","15,152","BOYACA","DUITAMA","58,906,025,887","-730,670,928,955","ESTACION DE SERVICIO DE GNCV","GNV","2","224","170","2,198.48"
"2020 Aug 12 12:00:00 AM","2,020","8","12","15,151","BOYACA","CHIQUINQUIRA","56,224,880,219","-738,042,449,951","ESTACION DE SERVICIO DE GNCV","GNV","2","526","335","3,980.24"
"2020 Aug 18 12:00:00 AM","2,020","8","18","15,151","BOYACA","CHIQUINQUIRA","56,224,880,219","-738,042,449,951","ESTACION DE SERVICIO DE GNCV","GNV","2","566","328","4,512.08"
"2020 Aug 23 12:00:00 AM","2,020","8","23","15,157","BOYACA","SOGAMOSO","56,466,722,488","-728,709,564,209","ESTACION DE SERVICIO DE GNCV","GNV","2","198","136","1,683.12"
"2020 Aug 23 12:00:00 AM","2,020","8","23","15,151","BOYACA","CHIQUINQUIRA","56,224,880,219","-738,042,449,951","ESTACION DE SERVICIO DE GNCV","GNV","2","371","224","2,591.29"
"2020 Aug 17 12:00:00 AM","2,020","8","17","15,150","BOYACA","TUNJA","55,184,726,715","-733,780,212,402","ESTACION DE SERVICIO DE GNCV","GNV","3","81","68","688.52"
"2020 Aug 09 12:00:00 AM","2,020","8","9","15,150","BOYACA","TUNJA","55,184,726,715","-733,780,212,402","ESTACION DE SERVICIO DE GNCV","GNV","3","190","133","1,759.91"
"2020 Aug 20 12:00:00 AM","2,020","8","20","15,150","BOYACA","TUNJA","55,184,726,715","-733,780,212,402","ESTACION DE SERVICIO DE GNCV","GNV","3","349","264","3,611.34"
"2020 Aug 12 12:00:00 AM","2,020","8","12","15,150","BOYACA","TUNJA","55,184,726,715","-733,780,212,402","ESTACION DE SERVICIO DE GNCV","GNV","3","343","246","3,440.64"
"2020 Aug 19 12:00:00 AM","2,020","8","19","15,150","BOYACA","TUNJA","55,184,726,715","-733,780,212,402","ESTACION DE SERVICIO DE GNCV","GNV","3","355","251","3,603.04"
"2020 Aug 12 12:00:00 AM","2,020","8","12","15,157","BOYACA","SOGAMOSO","56,466,722,488","-728,709,564,209","ESTACION DE SERVICIO DE GNCV","GNV","2","77","69","725.44"
"2020 Aug 12 12:00:00 AM","2,020","8","12","15,152","BOYACA","DUITAMA","58,906,025,887","-730,670,928,955","ESTACION DE SERVICIO DE GNCV","GNV","2","228","156","2,030.58"
"2020 Aug 04 12:00:00 AM","2,020","8","4","15,152","BOYACA","DUITAMA","58,906,025,887","-730,670,928,955","ESTACION DE SERVICIO DE GNCV","GNV","2","200","152","1,922.15"
"2020 Aug 06 12:00:00 AM","2,020","8","6","15,150","BOYACA","TUNJA","55,184,726,715","-733,780,212,402","ESTACION DE SERVICIO DE GNCV","GNV","3","387","271","4,226.62"
"2020 Aug 29 12:00:00 AM","2,020","8","29","15,157","BOYACA","SOGAMOSO","56,466,722,488","-728,709,564,209","ESTACION DE SERVICIO DE GNCV","GNV","2","238","163","1,959.64"
"2020 Aug 27 12:00:00 AM","2,020","8","27","15,157","BOYACA","SOGAMOSO","56,466,722,488","-728,709,564,209","ESTACION DE SERVICIO DE GNCV","GNV","2","244","174","2,130.33"
"2020 Aug 09 12:00:00 AM","2,020","8","9","15,157","BOYACA","SOGAMOSO","56,466,722,488","-728,709,564,209","ESTACION DE SERVICIO DE GNCV","GNV","2","73","66","739.58"
"2020 Aug 19 12:00:00 AM","2,020","8","19","15,152","BOYACA","DUITAMA","58,906,025,887","-730,670,928,955","ESTACION DE SERVICIO DE GNCV","GNV","2","203","149","1,871.7"
"2020 Aug 05 12:00:00 AM","2,020","8","5","15,157","BOYACA","SOGAMOSO","56,466,722,488","-728,709,564,209","ESTACION DE SERVICIO DE GNCV","GNV","2","75","62","724.71"
"2020 Aug 10 12:00:00 AM","2,020","8","10","15,150","BOYACA","TUNJA","55,184,726,715","-733,780,212,402","ESTACION DE SERVICIO DE GNCV","GNV","3","348","254","3,762.31"
"2020 Aug 14 12:00:00 AM","2,020","8","14","15,152","BOYACA","DUITAMA","58,906,025,887","-730,670,928,955","ESTACION DE SERVICIO DE GNCV","GNV","2","208","153","1,815.52"
"2020 Aug 28 12:00:00 AM","2,020","8","28","15,151","BOYACA","CHIQUINQUIRA","56,224,880,219","-738,042,449,951","ESTACION DE SERVICIO DE GNCV","GNV","2","567","339","4,498.51"
"2020 Aug 02 12:00:00 AM","2,020","8","2","15,157","BOYACA","SOGAMOSO","56,466,722,488","-728,709,564,209","ESTACION DE SERVICIO DE GNCV","GNV","2","75","68","725.28"
"2020 Aug 03 12:00:00 AM","2,020","8","3","15,150","BOYACA","TUNJA","55,184,726,715","-733,780,212,402","ESTACION DE SERVICIO DE GNCV","GNV","3","339","233","3,749.28"
"2020 Aug 21 12:00:00 AM","2,020","8","21","15,150","BOYACA","TUNJA","55,184,726,715","-733,780,212,402","ESTACION DE SERVICIO DE GNCV","GNV","3","371","276","3,939.13"
"2020 Aug 07 12:00:00 AM","2,020","8","7","15,157","BOYACA","SOGAMOSO","56,466,722,488","-728,709,564,209","ESTACION DE SERVICIO DE GNCV","GNV","2","111","98","1,100.9"
"2020 Aug 27 12:00:00 AM","2,020","8","27","15,152","BOYACA","DUITAMA","58,906,025,887","-730,670,928,955","ESTACION DE SERVICIO DE GNCV","GNV","2","229","166","2,144.3"
"2020 Aug 19 12:00:00 AM","2,020","8","19","15,157","BOYACA","SOGAMOSO","56,466,722,488","-728,709,564,209","ESTACION DE SERVICIO DE GNCV","GNV","2","202","140","1,712.75"
"2020 Aug 21 12:00:00 AM","2,020","8","21","15,157","BOYACA","SOGAMOSO","56,466,722,488","-728,709,564,209","ESTACION DE SERVICIO DE GNCV","GNV","2","247","171","2,010.49"
"2020 Aug 29 12:00:00 AM","2,020","8","29","15,151","BOYACA","CHIQUINQUIRA","56,224,880,219","-738,042,449,951","ESTACION DE SERVICIO DE GNCV","GNV","2","529","315","4,090.79"
"2020 Aug 09 12:00:00 AM","2,020","8","9","15,151","BOYACA","CHIQUINQUIRA","56,224,880,219","-738,042,449,951","ESTACION DE SERVICIO DE GNCV","GNV","2","374","236","2,543.31"
"2020 Aug 03 12:00:00 AM","2,020","8","3","15,152","BOYACA","DUITAMA","58,906,025,887","-730,670,928,955","ESTACION DE SERVICIO DE GNCV","GNV","2","217","157","2,040.95"
"2020 Aug 03 12:00:00 AM","2,020","8","3","15,151","BOYACA","CHIQUINQUIRA","56,224,880,219","-738,042,449,951","ESTACION DE SERVICIO DE GNCV","GNV","2","579","329","4,633.19"
"2020 Aug 31 12:00:00 AM","2,020","8","31","15,151","BOYACA","CHIQUINQUIRA","56,224,880,219","-738,042,449,951","ESTACION DE SERVICIO DE GNCV","GNV","2","585","341","4,610.56"
"2020 Aug 24 12:00:00 AM","2,020","8","24","15,157","BOYACA","SOGAMOSO","56,466,722,488","-728,709,564,209","ESTACION DE SERVICIO DE GNCV","GNV","2","212","167","2,171.54"
"2020 Aug 07 12:00:00 AM","2,020","8","7","15,151","BOYACA","CHIQUINQUIRA","56,224,880,219","-738,042,449,951","ESTACION DE SERVICIO DE GNCV","GNV","2","595","339","4,692.15"
"2020 Aug 06 12:00:00 AM","2,020","8","6","15,157","BOYACA","SOGAMOSO","56,466,722,488","-728,709,564,209","ESTACION DE SERVICIO DE GNCV","GNV","2","106","86","1,066.17"
"2020 Aug 14 12:00:00 AM","2,020","8","14","15,157","BOYACA","SOGAMOSO","56,466,722,488","-728,709,564,209","ESTACION DE SERVICIO DE GNCV","GNV","2","99","90","1,045.31"
"2020 Aug 04 12:00:00 AM","2,020","8","4","15,157","BOYACA","SOGAMOSO","56,466,722,488","-728,709,564,209","ESTACION DE SERVICIO DE GNCV","GNV","2","99","88","1,029.71"
"2020 Aug 07 12:00:00 AM","2,020","8","7","15,150","BOYACA","TUNJA","55,184,726,715","-733,780,212,402","ESTACION DE SERVICIO DE GNCV","GNV","3","370","255","3,935.79"
"2020 Aug 06 12:00:00 AM","2,020","8","6","15,152","BOYACA","DUITAMA","58,906,025,887","-730,670,928,955","ESTACION DE SERVICIO DE GNCV","GNV","2","204","159","1,952.23"
"2020 Aug 25 12:00:00 AM","2,020","8","25","15,152","BOYACA","DUITAMA","58,906,025,887","-730,670,928,955","ESTACION DE SERVICIO DE GNCV","GNV","2","193","144","1,805.36"
"2020 Aug 17 12:00:00 AM","2,020","8","17","15,151","BOYACA","CHIQUINQUIRA","56,224,880,219","-738,042,449,951","ESTACION DE SERVICIO DE GNCV","GNV","2","460","275","3,482.74"
"2020 Aug 30 12:00:00 AM","2,020","8","30","15,157","BOYACA","SOGAMOSO","56,466,722,488","-728,709,564,209","ESTACION DE SERVICIO DE GNCV","GNV","2","173","133","1,668.91"
"2020 Aug 28 12:00:00 AM","2,020","8","28","15,157","BOYACA","SOGAMOSO","56,466,722,488","-728,709,564,209","ESTACION DE SERVICIO DE GNCV","GNV","2","222","164","2,001.54"
"2020 Aug 01 12:00:00 AM","2,020","8","1","15,150","BOYACA","TUNJA","55,184,726,715","-733,780,212,402","ESTACION DE SERVICIO DE GNCV","GNV","3","264","185","2,857.03"
"2020 Aug 23 12:00:00 AM","2,020","8","23","15,152","BOYACA","DUITAMA","58,906,025,887","-730,670,928,955","ESTACION DE SERVICIO DE GNCV","GNV","2","155","106","1,294.06"
"2020 Aug 30 12:00:00 AM","2,020","8","30","15,150","BOYACA","TUNJA","55,184,726,715","-733,780,212,402","ESTACION DE SERVICIO DE GNCV","GNV","3","209","151","2,080.67"
"2020 Aug 23 12:00:00 AM","2,020","8","23","15,150","BOYACA","TUNJA","55,184,726,715","-733,780,212,402","ESTACION DE SERVICIO DE GNCV","GNV","3","187","130","1,769.16"
"2020 Aug 15 12:00:00 AM","2,020","8","15","15,150","BOYACA","TUNJA","55,184,726,715","-733,780,212,402","ESTACION DE SERVICIO DE GNCV","GNV","3","92","64","738.17"
"2020 Aug 16 12:00:00 AM","2,020","8","16","15,157","BOYACA","SOGAMOSO","56,466,722,488","-728,709,564,209","ESTACION DE SERVICIO DE GNCV","GNV","2","51","44","523.18"
"2020 Aug 15 12:00:00 AM","2,020","8","15","15,152","BOYACA","DUITAMA","58,906,025,887","-730,670,928,955","ESTACION DE SERVICIO DE GNCV","GNV","2","215","149","1,863.05"
"2020 Aug 05 12:00:00 AM","2,020","8","5","15,152","BOYACA","DUITAMA","58,906,025,887","-730,670,928,955","ESTACION DE SERVICIO DE GNCV","GNV","2","210","167","2,035.03"
"2020 Aug 10 12:00:00 AM","2,020","8","10","15,151","BOYACA","CHIQUINQUIRA","56,224,880,219","-738,042,449,951","ESTACION DE SERVICIO DE GNCV","GNV","2","535","346","4,396.29"
"2020 Aug 26 12:00:00 AM","2,020","8","26","15,152","BOYACA","DUITAMA","58,906,025,887","-730,670,928,955","ESTACION DE SERVICIO DE GNCV","GNV","2","225","163","1,959.95"
"2020 Aug 13 12:00:00 AM","2,020","8","13","15,151","BOYACA","CHIQUINQUIRA","56,224,880,219","-738,042,449,951","ESTACION DE SERVICIO DE GNCV","GNV","2","514","325","4,076.48"
"2020 Aug 25 12:00:00 AM","2,020","8","25","15,157","BOYACA","SOGAMOSO","56,466,722,488","-728,709,564,209","ESTACION DE SERVICIO DE GNCV","GNV","2","198","141","1,758.36"
"2020 Aug 14 12:00:00 AM","2,020","8","14","15,151","BOYACA","CHIQUINQUIRA","56,224,880,219","-738,042,449,951","ESTACION DE SERVICIO DE GNCV","GNV","2","551","335","4,358.51"
"2020 Aug 08 12:00:00 AM","2,020","8","8","15,151","BOYACA","CHIQUINQUIRA","56,224,880,219","-738,042,449,951","ESTACION DE SERVICIO DE GNCV","GNV","2","449","269","3,302.66"
"2020 Aug 22 12:00:00 AM","2,020","8","22","15,157","BOYACA","SOGAMOSO","56,466,722,488","-728,709,564,209","ESTACION DE SERVICIO DE GNCV","GNV","2","207","151","2,155.15"
"2020 Aug 02 12:00:00 AM","2,020","8","2","15,152","BOYACA","DUITAMA","58,906,025,887","-730,670,928,955","ESTACION DE SERVICIO DE GNCV","GNV","2","163","100","1,344.7"
"2020 Aug 04 12:00:00 AM","2,020","8","4","15,150","BOYACA","TUNJA","55,184,726,715","-733,780,212,402","ESTACION DE SERVICIO DE GNCV","GNV","3","319","227","3,606.23"
"2020 Aug 01 12:00:00 AM","2,020","8","1","15,157","BOYACA","SOGAMOSO","56,466,722,488","-728,709,564,209","ESTACION DE SERVICIO DE GNCV","GNV","2","120","97","1,090.11"
"2020 Aug 11 12:00:00 AM","2,020","8","11","15,152","BOYACA","DUITAMA","58,906,025,887","-730,670,928,955","ESTACION DE SERVICIO DE GNCV","GNV","2","219","161","2,127.78"
"2020 Aug 24 12:00:00 AM","2,020","8","24","15,151","BOYACA","CHIQUINQUIRA","56,224,880,219","-738,042,449,951","ESTACION DE SERVICIO DE GNCV","GNV","2","573","360","4,530.33"
"2020 Aug 27 12:00:00 AM","2,020","8","27","15,151","BOYACA","CHIQUINQUIRA","56,224,880,219","-738,042,449,951","ESTACION DE SERVICIO DE GNCV","GNV","2","529","342","4,176.44"
"2020 Aug 26 12:00:00 AM","2,020","8","26","15,150","BOYACA","TUNJA","55,184,726,715","-733,780,212,402","ESTACION DE SERVICIO DE GNCV","GNV","3","316","237","3,362.57"
"2020 Aug 06 12:00:00 AM","2,020","8","6","15,151","BOYACA","CHIQUINQUIRA","56,224,880,219","-738,042,449,951","ESTACION DE SERVICIO DE GNCV","GNV","2","587","318","4,813.21"
"2020 Aug 13 12:00:00 AM","2,020","8","13","15,157","BOYACA","SOGAMOSO","56,466,722,488","-728,709,564,209","ESTACION DE SERVICIO DE GNCV","GNV","2","106","88","1,106.95"
"2020 Aug 27 12:00:00 AM","2,020","8","27","15,150","BOYACA","TUNJA","55,184,726,715","-733,780,212,402","ESTACION DE SERVICIO DE GNCV","GNV","3","311","235","3,406.24"
"2020 Aug 28 12:00:00 AM","2,020","8","28","15,150","BOYACA","TUNJA","55,184,726,715","-733,780,212,402","ESTACION DE SERVICIO DE GNCV","GNV","3","385","279","3,939.17"
"2020 Aug 30 12:00:00 AM","2,020","8","30","15,151","BOYACA","CHIQUINQUIRA","56,224,880,219","-738,042,449,951","ESTACION DE SERVICIO DE GNCV","GNV","2","401","235","2,861.47"
"2020 Aug 11 12:00:00 AM","2,020","8","11","15,151","BOYACA","CHIQUINQUIRA","56,224,880,219","-738,042,449,951","ESTACION DE SERVICIO DE GNCV","GNV","2","518","342","4,172.36"
"2020 Aug 16 12:00:00 AM","2,020","8","16","15,152","BOYACA","DUITAMA","58,906,025,887","-730,670,928,955","ESTACION DE SERVICIO DE GNCV","GNV","2","162","105","1,221.72"
"2020 Aug 17 12:00:00 AM","2,020","8","17","15,152","BOYACA","DUITAMA","58,906,025,887","-730,670,928,955","ESTACION DE SERVICIO DE GNCV","GNV","2","146","106","1,200.94"
"2020 Aug 08 12:00:00 AM","2,020","8","8","15,150","BOYACA","TUNJA","55,184,726,715","-733,780,212,402","ESTACION DE SERVICIO DE GNCV","GNV","3","330","222","3,387.41"
"2020 Aug 19 12:00:00 AM","2,020","8","19","15,151","BOYACA","CHIQUINQUIRA","56,224,880,219","-738,042,449,951","ESTACION DE SERVICIO DE GNCV","GNV","2","546","305","4,308.58"
"2020 Aug 01 12:00:00 AM","2,020","8","1","15,152","BOYACA","DUITAMA","58,906,025,887","-730,670,928,955","ESTACION DE SERVICIO DE GNCV","GNV","2","205","144","1,837.01"
"2020 Aug 29 12:00:00 AM","2,020","8","29","15,152","BOYACA","DUITAMA","58,906,025,887","-730,670,928,955","ESTACION DE SERVICIO DE GNCV","GNV","2","231","158","2,290.07"
"2020 Aug 10 12:00:00 AM","2,020","8","10","15,152","BOYACA","DUITAMA","58,906,025,887","-730,670,928,955","ESTACION DE SERVICIO DE GNCV","GNV","2","219","158","1,802.44"
"2020 Aug 05 12:00:00 AM","2,020","8","5","15,150","BOYACA","TUNJA","55,184,726,715","-733,780,212,402","ESTACION DE SERVICIO DE GNCV","GNV","3","354","250","3,745.07"
"2020 Aug 24 12:00:00 AM","2,020","8","24","15,150","BOYACA","TUNJA","55,184,726,715","-733,780,212,402","ESTACION DE SERVICIO DE GNCV","GNV","3","347","255","3,650.08"
"2020 Aug 08 12:00:00 AM","2,020","8","8","15,157","BOYACA","SOGAMOSO","56,466,722,488","-728,709,564,209","ESTACION DE SERVICIO DE GNCV","GNV","2","80","75","763.77"
"2020 Aug 02 12:00:00 AM","2,020","8","2","15,151","BOYACA","CHIQUINQUIRA","56,224,880,219","-738,042,449,951","ESTACION DE SERVICIO DE GNCV","GNV","2","341","218","2,434.39"
"2020 Aug 14 12:00:00 AM","2,020","8","14","15,150","BOYACA","TUNJA","55,184,726,715","-733,780,212,402","ESTACION DE SERVICIO DE GNCV","GNV","3","426","305","4,529.45"
"2020 Aug 18 12:00:00 AM","2,020","8","18","15,150","BOYACA","TUNJA","55,184,726,715","-733,780,212,402","ESTACION DE SERVICIO DE GNCV","GNV","3","416","295","4,557.81"
"2020 Aug 08 12:00:00 AM","2,020","8","8","15,152","BOYACA","DUITAMA","58,906,025,887","-730,670,928,955","ESTACION DE SERVICIO DE GNCV","GNV","2","216","151","2,018.58"
"2020 Aug 22 12:00:00 AM","2,020","8","22","15,150","BOYACA","TUNJA","55,184,726,715","-733,780,212,402","ESTACION DE SERVICIO DE GNCV","GNV","3","326","235","3,333.65"
"2020 Aug 07 12:00:00 AM","2,020","8","7","15,152","BOYACA","DUITAMA","58,906,025,887","-730,670,928,955","ESTACION DE SERVICIO DE GNCV","GNV","2","192","117","1,666.96"
"2020 Aug 30 12:00:00 AM","2,020","8","30","15,152","BOYACA","DUITAMA","58,906,025,887","-730,670,928,955","ESTACION DE SERVICIO DE GNCV","GNV","2","172","113","1,422.92"
"2020 Aug 20 12:00:00 AM","2,020","8","20","15,151","BOYACA","CHIQUINQUIRA","56,224,880,219","-738,042,449,951","ESTACION DE SERVICIO DE GNCV","GNV","2","531","341","4,266.93"
"2020 Aug 15 12:00:00 AM","2,020","8","15","15,157","BOYACA","SOGAMOSO","56,466,722,488","-728,709,564,209","ESTACION DE SERVICIO DE GNCV","GNV","2","93","80","973.36"
"2020 Aug 11 12:00:00 AM","2,020","8","11","15,157","BOYACA","SOGAMOSO","56,466,722,488","-728,709,564,209","ESTACION DE SERVICIO DE GNCV","GNV","2","121","97","1,127.95"
"2020 Jul 29 12:00:00 AM","2,020","7","29","15,150","BOYACA","TUNJA","55,184,726,715","-733,780,212,402","ESTACION DE SERVICIO DE GNCV","GNV","3","343","239","3,467.09"
"2020 Jul 23 12:00:00 AM","2,020","7","23","15,151","BOYACA","CHIQUINQUIRA","56,224,880,219","-738,042,449,951","ESTACION DE SERVICIO DE GNCV","GNV","2","562","330","4,203.69"
"2020 Jul 21 12:00:00 AM","2,020","7","21","15,150","BOYACA","TUNJA","55,184,726,715","-733,780,212,402","ESTACION DE SERVICIO DE GNCV","GNV","3","323","231","3,637.41"
"2020 Jul 28 12:00:00 AM","2,020","7","28","15,152","BOYACA","DUITAMA","58,906,025,887","-730,670,928,955","ESTACION DE SERVICIO DE GNCV","GNV","2","210","162","1,782.31"
"2020 Jul 03 12:00:00 AM","2,020","7","3","15,151","BOYACA","CHIQUINQUIRA","56,224,880,219","-738,042,449,951","ESTACION DE SERVICIO DE GNCV","GNV","2","547","337","4,265.95"
"2020 Jul 05 12:00:00 AM","2,020","7","5","15,157","BOYACA","SOGAMOSO","56,466,722,488","-728,709,564,209","ESTACION DE SERVICIO DE GNCV","GNV","2","68","58","726.87"
"2020 Jul 17 12:00:00 AM","2,020","7","17","15,157","BOYACA","SOGAMOSO","56,466,722,488","-728,709,564,209","ESTACION DE SERVICIO DE GNCV","GNV","2","98","88","939.28"
"2020 Jul 08 12:00:00 AM","2,020","7","8","15,150","BOYACA","TUNJA","55,184,726,715","-733,780,212,402","ESTACION DE SERVICIO DE GNCV","GNV","3","349","265","3,829.97"
"2020 Jul 24 12:00:00 AM","2,020","7","24","15,152","BOYACA","DUITAMA","58,906,025,887","-730,670,928,955","ESTACION DE SERVICIO DE GNCV","GNV","2","221","167","2,056.4"
"2020 Jul 24 12:00:00 AM","2,020","7","24","15,151","BOYACA","CHIQUINQUIRA","56,224,880,219","-738,042,449,951","ESTACION DE SERVICIO DE GNCV","GNV","2","540","324","4,058.36"
"2020 Jul 08 12:00:00 AM","2,020","7","8","15,151","BOYACA","CHIQUINQUIRA","56,224,880,219","-738,042,449,951","ESTACION DE SERVICIO DE GNCV","GNV","2","529","317","4,294.22"
"2020 Jul 17 12:00:00 AM","2,020","7","17","15,150","BOYACA","TUNJA","55,184,726,715","-733,780,212,402","ESTACION DE SERVICIO DE GNCV","GNV","3","428","301","4,751.05"
"2020 Jul 07 12:00:00 AM","2,020","7","7","15,157","BOYACA","SOGAMOSO","56,466,722,488","-728,709,564,209","ESTACION DE SERVICIO DE GNCV","GNV","2","98","85","1,020.48"
"2020 Jul 21 12:00:00 AM","2,020","7","21","15,157","BOYACA","SOGAMOSO","56,466,722,488","-728,709,564,209","ESTACION DE SERVICIO DE GNCV","GNV","2","90","79","868.58"
"2020 Jul 31 12:00:00 AM","2,020","7","31","15,151","BOYACA","CHIQUINQUIRA","56,224,880,219","-738,042,449,951","ESTACION DE SERVICIO DE GNCV","GNV","2","553","318","4,546.89"
"2020 Jul 30 12:00:00 AM","2,020","7","30","15,150","BOYACA","TUNJA","55,184,726,715","-733,780,212,402","ESTACION DE SERVICIO DE GNCV","GNV","3","337","238","3,674.75"
"2020 Jul 10 12:00:00 AM","2,020","7","10","15,150","BOYACA","TUNJA","55,184,726,715","-733,780,212,402","ESTACION DE SERVICIO DE GNCV","GNV","3","370","262","3,846.58"
"2020 Jul 30 12:00:00 AM","2,020","7","30","15,152","BOYACA","DUITAMA","58,906,025,887","-730,670,928,955","ESTACION DE SERVICIO DE GNCV","GNV","2","235","180","2,322.9"
"2020 Jul 24 12:00:00 AM","2,020","7","24","15,157","BOYACA","SOGAMOSO","56,466,722,488","-728,709,564,209","ESTACION DE SERVICIO DE GNCV","GNV","2","79","70","790.55"
"2020 Jul 20 12:00:00 AM","2,020","7","20","15,150","BOYACA","TUNJA","55,184,726,715","-733,780,212,402","ESTACION DE SERVICIO DE GNCV","GNV","3","175","119","1,697.5"
"2020 Jul 09 12:00:00 AM","2,020","7","9","15,150","BOYACA","TUNJA","55,184,726,715","-733,780,212,402","ESTACION DE SERVICIO DE GNCV","GNV","3","334","235","3,581.03"
"2020 Jul 26 12:00:00 AM","2,020","7","26","15,150","BOYACA","TUNJA","55,184,726,715","-733,780,212,402","ESTACION DE SERVICIO DE GNCV","GNV","3","156","106","1,784.13"
"2020 Jul 06 12:00:00 AM","2,020","7","6","15,151","BOYACA","CHIQUINQUIRA","56,224,880,219","-738,042,449,951","ESTACION DE SERVICIO DE GNCV","GNV","2","567","311","4,399.72"
"2020 Jul 29 12:00:00 AM","2,020","7","29","15,151","BOYACA","CHIQUINQUIRA","56,224,880,219","-738,042,449,951","ESTACION DE SERVICIO DE GNCV","GNV","2","557","270","4,546.49"
"2020 Jul 28 12:00:00 AM","2,020","7","28","15,150","BOYACA","TUNJA","55,184,726,715","-733,780,212,402","ESTACION DE SERVICIO DE GNCV","GNV","3","346","253","3,813.79"
"2020 Jul 04 12:00:00 AM","2,020","7","4","15,150","BOYACA","TUNJA","55,184,726,715","-733,780,212,402","ESTACION DE SERVICIO DE GNCV","GNV","3","325","207","3,584.46"
"2020 Jul 03 12:00:00 AM","2,020","7","3","15,152","BOYACA","DUITAMA","58,906,025,887","-730,670,928,955","ESTACION DE SERVICIO DE GNCV","GNV","2","286","153","2,444.96"
"2020 Jul 01 12:00:00 AM","2,020","7","1","15,157","BOYACA","SOGAMOSO","56,466,722,488","-728,709,564,209","ESTACION DE SERVICIO DE GNCV","GNV","2","86","75","802.14"
"2020 Jul 14 12:00:00 AM","2,020","7","14","15,150","BOYACA","TUNJA","55,184,726,715","-733,780,212,402","ESTACION DE SERVICIO DE GNCV","GNV","3","318","226","3,543.16"
"2020 Jul 11 12:00:00 AM","2,020","7","11","15,157","BOYACA","SOGAMOSO","56,466,722,488","-728,709,564,209","ESTACION DE SERVICIO DE GNCV","GNV","2","111","90","1,059.84"
"2020 Jul 16 12:00:00 AM","2,020","7","16","15,157","BOYACA","SOGAMOSO","56,466,722,488","-728,709,564,209","ESTACION DE SERVICIO DE GNCV","GNV","2","78","70","868.35"
"2020 Jul 27 12:00:00 AM","2,020","7","27","15,152","BOYACA","DUITAMA","58,906,025,887","-730,670,928,955","ESTACION DE SERVICIO DE GNCV","GNV","2","199","155","1,959.4"
"2020 Jul 19 12:00:00 AM","2,020","7","19","15,150","BOYACA","TUNJA","55,184,726,715","-733,780,212,402","ESTACION DE SERVICIO DE GNCV","GNV","3","128","83","1,210.81"
"2020 Jul 12 12:00:00 AM","2,020","7","12","15,152","BOYACA","DUITAMA","58,906,025,887","-730,670,928,955","ESTACION DE SERVICIO DE GNCV","GNV","2","153","109","1,308.7"
"2020 Jul 16 12:00:00 AM","2,020","7","16","15,151","BOYACA","CHIQUINQUIRA","56,224,880,219","-738,042,449,951","ESTACION DE SERVICIO DE GNCV","GNV","2","528","323","4,032.42"
"2020 Jul 24 12:00:00 AM","2,020","7","24","15,150","BOYACA","TUNJA","55,184,726,715","-733,780,212,402","ESTACION DE SERVICIO DE GNCV","GNV","3","390","271","4,370.3"
"2020 Jul 15 12:00:00 AM","2,020","7","15","15,150","BOYACA","TUNJA","55,184,726,715","-733,780,212,402","ESTACION DE SERVICIO DE GNCV","GNV","3","333","238","3,400.23"
"2020 Jul 19 12:00:00 AM","2,020","7","19","15,152","BOYACA","DUITAMA","58,906,025,887","-730,670,928,955","ESTACION DE SERVICIO DE GNCV","GNV","2","149","98","1,094.51"
"2020 Jul 05 12:00:00 AM","2,020","7","5","15,150","BOYACA","TUNJA","55,184,726,715","-733,780,212,402","ESTACION DE SERVICIO DE GNCV","GNV","3","212","146","2,151.88"
"2020 Jul 22 12:00:00 AM","2,020","7","22","15,150","BOYACA","TUNJA","55,184,726,715","-733,780,212,402","ESTACION DE SERVICIO DE GNCV","GNV","3","346","240","3,703.27"
"2020 Jul 12 12:00:00 AM","2,020","7","12","15,150","BOYACA","TUNJA","55,184,726,715","-733,780,212,402","ESTACION DE SERVICIO DE GNCV","GNV","3","204","145","2,099.44"
"2020 Jul 25 12:00:00 AM","2,020","7","25","15,152","BOYACA","DUITAMA","58,906,025,887","-730,670,928,955","ESTACION DE SERVICIO DE GNCV","GNV","2","209","143","1,957.04"
"2020 Jul 22 12:00:00 AM","2,020","7","22","15,152","BOYACA","DUITAMA","58,906,025,887","-730,670,928,955","ESTACION DE SERVICIO DE GNCV","GNV","2","215","169","1,973.21"
"2020 Jul 29 12:00:00 AM","2,020","7","29","15,157","BOYACA","SOGAMOSO","56,466,722,488","-728,709,564,209","ESTACION DE SERVICIO DE GNCV","GNV","2","80","72","771.47"
"2020 Jul 29 12:00:00 AM","2,020","7","29","15,152","BOYACA","DUITAMA","58,906,025,887","-730,670,928,955","ESTACION DE SERVICIO DE GNCV","GNV","2","219","166","1,895.52"
"2020 Jul 06 12:00:00 AM","2,020","7","6","15,152","BOYACA","DUITAMA","58,906,025,887","-730,670,928,955","ESTACION DE SERVICIO DE GNCV","GNV","2","238","170","2,129.38"
"2020 Jul 26 12:00:00 AM","2,020","7","26","15,157","BOYACA","SOGAMOSO","56,466,722,488","-728,709,564,209","ESTACION DE SERVICIO DE GNCV","GNV","2","71","64","704.31"
"2020 Jul 28 12:00:00 AM","2,020","7","28","15,157","BOYACA","SOGAMOSO","56,466,722,488","-728,709,564,209","ESTACION DE SERVICIO DE GNCV","GNV","2","85","74","864.74"
"2020 Jul 04 12:00:00 AM","2,020","7","4","15,157","BOYACA","SOGAMOSO","56,466,722,488","-728,709,564,209","ESTACION DE SERVICIO DE GNCV","GNV","2","88","74","1,034.8"
"2020 Jul 10 12:00:00 AM","2,020","7","10","15,157","BOYACA","SOGAMOSO","56,466,722,488","-728,709,564,209","ESTACION DE SERVICIO DE GNCV","GNV","2","89","78","859.08"
"2020 Jul 09 12:00:00 AM","2,020","7","9","15,157","BOYACA","SOGAMOSO","56,466,722,488","-728,709,564,209","ESTACION DE SERVICIO DE GNCV","GNV","2","78","71","714.61"
"2020 Jul 31 12:00:00 AM","2,020","7","31","15,152","BOYACA","DUITAMA","58,906,025,887","-730,670,928,955","ESTACION DE SERVICIO DE GNCV","GNV","2","231","167","2,206.68"
"2020 Jul 22 12:00:00 AM","2,020","7","22","15,157","BOYACA","SOGAMOSO","56,466,722,488","-728,709,564,209","ESTACION DE SERVICIO DE GNCV","GNV","2","76","71","817.97"
"2020 Jul 30 12:00:00 AM","2,020","7","30","15,151","BOYACA","CHIQUINQUIRA","56,224,880,219","-738,042,449,951","ESTACION DE SERVICIO DE GNCV","GNV","2","545","287","4,373.07"
"2020 Jul 27 12:00:00 AM","2,020","7","27","15,151","BOYACA","CHIQUINQUIRA","56,224,880,219","-738,042,449,951","ESTACION DE SERVICIO DE GNCV","GNV","2","522","268","4,040.48"
"2020 Jul 14 12:00:00 AM","2,020","7","14","15,151","BOYACA","CHIQUINQUIRA","56,224,880,219","-738,042,449,951","ESTACION DE SERVICIO DE GNCV","GNV","2","509","336","4,069.98"
"2020 Jul 06 12:00:00 AM","2,020","7","6","15,150","BOYACA","TUNJA","55,184,726,715","-733,780,212,402","ESTACION DE SERVICIO DE GNCV","GNV","3","335","244","3,725.26"
"2020 Jul 25 12:00:00 AM","2,020","7","25","15,157","BOYACA","SOGAMOSO","56,466,722,488","-728,709,564,209","ESTACION DE SERVICIO DE GNCV","GNV","2","89","74","884.5"
"2020 Jul 30 12:00:00 AM","2,020","7","30","15,157","BOYACA","SOGAMOSO","56,466,722,488","-728,709,564,209","ESTACION DE SERVICIO DE GNCV","GNV","2","80","67","827.5"
"2020 Jul 02 12:00:00 AM","2,020","7","2","15,152","BOYACA","DUITAMA","58,906,025,887","-730,670,928,955","ESTACION DE SERVICIO DE GNCV","GNV","2","222","153","1,923.93"
"2020 Jul 31 12:00:00 AM","2,020","7","31","15,150","BOYACA","TUNJA","55,184,726,715","-733,780,212,402","ESTACION DE SERVICIO DE GNCV","GNV","3","394","260","4,419.4"
"2020 Jul 16 12:00:00 AM","2,020","7","16","15,150","BOYACA","TUNJA","55,184,726,715","-733,780,212,402","ESTACION DE SERVICIO DE GNCV","GNV","3","306","206","3,272.01"
"2020 Jul 07 12:00:00 AM","2,020","7","7","15,151","BOYACA","CHIQUINQUIRA","56,224,880,219","-738,042,449,951","ESTACION DE SERVICIO DE GNCV","GNV","2","536","317","4,242.35"
"2020 Jul 12 12:00:00 AM","2,020","7","12","15,157","BOYACA","SOGAMOSO","56,466,722,488","-728,709,564,209","ESTACION DE SERVICIO DE GNCV","GNV","2","66","60","693.25"
"2020 Jul 23 12:00:00 AM","2,020","7","23","15,150","BOYACA","TUNJA","55,184,726,715","-733,780,212,402","ESTACION DE SERVICIO DE GNCV","GNV","3","345","240","3,684.43"
"2020 Jul 26 12:00:00 AM","2,020","7","26","15,151","BOYACA","CHIQUINQUIRA","56,224,880,219","-738,042,449,951","ESTACION DE SERVICIO DE GNCV","GNV","2","398","195","2,811.65"
"2020 Jul 12 12:00:00 AM","2,020","7","12","15,151","BOYACA","CHIQUINQUIRA","56,224,880,219","-738,042,449,951","ESTACION DE SERVICIO DE GNCV","GNV","2","392","242","2,731.22"
"2020 Jul 20 12:00:00 AM","2,020","7","20","15,151","BOYACA","CHIQUINQUIRA","56,224,880,219","-738,042,449,951","ESTACION DE SERVICIO DE GNCV","GNV","2","385","198","2,865.58"
"2020 Jul 17 12:00:00 AM","2,020","7","17","15,152","BOYACA","DUITAMA","58,906,025,887","-730,670,928,955","ESTACION DE SERVICIO DE GNCV","GNV","2","227","158","2,010.04"
"2020 Jul 05 12:00:00 AM","2,020","7","5","15,152","BOYACA","DUITAMA","58,906,025,887","-730,670,928,955","ESTACION DE SERVICIO DE GNCV","GNV","2","150","103","1,243.82"
"2020 Jul 28 12:00:00 AM","2,020","7","28","15,151","BOYACA","CHIQUINQUIRA","56,224,880,219","-738,042,449,951","ESTACION DE SERVICIO DE GNCV","GNV","2","532","266","4,237.29"
"2020 Jul 13 12:00:00 AM","2,020","7","13","15,151","BOYACA","CHIQUINQUIRA","56,224,880,219","-738,042,449,951","ESTACION DE SERVICIO DE GNCV","GNV","2","563","347","4,334.66"
"2020 Jul 09 12:00:00 AM","2,020","7","9","15,152","BOYACA","DUITAMA","58,906,025,887","-730,670,928,955","ESTACION DE SERVICIO DE GNCV","GNV","2","209","157","1,866.36"
"2020 Jul 25 12:00:00 AM","2,020","7","25","15,151","BOYACA","CHIQUINQUIRA","56,224,880,219","-738,042,449,951","ESTACION DE SERVICIO DE GNCV","GNV","2","542","341","4,094.15"
"2020 Jul 19 12:00:00 AM","2,020","7","19","15,157","BOYACA","SOGAMOSO","56,466,722,488","-728,709,564,209","ESTACION DE SERVICIO DE GNCV","GNV","2","55","46","493.17"
"2020 Jul 14 12:00:00 AM","2,020","7","14","15,157","BOYACA","SOGAMOSO","56,466,722,488","-728,709,564,209","ESTACION DE SERVICIO DE GNCV","GNV","2","68","63","733.77"
"2020 Jul 11 12:00:00 AM","2,020","7","11","15,151","BOYACA","CHIQUINQUIRA","56,224,880,219","-738,042,449,951","ESTACION DE SERVICIO DE GNCV","GNV","2","594","337","4,195.53"
"2020 Jul 03 12:00:00 AM","2,020","7","3","15,150","BOYACA","TUNJA","55,184,726,715","-733,780,212,402","ESTACION DE SERVICIO DE GNCV","GNV","3","345","237","3,656.26"
"2020 Jul 01 12:00:00 AM","2,020","7","1","15,152","BOYACA","DUITAMA","58,906,025,887","-730,670,928,955","ESTACION DE SERVICIO DE GNCV","GNV","2","226","176","2,040.77"
"2020 Jul 01 12:00:00 AM","2,020","7","1","15,150","BOYACA","TUNJA","55,184,726,715","-733,780,212,402","ESTACION DE SERVICIO DE GNCV","GNV","4","327","215","3,493.76"
"2020 Jul 02 12:00:00 AM","2,020","7","2","15,157","BOYACA","SOGAMOSO","56,466,722,488","-728,709,564,209","ESTACION DE SERVICIO DE GNCV","GNV","2","80","72","842.01"
"2020 Jul 26 12:00:00 AM","2,020","7","26","15,152","BOYACA","DUITAMA","58,906,025,887","-730,670,928,955","ESTACION DE SERVICIO DE GNCV","GNV","2","150","102","1,230.45"
"2020 Jul 23 12:00:00 AM","2,020","7","23","15,152","BOYACA","DUITAMA","58,906,025,887","-730,670,928,955","ESTACION DE SERVICIO DE GNCV","GNV","2","196","149","1,918.93"
"2020 Jul 11 12:00:00 AM","2,020","7","11","15,150","BOYACA","TUNJA","55,184,726,715","-733,780,212,402","ESTACION DE SERVICIO DE GNCV","GNV","3","341","229","3,627.13"
"2020 Jul 13 12:00:00 AM","2,020","7","13","15,152","BOYACA","DUITAMA","58,906,025,887","-730,670,928,955","ESTACION DE SERVICIO DE GNCV","GNV","2","214","155","2,037.05"
"2020 Jul 18 12:00:00 AM","2,020","7","18","15,151","BOYACA","CHIQUINQUIRA","56,224,880,219","-738,042,449,951","ESTACION DE SERVICIO DE GNCV","GNV","2","556","319","4,037.78"
"2020 Jul 01 12:00:00 AM","2,020","7","1","15,151","BOYACA","CHIQUINQUIRA","56,224,880,219","-738,042,449,951","ESTACION DE SERVICIO DE GNCV","GNV","2","527","300","4,038.44"
"2020 Jul 23 12:00:00 AM","2,020","7","23","15,157","BOYACA","SOGAMOSO","56,466,722,488","-728,709,564,209","ESTACION DE SERVICIO DE GNCV","GNV","2","100","83","1,117.4"
"2020 Jul 06 12:00:00 AM","2,020","7","6","15,157","BOYACA","SOGAMOSO","56,466,722,488","-728,709,564,209","ESTACION DE SERVICIO DE GNCV","GNV","2","84","70","922.11"
"2020 Jul 08 12:00:00 AM","2,020","7","8","15,157","BOYACA","SOGAMOSO","56,466,722,488","-728,709,564,209","ESTACION DE SERVICIO DE GNCV","GNV","2","79","71","808.01"
"2020 Jul 21 12:00:00 AM","2,020","7","21","15,151","BOYACA","CHIQUINQUIRA","56,224,880,219","-738,042,449,951","ESTACION DE SERVICIO DE GNCV","GNV","2","561","330","4,392.08"
"2020 Jul 31 12:00:00 AM","2,020","7","31","15,157","BOYACA","SOGAMOSO","56,466,722,488","-728,709,564,209","ESTACION DE SERVICIO DE GNCV","GNV","2","105","94","1,080.04"
"2020 Jul 20 12:00:00 AM","2,020","7","20","15,157","BOYACA","SOGAMOSO","56,466,722,488","-728,709,564,209","ESTACION DE SERVICIO DE GNCV","GNV","2","51","47","526.99"
"2020 Jul 15 12:00:00 AM","2,020","7","15","15,151","BOYACA","CHIQUINQUIRA","56,224,880,219","-738,042,449,951","ESTACION DE SERVICIO DE GNCV","GNV","2","522","306","4,026.32"
"2020 Jul 11 12:00:00 AM","2,020","7","11","15,152","BOYACA","DUITAMA","58,906,025,887","-730,670,928,955","ESTACION DE SERVICIO DE GNCV","GNV","2","225","157","1,962.85"
"2020 Jul 13 12:00:00 AM","2,020","7","13","15,150","BOYACA","TUNJA","55,184,726,715","-733,780,212,402","ESTACION DE SERVICIO DE GNCV","GNV","3","355","245","3,920.1"
"2020 Jul 27 12:00:00 AM","2,020","7","27","15,157","BOYACA","SOGAMOSO","56,466,722,488","-728,709,564,209","ESTACION DE SERVICIO DE GNCV","GNV","2","95","80","911.59"
"2020 Jul 20 12:00:00 AM","2,020","7","20","15,152","BOYACA","DUITAMA","58,906,025,887","-730,670,928,955","ESTACION DE SERVICIO DE GNCV","GNV","2","124","92","1,016.28"
"2020 Jul 10 12:00:00 AM","2,020","7","10","15,152","BOYACA","DUITAMA","58,906,025,887","-730,670,928,955","ESTACION DE SERVICIO DE GNCV","GNV","2","225","165","2,064.07"
"2020 Jul 15 12:00:00 AM","2,020","7","15","15,152","BOYACA","DUITAMA","58,906,025,887","-730,670,928,955","ESTACION DE SERVICIO DE GNCV","GNV","2","240","178","2,075.62"
"2020 Jul 27 12:00:00 AM","2,020","7","27","15,150","BOYACA","TUNJA","55,184,726,715","-733,780,212,402","ESTACION DE SERVICIO DE GNCV","GNV","3","364","243","3,910.7"
"2020 Jul 03 12:00:00 AM","2,020","7","3","15,157","BOYACA","SOGAMOSO","56,466,722,488","-728,709,564,209","ESTACION DE SERVICIO DE GNCV","GNV","2","83","69","788.96"
"2020 Jul 16 12:00:00 AM","2,020","7","16","15,152","BOYACA","DUITAMA","58,906,025,887","-730,670,928,955","ESTACION DE SERVICIO DE GNCV","GNV","2","232","175","2,043.19"
"2020 Jul 07 12:00:00 AM","2,020","7","7","15,152","BOYACA","DUITAMA","58,906,025,887","-730,670,928,955","ESTACION DE SERVICIO DE GNCV","GNV","2","193","148","1,736.38"
"2020 Jul 15 12:00:00 AM","2,020","7","15","15,157","BOYACA","SOGAMOSO","56,466,722,488","-728,709,564,209","ESTACION DE SERVICIO DE GNCV","GNV","2","84","74","833.64"
"2020 Jul 09 12:00:00 AM","2,020","7","9","15,151","BOYACA","CHIQUINQUIRA","56,224,880,219","-738,042,449,951","ESTACION DE SERVICIO DE GNCV","GNV","2","543","316","4,067.51"
"2020 Jul 25 12:00:00 AM","2,020","7","25","15,150","BOYACA","TUNJA","55,184,726,715","-733,780,212,402","ESTACION DE SERVICIO DE GNCV","GNV","3","216","149","2,228.1"
"2020 Jul 18 12:00:00 AM","2,020","7","18","15,152","BOYACA","DUITAMA","58,906,025,887","-730,670,928,955","ESTACION DE SERVICIO DE GNCV","GNV","2","237","168","2,057.79"
"2020 Jul 07 12:00:00 AM","2,020","7","7","15,150","BOYACA","TUNJA","55,184,726,715","-733,780,212,402","ESTACION DE SERVICIO DE GNCV","GNV","3","327","229","3,699.28"
"2020 Jul 17 12:00:00 AM","2,020","7","17","15,151","BOYACA","CHIQUINQUIRA","56,224,880,219","-738,042,449,951","ESTACION DE SERVICIO DE GNCV","GNV","2","549","319","4,165.18"
"2020 Jul 19 12:00:00 AM","2,020","7","19","15,151","BOYACA","CHIQUINQUIRA","56,224,880,219","-738,042,449,951","ESTACION DE SERVICIO DE GNCV","GNV","2","361","200","2,425.7"
"2020 Jul 08 12:00:00 AM","2,020","7","8","15,152","BOYACA","DUITAMA","58,906,025,887","-730,670,928,955","ESTACION DE SERVICIO DE GNCV","GNV","2","233","164","2,174.28"
"2020 Jul 02 12:00:00 AM","2,020","7","2","15,150","BOYACA","TUNJA","55,184,726,715","-733,780,212,402","ESTACION DE SERVICIO DE GNCV","GNV","3","329","232","3,642.55"
"2020 Jul 02 12:00:00 AM","2,020","7","2","15,151","BOYACA","CHIQUINQUIRA","56,224,880,219","-738,042,449,951","ESTACION DE SERVICIO DE GNCV","GNV","2","515","285","4,202.15"
"2020 Jul 14 12:00:00 AM","2,020","7","14","15,152","BOYACA","DUITAMA","58,906,025,887","-730,670,928,955","ESTACION DE SERVICIO DE GNCV","GNV","2","212","158","1,931.37"
"2020 Jul 18 12:00:00 AM","2,020","7","18","15,157","BOYACA","SOGAMOSO","56,466,722,488","-728,709,564,209","ESTACION DE SERVICIO DE GNCV","GNV","2","86","74","923.44"
"2020 Jul 10 12:00:00 AM","2,020","7","10","15,151","BOYACA","CHIQUINQUIRA","56,224,880,219","-738,042,449,951","ESTACION DE SERVICIO DE GNCV","GNV","2","525","303","4,119.87"
"2020 Jul 04 12:00:00 AM","2,020","7","4","15,152","BOYACA","DUITAMA","58,906,025,887","-730,670,928,955","ESTACION DE SERVICIO DE GNCV","GNV","2","236","156","2,089.08"
"2020 Jul 04 12:00:00 AM","2,020","7","4","15,151","BOYACA","CHIQUINQUIRA","56,224,880,219","-738,042,449,951","ESTACION DE SERVICIO DE GNCV","GNV","2","592","339","4,467.74"
"2020 Jul 21 12:00:00 AM","2,020","7","21","15,152","BOYACA","DUITAMA","58,906,025,887","-730,670,928,955","ESTACION DE SERVICIO DE GNCV","GNV","2","207","153","1,868.96"
"2020 Jul 18 12:00:00 AM","2,020","7","18","15,150","BOYACA","TUNJA","55,184,726,715","-733,780,212,402","ESTACION DE SERVICIO DE GNCV","GNV","3","300","208","3,142.89"
"2020 Jul 05 12:00:00 AM","2,020","7","5","15,151","BOYACA","CHIQUINQUIRA","56,224,880,219","-738,042,449,951","ESTACION DE SERVICIO DE GNCV","GNV","2","391","232","2.713"
"2020 Jul 13 12:00:00 AM","2,020","7","13","15,157","BOYACA","SOGAMOSO","56,466,722,488","-728,709,564,209","ESTACION DE SERVICIO DE GNCV","GNV","2","98","86","1,015.14"
"2020 Jul 22 12:00:00 AM","2,020","7","22","15,151","BOYACA","CHIQUINQUIRA","56,224,880,219","-738,042,449,951","ESTACION DE SERVICIO DE GNCV","GNV","2","563","333","4,358.17"
"2020 Jun 11 12:00:00 AM","2,020","6","11","15,152","BOYACA","DUITAMA","58,906,025,887","-730,670,928,955","ESTACION DE SERVICIO DE GNCV","GNV","2","199","152","1,887.83"
"2020 Jun 23 12:00:00 AM","2,020","6","23","15,151","BOYACA","CHIQUINQUIRA","56,224,880,219","-738,042,449,951","ESTACION DE SERVICIO DE GNCV","GNV","2","525","316","4,303.38"
"2020 Jun 27 12:00:00 AM","2,020","6","27","15,150","BOYACA","TUNJA","55,184,726,715","-733,780,212,402","ESTACION DE SERVICIO DE GNCV","GNV","3","296","201","3,018.24"
"2020 Jun 10 12:00:00 AM","2,020","6","10","15,150","BOYACA","TUNJA","55,184,726,715","-733,780,212,402","ESTACION DE SERVICIO DE GNCV","GNV","3","278","197","3,019.61"
"2020 Jun 23 12:00:00 AM","2,020","6","23","15,152","BOYACA","DUITAMA","58,906,025,887","-730,670,928,955","ESTACION DE SERVICIO DE GNCV","GNV","2","195","153","1,759.85"
"2020 Jun 16 12:00:00 AM","2,020","6","16","15,157","BOYACA","SOGAMOSO","56,466,722,488","-728,709,564,209","ESTACION DE SERVICIO DE GNCV","GNV","2","92","80","975.77"
"2020 Jun 07 12:00:00 AM","2,020","6","7","15,152","BOYACA","DUITAMA","58,906,025,887","-730,670,928,955","ESTACION DE SERVICIO DE GNCV","GNV","2","150","104","1,234.68"
"2020 Jun 04 12:00:00 AM","2,020","6","4","15,151","BOYACA","CHIQUINQUIRA","56,224,880,219","-738,042,449,951","ESTACION DE SERVICIO DE GNCV","GNV","2","477","229","3,641.77"
"2020 Jun 30 12:00:00 AM","2,020","6","30","15,151","BOYACA","CHIQUINQUIRA","56,224,880,219","-738,042,449,951","ESTACION DE SERVICIO DE GNCV","GNV","2","509","326","4,048.07"
"2020 Jun 08 12:00:00 AM","2,020","6","8","15,152","BOYACA","DUITAMA","58,906,025,887","-730,670,928,955","ESTACION DE SERVICIO DE GNCV","GNV","2","182","133","1,677.25"
"2020 Jun 12 12:00:00 AM","2,020","6","12","15,151","BOYACA","CHIQUINQUIRA","56,224,880,219","-738,042,449,951","ESTACION DE SERVICIO DE GNCV","GNV","2","529","257","4,030.36"
"2020 Jun 14 12:00:00 AM","2,020","6","14","15,150","BOYACA","TUNJA","55,184,726,715","-733,780,212,402","ESTACION DE SERVICIO DE GNCV","GNV","3","175","116","1,701.25"
"2020 Jun 02 12:00:00 AM","2,020","6","2","15,157","BOYACA","SOGAMOSO","56,466,722,488","-728,709,564,209","ESTACION DE SERVICIO DE GNCV","GNV","2","76","69","772.58"
"2020 Jun 21 12:00:00 AM","2,020","6","21","15,150","BOYACA","TUNJA","55,184,726,715","-733,780,212,402","ESTACION DE SERVICIO DE GNCV","GNV","3","173","111","1,733.82"
"2020 Jun 04 12:00:00 AM","2,020","6","4","15,152","BOYACA","DUITAMA","58,906,025,887","-730,670,928,955","ESTACION DE SERVICIO DE GNCV","GNV","2","155","121","1,358.04"
"2020 Jun 29 12:00:00 AM","2,020","6","29","15,151","BOYACA","CHIQUINQUIRA","56,224,880,219","-738,042,449,951","ESTACION DE SERVICIO DE GNCV","GNV","2","338","218","2,422.68"
"2020 Jun 27 12:00:00 AM","2,020","6","27","15,151","BOYACA","CHIQUINQUIRA","56,224,880,219","-738,042,449,951","ESTACION DE SERVICIO DE GNCV","GNV","2","463","296","3,442.15"
"2020 Jun 26 12:00:00 AM","2,020","6","26","15,152","BOYACA","DUITAMA","58,906,025,887","-730,670,928,955","ESTACION DE SERVICIO DE GNCV","GNV","2","212","160","2,045.16"
"2020 Jun 11 12:00:00 AM","2,020","6","11","15,150","BOYACA","TUNJA","55,184,726,715","-733,780,212,402","ESTACION DE SERVICIO DE GNCV","GNV","3","297","205","3,290.29"
"2020 Jun 06 12:00:00 AM","2,020","6","6","15,150","BOYACA","TUNJA","55,184,726,715","-733,780,212,402","ESTACION DE SERVICIO DE GNCV","GNV","4","378","262","3,976.77"
"2020 Jun 09 12:00:00 AM","2,020","6","9","15,150","BOYACA","TUNJA","55,184,726,715","-733,780,212,402","ESTACION DE SERVICIO DE GNCV","GNV","3","299","207","3,198.48"
"2020 Jun 08 12:00:00 AM","2,020","6","8","15,150","BOYACA","TUNJA","55,184,726,715","-733,780,212,402","ESTACION DE SERVICIO DE GNCV","GNV","3","300","210","3,391.08"
"2020 Jun 30 12:00:00 AM","2,020","6","30","15,150","BOYACA","TUNJA","55,184,726,715","-733,780,212,402","ESTACION DE SERVICIO DE GNCV","GNV","3","325","245","3,718.8"
"2020 Jun 02 12:00:00 AM","2,020","6","2","15,152","BOYACA","DUITAMA","58,906,025,887","-730,670,928,955","ESTACION DE SERVICIO DE GNCV","GNV","2","161","118","1,365.53"
"2020 Jun 11 12:00:00 AM","2,020","6","11","15,151","BOYACA","CHIQUINQUIRA","56,224,880,219","-738,042,449,951","ESTACION DE SERVICIO DE GNCV","GNV","2","505","236","3,808.72"
"2020 Jun 23 12:00:00 AM","2,020","6","23","15,157","BOYACA","SOGAMOSO","56,466,722,488","-728,709,564,209","ESTACION DE SERVICIO DE GNCV","GNV","2","92","78","979.08"
"2020 Jun 22 12:00:00 AM","2,020","6","22","15,151","BOYACA","CHIQUINQUIRA","56,224,880,219","-738,042,449,951","ESTACION DE SERVICIO DE GNCV","GNV","2","357","227","2,755.23"
"2020 Jun 20 12:00:00 AM","2,020","6","20","15,150","BOYACA","TUNJA","55,184,726,715","-733,780,212,402","ESTACION DE SERVICIO DE GNCV","GNV","3","320","227","3,534.27"
"2020 Jun 29 12:00:00 AM","2,020","6","29","15,157","BOYACA","SOGAMOSO","56,466,722,488","-728,709,564,209","ESTACION DE SERVICIO DE GNCV","GNV","2","71","59","645.19"
"2020 Jun 03 12:00:00 AM","2,020","6","3","15,150","BOYACA","TUNJA","55,184,726,715","-733,780,212,402","ESTACION DE SERVICIO DE GNCV","GNV","4","432","304","4,563.85"
"2020 Jun 25 12:00:00 AM","2,020","6","25","15,151","BOYACA","CHIQUINQUIRA","56,224,880,219","-738,042,449,951","ESTACION DE SERVICIO DE GNCV","GNV","2","556","333","4,345.3"
"2020 Jun 01 12:00:00 AM","2,020","6","1","15,151","BOYACA","CHIQUINQUIRA","56,224,880,219","-738,042,449,951","ESTACION DE SERVICIO DE GNCV","GNV","2","504","242","3,792.66"
"2020 Jun 15 12:00:00 AM","2,020","6","15","15,152","BOYACA","DUITAMA","58,906,025,887","-730,670,928,955","ESTACION DE SERVICIO DE GNCV","GNV","2","80","58","695.83"
"2020 Jun 17 12:00:00 AM","2,020","6","17","15,152","BOYACA","DUITAMA","58,906,025,887","-730,670,928,955","ESTACION DE SERVICIO DE GNCV","GNV","2","204","142","1,806.8"
"2020 Jun 28 12:00:00 AM","2,020","6","28","15,157","BOYACA","SOGAMOSO","56,466,722,488","-728,709,564,209","ESTACION DE SERVICIO DE GNCV","GNV","2","35","27","375.28"
"2020 Jun 16 12:00:00 AM","2,020","6","16","15,152","BOYACA","DUITAMA","58,906,025,887","-730,670,928,955","ESTACION DE SERVICIO DE GNCV","GNV","2","197","151","1,800.34"
"2020 Jun 06 12:00:00 AM","2,020","6","6","15,157","BOYACA","SOGAMOSO","56,466,722,488","-728,709,564,209","ESTACION DE SERVICIO DE GNCV","GNV","2","97","80","928.48"
"2020 Jun 09 12:00:00 AM","2,020","6","9","15,157","BOYACA","SOGAMOSO","56,466,722,488","-728,709,564,209","ESTACION DE SERVICIO DE GNCV","GNV","2","93","76","984.31"
"2020 Jun 25 12:00:00 AM","2,020","6","25","15,150","BOYACA","TUNJA","55,184,726,715","-733,780,212,402","ESTACION DE SERVICIO DE GNCV","GNV","3","323","224","3,503.96"
"2020 Jun 13 12:00:00 AM","2,020","6","13","15,157","BOYACA","SOGAMOSO","56,466,722,488","-728,709,564,209","ESTACION DE SERVICIO DE GNCV","GNV","2","97","79","980.25"
"2020 Jun 25 12:00:00 AM","2,020","6","25","15,152","BOYACA","DUITAMA","58,906,025,887","-730,670,928,955","ESTACION DE SERVICIO DE GNCV","GNV","2","183","138","1,652.83"
"2020 Jun 03 12:00:00 AM","2,020","6","3","15,152","BOYACA","DUITAMA","58,906,025,887","-730,670,928,955","ESTACION DE SERVICIO DE GNCV","GNV","2","184","144","1,604.17"
"2020 Jun 05 12:00:00 AM","2,020","6","5","15,152","BOYACA","DUITAMA","58,906,025,887","-730,670,928,955","ESTACION DE SERVICIO DE GNCV","GNV","2","172","122","1,502.26"
"2020 Jun 02 12:00:00 AM","2,020","6","2","15,150","BOYACA","TUNJA","55,184,726,715","-733,780,212,402","ESTACION DE SERVICIO DE GNCV","GNV","4","424","288","4,637.75"
"2020 Jun 05 12:00:00 AM","2,020","6","5","15,150","BOYACA","TUNJA","55,184,726,715","-733,780,212,402","ESTACION DE SERVICIO DE GNCV","GNV","4","480","319","5,161.42"
"2020 Jun 28 12:00:00 AM","2,020","6","28","15,150","BOYACA","TUNJA","55,184,726,715","-733,780,212,402","ESTACION DE SERVICIO DE GNCV","GNV","3","174","125","1,654.77"
"2020 Jun 29 12:00:00 AM","2,020","6","29","15,150","BOYACA","TUNJA","55,184,726,715","-733,780,212,402","ESTACION DE SERVICIO DE GNCV","GNV","3","235","153","2,483.11"
"2020 Jun 04 12:00:00 AM","2,020","6","4","15,150","BOYACA","TUNJA","55,184,726,715","-733,780,212,402","ESTACION DE SERVICIO DE GNCV","GNV","4","423","288","4,751.02"
"2020 Jun 30 12:00:00 AM","2,020","6","30","15,157","BOYACA","SOGAMOSO","56,466,722,488","-728,709,564,209","ESTACION DE SERVICIO DE GNCV","GNV","2","94","78","1,059.08"
"2020 Jun 07 12:00:00 AM","2,020","6","7","15,151","BOYACA","CHIQUINQUIRA","56,224,880,219","-738,042,449,951","ESTACION DE SERVICIO DE GNCV","GNV","2","332","175","2,400.3"
"2020 Jun 18 12:00:00 AM","2,020","6","18","15,152","BOYACA","DUITAMA","58,906,025,887","-730,670,928,955","ESTACION DE SERVICIO DE GNCV","GNV","2","173","129","1,523.09"
"2020 Jun 22 12:00:00 AM","2,020","6","22","15,157","BOYACA","SOGAMOSO","56,466,722,488","-728,709,564,209","ESTACION DE SERVICIO DE GNCV","GNV","2","54","52","494.3"
"2020 Jun 12 12:00:00 AM","2,020","6","12","15,152","BOYACA","DUITAMA","58,906,025,887","-730,670,928,955","ESTACION DE SERVICIO DE GNCV","GNV","2","186","131","1,680.18"
"2020 Jun 17 12:00:00 AM","2,020","6","17","15,151","BOYACA","CHIQUINQUIRA","56,224,880,219","-738,042,449,951","ESTACION DE SERVICIO DE GNCV","GNV","2","485","262","3,761.2"
"2020 Jun 08 12:00:00 AM","2,020","6","8","15,157","BOYACA","SOGAMOSO","56,466,722,488","-728,709,564,209","ESTACION DE SERVICIO DE GNCV","GNV","2","70","60","729.24"
"2020 Jun 09 12:00:00 AM","2,020","6","9","15,152","BOYACA","DUITAMA","58,906,025,887","-730,670,928,955","ESTACION DE SERVICIO DE GNCV","GNV","2","172","126","1,722.27"
"2020 Jun 14 12:00:00 AM","2,020","6","14","15,157","BOYACA","SOGAMOSO","56,466,722,488","-728,709,564,209","ESTACION DE SERVICIO DE GNCV","GNV","2","48","43","470.04"
"2020 Jun 05 12:00:00 AM","2,020","6","5","15,151","BOYACA","CHIQUINQUIRA","56,224,880,219","-738,042,449,951","ESTACION DE SERVICIO DE GNCV","GNV","2","481","241","3,639.59"
"2020 Jun 20 12:00:00 AM","2,020","6","20","15,151","BOYACA","CHIQUINQUIRA","56,224,880,219","-738,042,449,951","ESTACION DE SERVICIO DE GNCV","GNV","2","402","248","2,959.28"
"2020 Jun 20 12:00:00 AM","2,020","6","20","15,152","BOYACA","DUITAMA","58,906,025,887","-730,670,928,955","ESTACION DE SERVICIO DE GNCV","GNV","2","204","143","1,798.91"
"2020 Jun 19 12:00:00 AM","2,020","6","19","15,151","BOYACA","CHIQUINQUIRA","56,224,880,219","-738,042,449,951","ESTACION DE SERVICIO DE GNCV","GNV","2","550","321","4,312.94"
"2020 Jun 24 12:00:00 AM","2,020","6","24","15,152","BOYACA","DUITAMA","58,906,025,887","-730,670,928,955","ESTACION DE SERVICIO DE GNCV","GNV","2","209","156","1,902.83"
"2020 Jun 25 12:00:00 AM","2,020","6","25","15,157","BOYACA","SOGAMOSO","56,466,722,488","-728,709,564,209","ESTACION DE SERVICIO DE GNCV","GNV","2","74","64","748.11"
"2020 Jun 10 12:00:00 AM","2,020","6","10","15,152","BOYACA","DUITAMA","58,906,025,887","-730,670,928,955","ESTACION DE SERVICIO DE GNCV","GNV","2","185","140","1,654.92"
"2020 Jun 21 12:00:00 AM","2,020","6","21","15,151","BOYACA","CHIQUINQUIRA","56,224,880,219","-738,042,449,951","ESTACION DE SERVICIO DE GNCV","GNV","2","358","209","2,478.16"
"2020 Jun 24 12:00:00 AM","2,020","6","24","15,151","BOYACA","CHIQUINQUIRA","56,224,880,219","-738,042,449,951","ESTACION DE SERVICIO DE GNCV","GNV","2","509","311","4,042.2"
"2020 Jun 15 12:00:00 AM","2,020","6","15","15,151","BOYACA","CHIQUINQUIRA","56,224,880,219","-738,042,449,951","ESTACION DE SERVICIO DE GNCV","GNV","2","345","174","2,666.85"
"2020 Jun 14 12:00:00 AM","2,020","6","14","15,151","BOYACA","CHIQUINQUIRA","56,224,880,219","-738,042,449,951","ESTACION DE SERVICIO DE GNCV","GNV","2","338","163","2,358.39"
"2020 Jun 15 12:00:00 AM","2,020","6","15","15,157","BOYACA","SOGAMOSO","56,466,722,488","-728,709,564,209","ESTACION DE SERVICIO DE GNCV","GNV","2","53","46","530.84"
"2020 Jun 12 12:00:00 AM","2,020","6","12","15,157","BOYACA","SOGAMOSO","56,466,722,488","-728,709,564,209","ESTACION DE SERVICIO DE GNCV","GNV","2","74","66","875.06"
"2020 Jun 29 12:00:00 AM","2,020","6","29","15,152","BOYACA","DUITAMA","58,906,025,887","-730,670,928,955","ESTACION DE SERVICIO DE GNCV","GNV","2","145","106","1,219.31"
"2020 Jun 01 12:00:00 AM","2,020","6","1","15,157","BOYACA","SOGAMOSO","56,466,722,488","-728,709,564,209","ESTACION DE SERVICIO DE GNCV","GNV","2","76","66","709.38"
"2020 Jun 04 12:00:00 AM","2,020","6","4","15,157","BOYACA","SOGAMOSO","56,466,722,488","-728,709,564,209","ESTACION DE SERVICIO DE GNCV","GNV","2","68","57","778.76"
"2020 Jun 10 12:00:00 AM","2,020","6","10","15,151","BOYACA","CHIQUINQUIRA","56,224,880,219","-738,042,449,951","ESTACION DE SERVICIO DE GNCV","GNV","2","494","237","3,834.65"
"2020 Jun 13 12:00:00 AM","2,020","6","13","15,152","BOYACA","DUITAMA","58,906,025,887","-730,670,928,955","ESTACION DE SERVICIO DE GNCV","GNV","2","184","139","1,620.73"
"2020 Jun 02 12:00:00 AM","2,020","6","2","15,151","BOYACA","CHIQUINQUIRA","56,224,880,219","-738,042,449,951","ESTACION DE SERVICIO DE GNCV","GNV","2","463","201","3,479.01"
"2020 Jun 03 12:00:00 AM","2,020","6","3","15,151","BOYACA","CHIQUINQUIRA","56,224,880,219","-738,042,449,951","ESTACION DE SERVICIO DE GNCV","GNV","2","513","264","3,975.32"
"2020 Jun 18 12:00:00 AM","2,020","6","18","15,150","BOYACA","TUNJA","55,184,726,715","-733,780,212,402","ESTACION DE SERVICIO DE GNCV","GNV","3","294","205","3,225.19"
"2020 Jun 17 12:00:00 AM","2,020","6","17","15,157","BOYACA","SOGAMOSO","56,466,722,488","-728,709,564,209","ESTACION DE SERVICIO DE GNCV","GNV","2","75","66","763.61"
"2020 Jun 01 12:00:00 AM","2,020","6","1","15,150","BOYACA","TUNJA","55,184,726,715","-733,780,212,402","ESTACION DE SERVICIO DE GNCV","GNV","4","427","280","4,498.44"
"2020 Jun 05 12:00:00 AM","2,020","6","5","15,157","BOYACA","SOGAMOSO","56,466,722,488","-728,709,564,209","ESTACION DE SERVICIO DE GNCV","GNV","2","85","71","918.8"
"2020 Jun 18 12:00:00 AM","2,020","6","18","15,151","BOYACA","CHIQUINQUIRA","56,224,880,219","-738,042,449,951","ESTACION DE SERVICIO DE GNCV","GNV","2","536","305","4,106.21"
"2020 Jun 28 12:00:00 AM","2,020","6","28","15,152","BOYACA","DUITAMA","58,906,025,887","-730,670,928,955","ESTACION DE SERVICIO DE GNCV","GNV","2","147","100","1,236.12"
"2020 Jun 16 12:00:00 AM","2,020","6","16","15,150","BOYACA","TUNJA","55,184,726,715","-733,780,212,402","ESTACION DE SERVICIO DE GNCV","GNV","3","324","223","3,774.85"
"2020 Jun 26 12:00:00 AM","2,020","6","26","15,157","BOYACA","SOGAMOSO","56,466,722,488","-728,709,564,209","ESTACION DE SERVICIO DE GNCV","GNV","2","74","63","845.01"
"2020 Jun 06 12:00:00 AM","2,020","6","6","15,151","BOYACA","CHIQUINQUIRA","56,224,880,219","-738,042,449,951","ESTACION DE SERVICIO DE GNCV","GNV","2","399","195","3,095.44"
"2020 Jun 26 12:00:00 AM","2,020","6","26","15,151","BOYACA","CHIQUINQUIRA","56,224,880,219","-738,042,449,951","ESTACION DE SERVICIO DE GNCV","GNV","2","524","340","4,169.67"
"2020 Jun 13 12:00:00 AM","2,020","6","13","15,150","BOYACA","TUNJA","55,184,726,715","-733,780,212,402","ESTACION DE SERVICIO DE GNCV","GNV","3","275","200","3,042.01"
"2020 Jun 22 12:00:00 AM","2,020","6","22","15,150","BOYACA","TUNJA","55,184,726,715","-733,780,212,402","ESTACION DE SERVICIO DE GNCV","GNV","3","197","137","2,220.86"
"2020 Jun 19 12:00:00 AM","2,020","6","19","15,150","BOYACA","TUNJA","55,184,726,715","-733,780,212,402","ESTACION DE SERVICIO DE GNCV","GNV","3","363","250","4,156.33"
"2020 Jun 15 12:00:00 AM","2,020","6","15","15,150","BOYACA","TUNJA","55,184,726,715","-733,780,212,402","ESTACION DE SERVICIO DE GNCV","GNV","3","193","139","2,071.4"
"2020 Jun 21 12:00:00 AM","2,020","6","21","15,152","BOYACA","DUITAMA","58,906,025,887","-730,670,928,955","ESTACION DE SERVICIO DE GNCV","GNV","2","148","100","1.159"
"2020 Jun 11 12:00:00 AM","2,020","6","11","15,157","BOYACA","SOGAMOSO","56,466,722,488","-728,709,564,209","ESTACION DE SERVICIO DE GNCV","GNV","2","72","61","638.98"
"2020 Jun 13 12:00:00 AM","2,020","6","13","15,151","BOYACA","CHIQUINQUIRA","56,224,880,219","-738,042,449,951","ESTACION DE SERVICIO DE GNCV","GNV","2","341","169","2,387.62"
"2020 Jun 08 12:00:00 AM","2,020","6","8","15,151","BOYACA","CHIQUINQUIRA","56,224,880,219","-738,042,449,951","ESTACION DE SERVICIO DE GNCV","GNV","2","501","247","3,936.34"
"2020 Jun 30 12:00:00 AM","2,020","6","30","15,152","BOYACA","DUITAMA","58,906,025,887","-730,670,928,955","ESTACION DE SERVICIO DE GNCV","GNV","2","213","162","1,978.64"
"2020 Jun 19 12:00:00 AM","2,020","6","19","15,152","BOYACA","DUITAMA","58,906,025,887","-730,670,928,955","ESTACION DE SERVICIO DE GNCV","GNV","2","209","155","1,839.76"
"2020 Jun 07 12:00:00 AM","2,020","6","7","15,157","BOYACA","SOGAMOSO","56,466,722,488","-728,709,564,209","ESTACION DE SERVICIO DE GNCV","GNV","2","63","55","593.02"
"2020 Jun 16 12:00:00 AM","2,020","6","16","15,151","BOYACA","CHIQUINQUIRA","56,224,880,219","-738,042,449,951","ESTACION DE SERVICIO DE GNCV","GNV","2","526","273","4,284.48"
"2020 Jun 03 12:00:00 AM","2,020","6","3","15,157","BOYACA","SOGAMOSO","56,466,722,488","-728,709,564,209","ESTACION DE SERVICIO DE GNCV","GNV","2","80","69","803.14"
"2020 Jun 24 12:00:00 AM","2,020","6","24","15,150","BOYACA","TUNJA","55,184,726,715","-733,780,212,402","ESTACION DE SERVICIO DE GNCV","GNV","3","301","214","3,222.21"
"2020 Jun 24 12:00:00 AM","2,020","6","24","15,157","BOYACA","SOGAMOSO","56,466,722,488","-728,709,564,209","ESTACION DE SERVICIO DE GNCV","GNV","2","82","69","914.4"
"2020 Jun 23 12:00:00 AM","2,020","6","23","15,150","BOYACA","TUNJA","55,184,726,715","-733,780,212,402","ESTACION DE SERVICIO DE GNCV","GNV","3","345","230","3,699.08"
"2020 Jun 27 12:00:00 AM","2,020","6","27","15,157","BOYACA","SOGAMOSO","56,466,722,488","-728,709,564,209","ESTACION DE SERVICIO DE GNCV","GNV","2","92","79","900.34"
"2020 Jun 22 12:00:00 AM","2,020","6","22","15,152","BOYACA","DUITAMA","58,906,025,887","-730,670,928,955","ESTACION DE SERVICIO DE GNCV","GNV","2","128","88","1,073.24"
"2020 Jun 12 12:00:00 AM","2,020","6","12","15,150","BOYACA","TUNJA","55,184,726,715","-733,780,212,402","ESTACION DE SERVICIO DE GNCV","GNV","3","296","211","3,253.72"
"2020 Jun 06 12:00:00 AM","2,020","6","6","15,152","BOYACA","DUITAMA","58,906,025,887","-730,670,928,955","ESTACION DE SERVICIO DE GNCV","GNV","2","173","121","1,548.28"
"2020 Jun 19 12:00:00 AM","2,020","6","19","15,157","BOYACA","SOGAMOSO","56,466,722,488","-728,709,564,209","ESTACION DE SERVICIO DE GNCV","GNV","2","93","78","903.4"
"2020 Jun 20 12:00:00 AM","2,020","6","20","15,157","BOYACA","SOGAMOSO","56,466,722,488","-728,709,564,209","ESTACION DE SERVICIO DE GNCV","GNV","2","67","60","681.49"
"2020 Jun 21 12:00:00 AM","2,020","6","21","15,157","BOYACA","SOGAMOSO","56,466,722,488","-728,709,564,209","ESTACION DE SERVICIO DE GNCV","GNV","2","48","42","455.61"
"2020 Jun 28 12:00:00 AM","2,020","6","28","15,151","BOYACA","CHIQUINQUIRA","56,224,880,219","-738,042,449,951","ESTACION DE SERVICIO DE GNCV","GNV","2","358","235","2,480.3"
"2020 Jun 09 12:00:00 AM","2,020","6","9","15,151","BOYACA","CHIQUINQUIRA","56,224,880,219","-738,042,449,951","ESTACION DE SERVICIO DE GNCV","GNV","2","483","231","3,824.31"
"2020 Jun 10 12:00:00 AM","2,020","6","10","15,157","BOYACA","SOGAMOSO","56,466,722,488","-728,709,564,209","ESTACION DE SERVICIO DE GNCV","GNV","2","81","68","882.68"
"2020 Jun 07 12:00:00 AM","2,020","6","7","15,150","BOYACA","TUNJA","55,184,726,715","-733,780,212,402","ESTACION DE SERVICIO DE GNCV","GNV","3","186","129","1,760.14"
"2020 Jun 01 12:00:00 AM","2,020","6","1","15,152","BOYACA","DUITAMA","58,906,025,887","-730,670,928,955","ESTACION DE SERVICIO DE GNCV","GNV","2","177","135","1,560.37"
"2020 Jun 17 12:00:00 AM","2,020","6","17","15,150","BOYACA","TUNJA","55,184,726,715","-733,780,212,402","ESTACION DE SERVICIO DE GNCV","GNV","3","330","227","3,704.58"
"2020 Jun 18 12:00:00 AM","2,020","6","18","15,157","BOYACA","SOGAMOSO","56,466,722,488","-728,709,564,209","ESTACION DE SERVICIO DE GNCV","GNV","2","88","79","994.62"
"2020 Jun 26 12:00:00 AM","2,020","6","26","15,150","BOYACA","TUNJA","55,184,726,715","-733,780,212,402","ESTACION DE SERVICIO DE GNCV","GNV","3","331","237","3,630.99"
"2020 Jun 14 12:00:00 AM","2,020","6","14","15,152","BOYACA","DUITAMA","58,906,025,887","-730,670,928,955","ESTACION DE SERVICIO DE GNCV","GNV","2","137","99","1,163.27"
"2020 Jun 27 12:00:00 AM","2,020","6","27","15,152","BOYACA","DUITAMA","58,906,025,887","-730,670,928,955","ESTACION DE SERVICIO DE GNCV","GNV","2","205","145","1,736.18"
"2020 May 21 12:00:00 AM","2,020","5","21","15,157","BOYACA","SOGAMOSO","56,466,722,488","-728,709,564,209","ESTACION DE SERVICIO DE GNCV","GNV","2","84","68","795.41"
"2020 May 24 12:00:00 AM","2,020","5","24","15,152","BOYACA","DUITAMA","58,906,025,887","-730,670,928,955","ESTACION DE SERVICIO DE GNCV","GNV","2","97","74","740.78"
"2020 May 22 12:00:00 AM","2,020","5","22","15,150","BOYACA","TUNJA","55,184,726,715","-733,780,212,402","ESTACION DE SERVICIO DE GNCV","GNV","4","393","271","4,310.67"
"2020 May 23 12:00:00 AM","2,020","5","23","15,152","BOYACA","DUITAMA","58,906,025,887","-730,670,928,955","ESTACION DE SERVICIO DE GNCV","GNV","2","162","117","1,384.4"
"2020 May 10 12:00:00 AM","2,020","5","10","15,152","BOYACA","DUITAMA","58,906,025,887","-730,670,928,955","ESTACION DE SERVICIO DE GNCV","GNV","2","215","114","1,730.69"
"2020 May 20 12:00:00 AM","2,020","5","20","15,152","BOYACA","DUITAMA","58,906,025,887","-730,670,928,955","ESTACION DE SERVICIO DE GNCV","GNV","2","166","136","1,432.91"
"2020 May 17 12:00:00 AM","2,020","5","17","15,152","BOYACA","DUITAMA","58,906,025,887","-730,670,928,955","ESTACION DE SERVICIO DE GNCV","GNV","2","120","91","980.07"
"2020 May 27 12:00:00 AM","2,020","5","27","15,157","BOYACA","SOGAMOSO","56,466,722,488","-728,709,564,209","ESTACION DE SERVICIO DE GNCV","GNV","2","76","62","768.56"
"2020 May 04 12:00:00 AM","2,020","5","4","15,152","BOYACA","DUITAMA","58,906,025,887","-730,670,928,955","ESTACION DE SERVICIO DE GNCV","GNV","2","127","102","1,164.19"
"2020 May 27 12:00:00 AM","2,020","5","27","15,150","BOYACA","TUNJA","55,184,726,715","-733,780,212,402","ESTACION DE SERVICIO DE GNCV","GNV","4","416","286","4,736.02"
"2020 May 09 12:00:00 AM","2,020","5","9","15,151","BOYACA","CHIQUINQUIRA","56,224,880,219","-738,042,449,951","ESTACION DE SERVICIO DE GNCV","GNV","2","264","155","2,012.48"
"2020 May 18 12:00:00 AM","2,020","5","18","15,151","BOYACA","CHIQUINQUIRA","56,224,880,219","-738,042,449,951","ESTACION DE SERVICIO DE GNCV","GNV","2","388","233","3,072.9"
"2020 May 21 12:00:00 AM","2,020","5","21","15,151","BOYACA","CHIQUINQUIRA","56,224,880,219","-738,042,449,951","ESTACION DE SERVICIO DE GNCV","GNV","2","347","161","2,694.79"
"2020 May 27 12:00:00 AM","2,020","5","27","15,151","BOYACA","CHIQUINQUIRA","56,224,880,219","-738,042,449,951","ESTACION DE SERVICIO DE GNCV","GNV","2","394","207","3,099.79"
"2020 May 30 12:00:00 AM","2,020","5","30","15,150","BOYACA","TUNJA","55,184,726,715","-733,780,212,402","ESTACION DE SERVICIO DE GNCV","GNV","4","334","242","3,456.88"
"2020 May 01 12:00:00 AM","2,020","5","1","15,151","BOYACA","CHIQUINQUIRA","56,224,880,219","-738,042,449,951","ESTACION DE SERVICIO DE GNCV","GNV","2","412","247","3,068.48"
"2020 May 31 12:00:00 AM","2,020","5","31","15,150","BOYACA","TUNJA","55,184,726,715","-733,780,212,402","ESTACION DE SERVICIO DE GNCV","GNV","4","253","178","2,649.19"
"2020 May 13 12:00:00 AM","2,020","5","13","15,152","BOYACA","DUITAMA","58,906,025,887","-730,670,928,955","ESTACION DE SERVICIO DE GNCV","GNV","2","146","113","1,254.66"
"2020 May 14 12:00:00 AM","2,020","5","14","15,150","BOYACA","TUNJA","55,184,726,715","-733,780,212,402","ESTACION DE SERVICIO DE GNCV","GNV","4","414","294","4,281.24"
"2020 May 11 12:00:00 AM","2,020","5","11","15,151","BOYACA","CHIQUINQUIRA","56,224,880,219","-738,042,449,951","ESTACION DE SERVICIO DE GNCV","GNV","2","396","221","3,200.29"
"2020 May 21 12:00:00 AM","2,020","5","21","15,152","BOYACA","DUITAMA","58,906,025,887","-730,670,928,955","ESTACION DE SERVICIO DE GNCV","GNV","2","178","136","1,633.41"
"2020 May 29 12:00:00 AM","2,020","5","29","15,152","BOYACA","DUITAMA","58,906,025,887","-730,670,928,955","ESTACION DE SERVICIO DE GNCV","GNV","2","171","130","1,579.68"
"2020 May 08 12:00:00 AM","2,020","5","8","15,157","BOYACA","SOGAMOSO","56,466,722,488","-728,709,564,209","ESTACION DE SERVICIO DE GNCV","GNV","2","57","50","577.65"
"2020 May 01 12:00:00 AM","2,020","5","1","15,152","BOYACA","DUITAMA","58,906,025,887","-730,670,928,955","ESTACION DE SERVICIO DE GNCV","GNV","2","41","37","422.07"
"2020 May 15 12:00:00 AM","2,020","5","15","15,151","BOYACA","CHIQUINQUIRA","56,224,880,219","-738,042,449,951","ESTACION DE SERVICIO DE GNCV","GNV","2","361","203","2,935.31"
"2020 May 25 12:00:00 AM","2,020","5","25","15,152","BOYACA","DUITAMA","58,906,025,887","-730,670,928,955","ESTACION DE SERVICIO DE GNCV","GNV","2","51","39","395.01"
"2020 May 29 12:00:00 AM","2,020","5","29","15,150","BOYACA","TUNJA","55,184,726,715","-733,780,212,402","ESTACION DE SERVICIO DE GNCV","GNV","4","449","291","4,742.36"
"2020 May 09 12:00:00 AM","2,020","5","9","15,152","BOYACA","DUITAMA","58,906,025,887","-730,670,928,955","ESTACION DE SERVICIO DE GNCV","GNV","2","127","95","1,066.59"
"2020 May 01 12:00:00 AM","2,020","5","1","15,150","BOYACA","TUNJA","55,184,726,715","-733,780,212,402","ESTACION DE SERVICIO DE GNCV","GNV","4","359","235","3,767.61"
"2020 May 03 12:00:00 AM","2,020","5","3","15,152","BOYACA","DUITAMA","58,906,025,887","-730,670,928,955","ESTACION DE SERVICIO DE GNCV","GNV","2","104","77","844.76"
"2020 May 26 12:00:00 AM","2,020","5","26","15,152","BOYACA","DUITAMA","58,906,025,887","-730,670,928,955","ESTACION DE SERVICIO DE GNCV","GNV","2","176","138","1,624.22"
"2020 May 23 12:00:00 AM","2,020","5","23","15,150","BOYACA","TUNJA","55,184,726,715","-733,780,212,402","ESTACION DE SERVICIO DE GNCV","GNV","4","324","212","3,400.52"
"2020 May 07 12:00:00 AM","2,020","5","7","15,150","BOYACA","TUNJA","55,184,726,715","-733,780,212,402","ESTACION DE SERVICIO DE GNCV","GNV","4","425","263","4,621.19"
"2020 May 07 12:00:00 AM","2,020","5","7","15,151","BOYACA","CHIQUINQUIRA","56,224,880,219","-738,042,449,951","ESTACION DE SERVICIO DE GNCV","GNV","2","487","285","3,669.74"
"2020 May 24 12:00:00 AM","2,020","5","24","15,157","BOYACA","SOGAMOSO","56,466,722,488","-728,709,564,209","ESTACION DE SERVICIO DE GNCV","GNV","2","13","13","139.68"
"2020 May 24 12:00:00 AM","2,020","5","24","15,151","BOYACA","CHIQUINQUIRA","56,224,880,219","-738,042,449,951","ESTACION DE SERVICIO DE GNCV","GNV","2","234","120","1,786.43"
"2020 May 05 12:00:00 AM","2,020","5","5","15,157","BOYACA","SOGAMOSO","56,466,722,488","-728,709,564,209","ESTACION DE SERVICIO DE GNCV","GNV","2","54","46","579.46"
"2020 May 03 12:00:00 AM","2,020","5","3","15,157","BOYACA","SOGAMOSO","56,466,722,488","-728,709,564,209","ESTACION DE SERVICIO DE GNCV","GNV","2","39","32","453.87"
"2020 May 22 12:00:00 AM","2,020","5","22","15,157","BOYACA","SOGAMOSO","56,466,722,488","-728,709,564,209","ESTACION DE SERVICIO DE GNCV","GNV","2","75","64","843.92"
"2020 May 19 12:00:00 AM","2,020","5","19","15,152","BOYACA","DUITAMA","58,906,025,887","-730,670,928,955","ESTACION DE SERVICIO DE GNCV","GNV","2","146","118","1,194.19"
"2020 May 13 12:00:00 AM","2,020","5","13","15,151","BOYACA","CHIQUINQUIRA","56,224,880,219","-738,042,449,951","ESTACION DE SERVICIO DE GNCV","GNV","3","376","226","2,948.18"
"2020 May 16 12:00:00 AM","2,020","5","16","15,157","BOYACA","SOGAMOSO","56,466,722,488","-728,709,564,209","ESTACION DE SERVICIO DE GNCV","GNV","2","54","50","555.57"
"2020 May 06 12:00:00 AM","2,020","5","6","15,150","BOYACA","TUNJA","55,184,726,715","-733,780,212,402","ESTACION DE SERVICIO DE GNCV","GNV","4","317","235","3,403.91"
"2020 May 11 12:00:00 AM","2,020","5","11","15,157","BOYACA","SOGAMOSO","56,466,722,488","-728,709,564,209","ESTACION DE SERVICIO DE GNCV","GNV","2","46","44","492.09"
"2020 May 18 12:00:00 AM","2,020","5","18","15,157","BOYACA","SOGAMOSO","56,466,722,488","-728,709,564,209","ESTACION DE SERVICIO DE GNCV","GNV","2","62","56","709.62"
"2020 May 10 12:00:00 AM","2,020","5","10","15,157","BOYACA","SOGAMOSO","56,466,722,488","-728,709,564,209","ESTACION DE SERVICIO DE GNCV","GNV","2","23","21","242.45"
"2020 May 28 12:00:00 AM","2,020","5","28","15,150","BOYACA","TUNJA","55,184,726,715","-733,780,212,402","ESTACION DE SERVICIO DE GNCV","GNV","4","412","296","4,458.51"
"2020 May 23 12:00:00 AM","2,020","5","23","15,157","BOYACA","SOGAMOSO","56,466,722,488","-728,709,564,209","ESTACION DE SERVICIO DE GNCV","GNV","2","89","72","876.23"
"2020 May 13 12:00:00 AM","2,020","5","13","15,157","BOYACA","SOGAMOSO","56,466,722,488","-728,709,564,209","ESTACION DE SERVICIO DE GNCV","GNV","2","84","64","861.32"
"2020 May 04 12:00:00 AM","2,020","5","4","15,150","BOYACA","TUNJA","55,184,726,715","-733,780,212,402","ESTACION DE SERVICIO DE GNCV","GNV","4","317","221","3,478.35"
"2020 May 20 12:00:00 AM","2,020","5","20","15,157","BOYACA","SOGAMOSO","56,466,722,488","-728,709,564,209","ESTACION DE SERVICIO DE GNCV","GNV","2","78","68","757.55"
"2020 May 08 12:00:00 AM","2,020","5","8","15,151","BOYACA","CHIQUINQUIRA","56,224,880,219","-738,042,449,951","ESTACION DE SERVICIO DE GNCV","GNV","2","478","292","3,691.27"
"2020 May 12 12:00:00 AM","2,020","5","12","15,157","BOYACA","SOGAMOSO","56,466,722,488","-728,709,564,209","ESTACION DE SERVICIO DE GNCV","GNV","2","61","52","688.27"
"2020 May 12 12:00:00 AM","2,020","5","12","15,150","BOYACA","TUNJA","55,184,726,715","-733,780,212,402","ESTACION DE SERVICIO DE GNCV","GNV","4","416","287","4,203.53"
"2020 May 15 12:00:00 AM","2,020","5","15","15,152","BOYACA","DUITAMA","58,906,025,887","-730,670,928,955","ESTACION DE SERVICIO DE GNCV","GNV","2","149","118","1,304.95"
"2020 May 01 12:00:00 AM","2,020","5","1","15,157","BOYACA","SOGAMOSO","56,466,722,488","-728,709,564,209","ESTACION DE SERVICIO DE GNCV","GNV","2","61","51","665.88"
"2020 May 25 12:00:00 AM","2,020","5","25","15,157","BOYACA","SOGAMOSO","56,466,722,488","-728,709,564,209","ESTACION DE SERVICIO DE GNCV","GNV","2","17","14","214.38"
"2020 May 28 12:00:00 AM","2,020","5","28","15,152","BOYACA","DUITAMA","58,906,025,887","-730,670,928,955","ESTACION DE SERVICIO DE GNCV","GNV","2","178","131","1,639.3"
"2020 May 29 12:00:00 AM","2,020","5","29","15,151","BOYACA","CHIQUINQUIRA","56,224,880,219","-738,042,449,951","ESTACION DE SERVICIO DE GNCV","GNV","2","395","182","3,102.9"
"2020 May 16 12:00:00 AM","2,020","5","16","15,151","BOYACA","CHIQUINQUIRA","56,224,880,219","-738,042,449,951","ESTACION DE SERVICIO DE GNCV","GNV","2","272","158","2,108.79"
"2020 May 06 12:00:00 AM","2,020","5","6","15,152","BOYACA","DUITAMA","58,906,025,887","-730,670,928,955","ESTACION DE SERVICIO DE GNCV","GNV","2","127","101","1,127.43"
"2020 May 16 12:00:00 AM","2,020","5","16","15,152","BOYACA","DUITAMA","58,906,025,887","-730,670,928,955","ESTACION DE SERVICIO DE GNCV","GNV","2","156","116","1,373.88"
"2020 May 08 12:00:00 AM","2,020","5","8","15,152","BOYACA","DUITAMA","58,906,025,887","-730,670,928,955","ESTACION DE SERVICIO DE GNCV","GNV","2","145","115","1,233.93"
"2020 May 19 12:00:00 AM","2,020","5","19","15,150","BOYACA","TUNJA","55,184,726,715","-733,780,212,402","ESTACION DE SERVICIO DE GNCV","GNV","4","443","312","4,678.29"
"2020 May 02 12:00:00 AM","2,020","5","2","15,152","BOYACA","DUITAMA","58,906,025,887","-730,670,928,955","ESTACION DE SERVICIO DE GNCV","GNV","2","124","89","1,145.9"
"2020 May 15 12:00:00 AM","2,020","5","15","15,150","BOYACA","TUNJA","55,184,726,715","-733,780,212,402","ESTACION DE SERVICIO DE GNCV","GNV","4","447","299","4,609.15"
"2020 May 30 12:00:00 AM","2,020","5","30","15,157","BOYACA","SOGAMOSO","56,466,722,488","-728,709,564,209","ESTACION DE SERVICIO DE GNCV","GNV","2","71","64","788.42"
"2020 May 04 12:00:00 AM","2,020","5","4","15,157","BOYACA","SOGAMOSO","56,466,722,488","-728,709,564,209","ESTACION DE SERVICIO DE GNCV","GNV","2","46","42","476.37"
"2020 May 17 12:00:00 AM","2,020","5","17","15,150","BOYACA","TUNJA","55,184,726,715","-733,780,212,402","ESTACION DE SERVICIO DE GNCV","GNV","4","225","156","2,071.96"
"2020 May 10 12:00:00 AM","2,020","5","10","15,151","BOYACA","CHIQUINQUIRA","56,224,880,219","-738,042,449,951","ESTACION DE SERVICIO DE GNCV","GNV","2","302","167","2,113.9"
"2020 May 11 12:00:00 AM","2,020","5","11","15,152","BOYACA","DUITAMA","58,906,025,887","-730,670,928,955","ESTACION DE SERVICIO DE GNCV","GNV","2","132","99","1,158.14"
"2020 May 21 12:00:00 AM","2,020","5","21","15,150","BOYACA","TUNJA","55,184,726,715","-733,780,212,402","ESTACION DE SERVICIO DE GNCV","GNV","4","396","269","4,241.79"
"2020 May 30 12:00:00 AM","2,020","5","30","15,152","BOYACA","DUITAMA","58,906,025,887","-730,670,928,955","ESTACION DE SERVICIO DE GNCV","GNV","2","176","122","1,580.75"
"2020 May 26 12:00:00 AM","2,020","5","26","15,150","BOYACA","TUNJA","55,184,726,715","-733,780,212,402","ESTACION DE SERVICIO DE GNCV","GNV","4","404","292","4,475.81"
"2020 May 14 12:00:00 AM","2,020","5","14","15,151","BOYACA","CHIQUINQUIRA","56,224,880,219","-738,042,449,951","ESTACION DE SERVICIO DE GNCV","GNV","2","352","199","2,834.49"
"2020 May 22 12:00:00 AM","2,020","5","22","15,152","BOYACA","DUITAMA","58,906,025,887","-730,670,928,955","ESTACION DE SERVICIO DE GNCV","GNV","2","167","127","1,459.41"
"2020 May 07 12:00:00 AM","2,020","5","7","15,157","BOYACA","SOGAMOSO","56,466,722,488","-728,709,564,209","ESTACION DE SERVICIO DE GNCV","GNV","2","66","56","704.96"
"2020 May 20 12:00:00 AM","2,020","5","20","15,151","BOYACA","CHIQUINQUIRA","56,224,880,219","-738,042,449,951","ESTACION DE SERVICIO DE GNCV","GNV","2","384","231","3,245.53"
"2020 May 05 12:00:00 AM","2,020","5","5","15,151","BOYACA","CHIQUINQUIRA","56,224,880,219","-738,042,449,951","ESTACION DE SERVICIO DE GNCV","GNV","2","356","192","2,574.13"
"2020 May 06 12:00:00 AM","2,020","5","6","15,157","BOYACA","SOGAMOSO","56,466,722,488","-728,709,564,209","ESTACION DE SERVICIO DE GNCV","GNV","2","55","50","632.48"
"2020 May 09 12:00:00 AM","2,020","5","9","15,157","BOYACA","SOGAMOSO","56,466,722,488","-728,709,564,209","ESTACION DE SERVICIO DE GNCV","GNV","2","47","43","510.21"
"2020 May 04 12:00:00 AM","2,020","5","4","15,151","BOYACA","CHIQUINQUIRA","56,224,880,219","-738,042,449,951","ESTACION DE SERVICIO DE GNCV","GNV","2","375","216","2,722.43"
"2020 May 12 12:00:00 AM","2,020","5","12","15,151","BOYACA","CHIQUINQUIRA","56,224,880,219","-738,042,449,951","ESTACION DE SERVICIO DE GNCV","GNV","2","351","193","2,779.83"
"2020 May 27 12:00:00 AM","2,020","5","27","15,152","BOYACA","DUITAMA","58,906,025,887","-730,670,928,955","ESTACION DE SERVICIO DE GNCV","GNV","2","182","133","1,628.82"
"2020 May 03 12:00:00 AM","2,020","5","3","15,150","BOYACA","TUNJA","55,184,726,715","-733,780,212,402","ESTACION DE SERVICIO DE GNCV","GNV","4","321","210","3,154.45"
"2020 May 14 12:00:00 AM","2,020","5","14","15,157","BOYACA","SOGAMOSO","56,466,722,488","-728,709,564,209","ESTACION DE SERVICIO DE GNCV","GNV","2","73","67","845.57"
"2020 May 15 12:00:00 AM","2,020","5","15","15,157","BOYACA","SOGAMOSO","56,466,722,488","-728,709,564,209","ESTACION DE SERVICIO DE GNCV","GNV","2","79","64","734.92"
"2020 May 31 12:00:00 AM","2,020","5","31","15,152","BOYACA","DUITAMA","58,906,025,887","-730,670,928,955","ESTACION DE SERVICIO DE GNCV","GNV","2","126","90","1,012.28"
"2020 May 22 12:00:00 AM","2,020","5","22","15,151","BOYACA","CHIQUINQUIRA","56,224,880,219","-738,042,449,951","ESTACION DE SERVICIO DE GNCV","GNV","2","363","190","2,793.59"
"2020 May 18 12:00:00 AM","2,020","5","18","15,152","BOYACA","DUITAMA","58,906,025,887","-730,670,928,955","ESTACION DE SERVICIO DE GNCV","GNV","2","143","115","1,365.86"
"2020 May 17 12:00:00 AM","2,020","5","17","15,157","BOYACA","SOGAMOSO","56,466,722,488","-728,709,564,209","ESTACION DE SERVICIO DE GNCV","GNV","2","58","50","548.78"
"2020 May 31 12:00:00 AM","2,020","5","31","15,151","BOYACA","CHIQUINQUIRA","56,224,880,219","-738,042,449,951","ESTACION DE SERVICIO DE GNCV","GNV","2","254","127","2,006.31"
"2020 May 17 12:00:00 AM","2,020","5","17","15,151","BOYACA","CHIQUINQUIRA","56,224,880,219","-738,042,449,951","ESTACION DE SERVICIO DE GNCV","GNV","2","221","119","1,846.65"
"2020 May 30 12:00:00 AM","2,020","5","30","15,151","BOYACA","CHIQUINQUIRA","56,224,880,219","-738,042,449,951","ESTACION DE SERVICIO DE GNCV","GNV","2","281","130","2,154.55"
"2020 May 26 12:00:00 AM","2,020","5","26","15,157","BOYACA","SOGAMOSO","56,466,722,488","-728,709,564,209","ESTACION DE SERVICIO DE GNCV","GNV","2","82","70","936.81"
"2020 May 23 12:00:00 AM","2,020","5","23","15,151","BOYACA","CHIQUINQUIRA","56,224,880,219","-738,042,449,951","ESTACION DE SERVICIO DE GNCV","GNV","2","254","149","1,904.26"
"2020 May 12 12:00:00 AM","2,020","5","12","15,152","BOYACA","DUITAMA","58,906,025,887","-730,670,928,955","ESTACION DE SERVICIO DE GNCV","GNV","2","130","103","1,127.91"
"2020 May 05 12:00:00 AM","2,020","5","5","15,152","BOYACA","DUITAMA","58,906,025,887","-730,670,928,955","ESTACION DE SERVICIO DE GNCV","GNV","2","132","106","1,214.46"
"2020 May 05 12:00:00 AM","2,020","5","5","15,150","BOYACA","TUNJA","55,184,726,715","-733,780,212,402","ESTACION DE SERVICIO DE GNCV","GNV","4","332","222","3,681.28"
"2020 May 13 12:00:00 AM","2,020","5","13","15,150","BOYACA","TUNJA","55,184,726,715","-733,780,212,402","ESTACION DE SERVICIO DE GNCV","GNV","4","432","289","4,316.05"
"2020 May 02 12:00:00 AM","2,020","5","2","15,157","BOYACA","SOGAMOSO","56,466,722,488","-728,709,564,209","ESTACION DE SERVICIO DE GNCV","GNV","2","61","54","634.6"
"2020 May 03 12:00:00 AM","2,020","5","3","15,151","BOYACA","CHIQUINQUIRA","56,224,880,219","-738,042,449,951","ESTACION DE SERVICIO DE GNCV","GNV","2","199","115","1,461.05"
"2020 May 25 12:00:00 AM","2,020","5","25","15,151","BOYACA","CHIQUINQUIRA","56,224,880,219","-738,042,449,951","ESTACION DE SERVICIO DE GNCV","GNV","2","281","137","2,210.75"
"2020 May 07 12:00:00 AM","2,020","5","7","15,152","BOYACA","DUITAMA","58,906,025,887","-730,670,928,955","ESTACION DE SERVICIO DE GNCV","GNV","2","147","116","1,333.79"
"2020 May 10 12:00:00 AM","2,020","5","10","15,150","BOYACA","TUNJA","55,184,726,715","-733,780,212,402","ESTACION DE SERVICIO DE GNCV","GNV","4","195","123","1,791.56"
"2020 May 11 12:00:00 AM","2,020","5","11","15,150","BOYACA","TUNJA","55,184,726,715","-733,780,212,402","ESTACION DE SERVICIO DE GNCV","GNV","4","442","279","4,558.13"
"2020 May 08 12:00:00 AM","2,020","5","8","15,150","BOYACA","TUNJA","55,184,726,715","-733,780,212,402","ESTACION DE SERVICIO DE GNCV","GNV","4","359","246","3,893.28"
"2020 May 19 12:00:00 AM","2,020","5","19","15,151","BOYACA","CHIQUINQUIRA","56,224,880,219","-738,042,449,951","ESTACION DE SERVICIO DE GNCV","GNV","2","371","211","2,898.6"
"2020 May 06 12:00:00 AM","2,020","5","6","15,151","BOYACA","CHIQUINQUIRA","56,224,880,219","-738,042,449,951","ESTACION DE SERVICIO DE GNCV","GNV","3","387","242","2,845.31"
"2020 May 02 12:00:00 AM","2,020","5","2","15,151","BOYACA","CHIQUINQUIRA","56,224,880,219","-738,042,449,951","ESTACION DE SERVICIO DE GNCV","GNV","2","268","150","1,997.9"
"2020 May 18 12:00:00 AM","2,020","5","18","15,150","BOYACA","TUNJA","55,184,726,715","-733,780,212,402","ESTACION DE SERVICIO DE GNCV","GNV","4","406","285","4,142.61"
"2020 May 28 12:00:00 AM","2,020","5","28","15,157","BOYACA","SOGAMOSO","56,466,722,488","-728,709,564,209","ESTACION DE SERVICIO DE GNCV","GNV","2","63","59","665.56"
"2020 May 29 12:00:00 AM","2,020","5","29","15,157","BOYACA","SOGAMOSO","56,466,722,488","-728,709,564,209","ESTACION DE SERVICIO DE GNCV","GNV","2","91","80","884.8"
"2020 May 28 12:00:00 AM","2,020","5","28","15,151","BOYACA","CHIQUINQUIRA","56,224,880,219","-738,042,449,951","ESTACION DE SERVICIO DE GNCV","GNV","2","381","178","3,045.73"
"2020 May 16 12:00:00 AM","2,020","5","16","15,150","BOYACA","TUNJA","55,184,726,715","-733,780,212,402","ESTACION DE SERVICIO DE GNCV","GNV","4","394","281","3,973.83"
"2020 May 19 12:00:00 AM","2,020","5","19","15,157","BOYACA","SOGAMOSO","56,466,722,488","-728,709,564,209","ESTACION DE SERVICIO DE GNCV","GNV","2","90","74","830.76"
"2020 May 20 12:00:00 AM","2,020","5","20","15,150","BOYACA","TUNJA","55,184,726,715","-733,780,212,402","ESTACION DE SERVICIO DE GNCV","GNV","4","381","262","4,105.14"
"2020 May 26 12:00:00 AM","2,020","5","26","15,151","BOYACA","CHIQUINQUIRA","56,224,880,219","-738,042,449,951","ESTACION DE SERVICIO DE GNCV","GNV","2","400","176","3,110.38"
"2020 May 31 12:00:00 AM","2,020","5","31","15,157","BOYACA","SOGAMOSO","56,466,722,488","-728,709,564,209","ESTACION DE SERVICIO DE GNCV","GNV","2","79","63","748.33"
"2020 May 09 12:00:00 AM","2,020","5","9","15,150","BOYACA","TUNJA","55,184,726,715","-733,780,212,402","ESTACION DE SERVICIO DE GNCV","GNV","4","308","199","3,123.88"
"2020 May 14 12:00:00 AM","2,020","5","14","15,152","BOYACA","DUITAMA","58,906,025,887","-730,670,928,955","ESTACION DE SERVICIO DE GNCV","GNV","2","157","126","1,431.42"
"2020 May 02 12:00:00 AM","2,020","5","2","15,150","BOYACA","TUNJA","55,184,726,715","-733,780,212,402","ESTACION DE SERVICIO DE GNCV","GNV","4","371","243","3,815.25"
"2020 May 24 12:00:00 AM","2,020","5","24","15,150","BOYACA","TUNJA","55,184,726,715","-733,780,212,402","ESTACION DE SERVICIO DE GNCV","GNV","4","192","146","1,937.13"
"2020 May 25 12:00:00 AM","2,020","5","25","15,150","BOYACA","TUNJA","55,184,726,715","-733,780,212,402","ESTACION DE SERVICIO DE GNCV","GNV","4","203","146","2,209.33"
"2020 Apr 03 12:00:00 AM","2,020","4","3","15,152","BOYACA","DUITAMA","58,906,025,887","-730,670,928,955","ESTACION DE SERVICIO DE GNCV","GNV","2","108","80","806.93"
"2020 Apr 30 12:00:00 AM","2,020","4","30","15,150","BOYACA","TUNJA","55,184,726,715","-733,780,212,402","ESTACION DE SERVICIO DE GNCV","GNV","3","358","226","3,785.42"
"2020 Apr 20 12:00:00 AM","2,020","4","20","15,152","BOYACA","DUITAMA","58,906,025,887","-730,670,928,955","ESTACION DE SERVICIO DE GNCV","GNV","2","106","79","850.38"
"2020 Apr 24 12:00:00 AM","2,020","4","24","15,151","BOYACA","CHIQUINQUIRA","56,224,880,219","-738,042,449,951","ESTACION DE SERVICIO DE GNCV","GNV","2","418","261","3,122.84"
"2020 Apr 14 12:00:00 AM","2,020","4","14","15,157","BOYACA","SOGAMOSO","56,466,722,488","-728,709,564,209","ESTACION DE SERVICIO DE GNCV","GNV","2","35","31","376.12"
"2020 Apr 24 12:00:00 AM","2,020","4","24","15,157","BOYACA","SOGAMOSO","56,466,722,488","-728,709,564,209","ESTACION DE SERVICIO DE GNCV","GNV","2","42","39","458.22"
"2020 Apr 29 12:00:00 AM","2,020","4","29","15,152","BOYACA","DUITAMA","58,906,025,887","-730,670,928,955","ESTACION DE SERVICIO DE GNCV","GNV","2","169","119","1,394.64"
"2020 Apr 02 12:00:00 AM","2,020","4","2","15,157","BOYACA","SOGAMOSO","56,466,722,488","-728,709,564,209","ESTACION DE SERVICIO DE GNCV","GNV","2","46","39","449.97"
"2020 Apr 10 12:00:00 AM","2,020","4","10","15,152","BOYACA","DUITAMA","58,906,025,887","-730,670,928,955","ESTACION DE SERVICIO DE GNCV","GNV","2","9","6","66.4"
"2020 Apr 13 12:00:00 AM","2,020","4","13","15,152","BOYACA","DUITAMA","58,906,025,887","-730,670,928,955","ESTACION DE SERVICIO DE GNCV","GNV","2","88","70","675.23"
"2020 Apr 17 12:00:00 AM","2,020","4","17","15,150","BOYACA","TUNJA","55,184,726,715","-733,780,212,402","ESTACION DE SERVICIO DE GNCV","GNV","3","206","131","2,119.36"
"2020 Apr 05 12:00:00 AM","2,020","4","5","15,152","BOYACA","DUITAMA","58,906,025,887","-730,670,928,955","ESTACION DE SERVICIO DE GNCV","GNV","2","91","63","679.04"
"2020 Apr 13 12:00:00 AM","2,020","4","13","15,151","BOYACA","CHIQUINQUIRA","56,224,880,219","-738,042,449,951","ESTACION DE SERVICIO DE GNCV","GNV","2","374","242","2,701.65"
"2020 Apr 16 12:00:00 AM","2,020","4","16","15,157","BOYACA","SOGAMOSO","56,466,722,488","-728,709,564,209","ESTACION DE SERVICIO DE GNCV","GNV","2","35","31","362.35"
"2020 Apr 29 12:00:00 AM","2,020","4","29","15,157","BOYACA","SOGAMOSO","56,466,722,488","-728,709,564,209","ESTACION DE SERVICIO DE GNCV","GNV","2","67","56","722.74"
"2020 Apr 18 12:00:00 AM","2,020","4","18","15,157","BOYACA","SOGAMOSO","56,466,722,488","-728,709,564,209","ESTACION DE SERVICIO DE GNCV","GNV","2","42","38","493.92"
"2020 Apr 25 12:00:00 AM","2,020","4","25","15,151","BOYACA","CHIQUINQUIRA","56,224,880,219","-738,042,449,951","ESTACION DE SERVICIO DE GNCV","GNV","2","201","129","1,494.34"
"2020 Apr 07 12:00:00 AM","2,020","4","7","15,152","BOYACA","DUITAMA","58,906,025,887","-730,670,928,955","ESTACION DE SERVICIO DE GNCV","GNV","2","95","80","851.95"
"2020 Apr 27 12:00:00 AM","2,020","4","27","15,150","BOYACA","TUNJA","55,184,726,715","-733,780,212,402","ESTACION DE SERVICIO DE GNCV","GNV","3","176","126","1,865.96"
"2020 Apr 02 12:00:00 AM","2,020","4","2","15,150","BOYACA","TUNJA","55,184,726,715","-733,780,212,402","ESTACION DE SERVICIO DE GNCV","GNV","3","184","130","1,905.34"
"2020 Apr 11 12:00:00 AM","2,020","4","11","15,151","BOYACA","CHIQUINQUIRA","56,224,880,219","-738,042,449,951","ESTACION DE SERVICIO DE GNCV","GNV","2","311","207","2,237.19"
"2020 Apr 05 12:00:00 AM","2,020","4","5","15,157","BOYACA","SOGAMOSO","56,466,722,488","-728,709,564,209","ESTACION DE SERVICIO DE GNCV","GNV","2","25","23","263.73"
"2020 Apr 19 12:00:00 AM","2,020","4","19","15,152","BOYACA","DUITAMA","58,906,025,887","-730,670,928,955","ESTACION DE SERVICIO DE GNCV","GNV","2","68","50","539.72"
"2020 Apr 23 12:00:00 AM","2,020","4","23","15,151","BOYACA","CHIQUINQUIRA","56,224,880,219","-738,042,449,951","ESTACION DE SERVICIO DE GNCV","GNV","2","391","249","2,815.4"
"2020 Apr 06 12:00:00 AM","2,020","4","6","15,152","BOYACA","DUITAMA","58,906,025,887","-730,670,928,955","ESTACION DE SERVICIO DE GNCV","GNV","2","99","79","794.87"
"2020 Apr 07 12:00:00 AM","2,020","4","7","15,150","BOYACA","TUNJA","55,184,726,715","-733,780,212,402","ESTACION DE SERVICIO DE GNCV","GNV","3","160","112","1,690.87"
"2020 Apr 10 12:00:00 AM","2,020","4","10","15,157","BOYACA","SOGAMOSO","56,466,722,488","-728,709,564,209","ESTACION DE SERVICIO DE GNCV","GNV","2","9","9","83.24"
"2020 Apr 23 12:00:00 AM","2,020","4","23","15,150","BOYACA","TUNJA","55,184,726,715","-733,780,212,402","ESTACION DE SERVICIO DE GNCV","GNV","3","192","131","2,019.4"
"2020 Apr 09 12:00:00 AM","2,020","4","9","15,150","BOYACA","TUNJA","55,184,726,715","-733,780,212,402","ESTACION DE SERVICIO DE GNCV","GNV","3","61","43","515.84"
"2020 Apr 28 12:00:00 AM","2,020","4","28","15,157","BOYACA","SOGAMOSO","56,466,722,488","-728,709,564,209","ESTACION DE SERVICIO DE GNCV","GNV","2","57","46","554.46"
"2020 Apr 26 12:00:00 AM","2,020","4","26","15,152","BOYACA","DUITAMA","58,906,025,887","-730,670,928,955","ESTACION DE SERVICIO DE GNCV","GNV","2","75","62","638.81"
"2020 Apr 09 12:00:00 AM","2,020","4","9","15,152","BOYACA","DUITAMA","58,906,025,887","-730,670,928,955","ESTACION DE SERVICIO DE GNCV","GNV","2","12","12","80.91"
"2020 Apr 15 12:00:00 AM","2,020","4","15","15,157","BOYACA","SOGAMOSO","56,466,722,488","-728,709,564,209","ESTACION DE SERVICIO DE GNCV","GNV","2","40","36","429.43"
"2020 Apr 12 12:00:00 AM","2,020","4","12","15,157","BOYACA","SOGAMOSO","56,466,722,488","-728,709,564,209","ESTACION DE SERVICIO DE GNCV","GNV","2","27","23","294.13"
"2020 Apr 06 12:00:00 AM","2,020","4","6","15,151","BOYACA","CHIQUINQUIRA","56,224,880,219","-738,042,449,951","ESTACION DE SERVICIO DE GNCV","GNV","2","322","216","2,466.13"
"2020 Apr 08 12:00:00 AM","2,020","4","8","15,150","BOYACA","TUNJA","55,184,726,715","-733,780,212,402","ESTACION DE SERVICIO DE GNCV","GNV","3","177","121","1,759.82"
"2020 Apr 14 12:00:00 AM","2,020","4","14","15,150","BOYACA","TUNJA","55,184,726,715","-733,780,212,402","ESTACION DE SERVICIO DE GNCV","GNV","3","171","109","1,727.2"
"2020 Apr 07 12:00:00 AM","2,020","4","7","15,151","BOYACA","CHIQUINQUIRA","56,224,880,219","-738,042,449,951","ESTACION DE SERVICIO DE GNCV","GNV","2","318","203","2,036.46"
"2020 Apr 29 12:00:00 AM","2,020","4","29","15,151","BOYACA","CHIQUINQUIRA","56,224,880,219","-738,042,449,951","ESTACION DE SERVICIO DE GNCV","GNV","2","488","250","3,423.22"
"2020 Apr 25 12:00:00 AM","2,020","4","25","15,150","BOYACA","TUNJA","55,184,726,715","-733,780,212,402","ESTACION DE SERVICIO DE GNCV","GNV","3","180","123","1,710.82"
"2020 Apr 16 12:00:00 AM","2,020","4","16","15,151","BOYACA","CHIQUINQUIRA","56,224,880,219","-738,042,449,951","ESTACION DE SERVICIO DE GNCV","GNV","2","360","234","2,612.42"
"2020 Apr 08 12:00:00 AM","2,020","4","8","15,157","BOYACA","SOGAMOSO","56,466,722,488","-728,709,564,209","ESTACION DE SERVICIO DE GNCV","GNV","2","50","45","510.11"
"2020 Apr 06 12:00:00 AM","2,020","4","6","15,157","BOYACA","SOGAMOSO","56,466,722,488","-728,709,564,209","ESTACION DE SERVICIO DE GNCV","GNV","2","42","39","442.6"
"2020 Apr 05 12:00:00 AM","2,020","4","5","15,151","BOYACA","CHIQUINQUIRA","56,224,880,219","-738,042,449,951","ESTACION DE SERVICIO DE GNCV","GNV","2","260","173","1,744.57"
"2020 Apr 12 12:00:00 AM","2,020","4","12","15,152","BOYACA","DUITAMA","58,906,025,887","-730,670,928,955","ESTACION DE SERVICIO DE GNCV","GNV","2","75","58","517.47"
"2020 Apr 03 12:00:00 AM","2,020","4","3","15,151","BOYACA","CHIQUINQUIRA","56,224,880,219","-738,042,449,951","ESTACION DE SERVICIO DE GNCV","GNV","2","329","226","2,561.99"
"2020 Apr 23 12:00:00 AM","2,020","4","23","15,152","BOYACA","DUITAMA","58,906,025,887","-730,670,928,955","ESTACION DE SERVICIO DE GNCV","GNV","2","108","89","998.09"
"2020 Apr 01 12:00:00 AM","2,020","4","1","15,152","BOYACA","DUITAMA","58,906,025,887","-730,670,928,955","ESTACION DE SERVICIO DE GNCV","GNV","2","97","71","757.87"
"2020 Apr 24 12:00:00 AM","2,020","4","24","15,150","BOYACA","TUNJA","55,184,726,715","-733,780,212,402","ESTACION DE SERVICIO DE GNCV","GNV","3","211","144","2,181.96"
"2020 Apr 15 12:00:00 AM","2,020","4","15","15,150","BOYACA","TUNJA","55,184,726,715","-733,780,212,402","ESTACION DE SERVICIO DE GNCV","GNV","3","204","137","2,057.01"
"2020 Apr 04 12:00:00 AM","2,020","4","4","15,152","BOYACA","DUITAMA","58,906,025,887","-730,670,928,955","ESTACION DE SERVICIO DE GNCV","GNV","2","98","70","772.33"
"2020 Apr 03 12:00:00 AM","2,020","4","3","15,150","BOYACA","TUNJA","55,184,726,715","-733,780,212,402","ESTACION DE SERVICIO DE GNCV","GNV","3","188","131","1,851.13"
"2020 Apr 09 12:00:00 AM","2,020","4","9","15,157","BOYACA","SOGAMOSO","56,466,722,488","-728,709,564,209","ESTACION DE SERVICIO DE GNCV","GNV","2","21","18","236.54"
"2020 Apr 24 12:00:00 AM","2,020","4","24","15,152","BOYACA","DUITAMA","58,906,025,887","-730,670,928,955","ESTACION DE SERVICIO DE GNCV","GNV","2","92","75","777.98"
"2020 Apr 20 12:00:00 AM","2,020","4","20","15,150","BOYACA","TUNJA","55,184,726,715","-733,780,212,402","ESTACION DE SERVICIO DE GNCV","GNV","3","180","123","1,877.01"
"2020 Apr 11 12:00:00 AM","2,020","4","11","15,152","BOYACA","DUITAMA","58,906,025,887","-730,670,928,955","ESTACION DE SERVICIO DE GNCV","GNV","2","29","26","254.88"
"2020 Apr 07 12:00:00 AM","2,020","4","7","15,157","BOYACA","SOGAMOSO","56,466,722,488","-728,709,564,209","ESTACION DE SERVICIO DE GNCV","GNV","2","40","35","405.97"
"2020 Apr 13 12:00:00 AM","2,020","4","13","15,157","BOYACA","SOGAMOSO","56,466,722,488","-728,709,564,209","ESTACION DE SERVICIO DE GNCV","GNV","2","32","28","318.01"
"2020 Apr 22 12:00:00 AM","2,020","4","22","15,157","BOYACA","SOGAMOSO","56,466,722,488","-728,709,564,209","ESTACION DE SERVICIO DE GNCV","GNV","2","51","42","522.46"
"2020 Apr 27 12:00:00 AM","2,020","4","27","15,152","BOYACA","DUITAMA","58,906,025,887","-730,670,928,955","ESTACION DE SERVICIO DE GNCV","GNV","2","124","93","990.22"
"2020 Apr 28 12:00:00 AM","2,020","4","28","15,152","BOYACA","DUITAMA","58,906,025,887","-730,670,928,955","ESTACION DE SERVICIO DE GNCV","GNV","2","116","89","965.44"
"2020 Apr 28 12:00:00 AM","2,020","4","28","15,151","BOYACA","CHIQUINQUIRA","56,224,880,219","-738,042,449,951","ESTACION DE SERVICIO DE GNCV","GNV","2","409","244","3,010.26"
"2020 Apr 11 12:00:00 AM","2,020","4","11","15,157","BOYACA","SOGAMOSO","56,466,722,488","-728,709,564,209","ESTACION DE SERVICIO DE GNCV","GNV","2","30","25","327.5"
"2020 Apr 26 12:00:00 AM","2,020","4","26","15,157","BOYACA","SOGAMOSO","56,466,722,488","-728,709,564,209","ESTACION DE SERVICIO DE GNCV","GNV","2","25","23","366.41"
"2020 Apr 13 12:00:00 AM","2,020","4","13","15,150","BOYACA","TUNJA","55,184,726,715","-733,780,212,402","ESTACION DE SERVICIO DE GNCV","GNV","3","157","119","1,513.53"
"2020 Apr 15 12:00:00 AM","2,020","4","15","15,151","BOYACA","CHIQUINQUIRA","56,224,880,219","-738,042,449,951","ESTACION DE SERVICIO DE GNCV","GNV","2","388","247","2,847.66"
"2020 Apr 21 12:00:00 AM","2,020","4","21","15,152","BOYACA","DUITAMA","58,906,025,887","-730,670,928,955","ESTACION DE SERVICIO DE GNCV","GNV","2","99","80","900.11"
"2020 Apr 23 12:00:00 AM","2,020","4","23","15,157","BOYACA","SOGAMOSO","56,466,722,488","-728,709,564,209","ESTACION DE SERVICIO DE GNCV","GNV","2","50","47","564.99"
"2020 Apr 01 12:00:00 AM","2,020","4","1","15,150","BOYACA","TUNJA","55,184,726,715","-733,780,212,402","ESTACION DE SERVICIO DE GNCV","GNV","3","167","130","1,849.77"
"2020 Apr 21 12:00:00 AM","2,020","4","21","15,151","BOYACA","CHIQUINQUIRA","56,224,880,219","-738,042,449,951","ESTACION DE SERVICIO DE GNCV","GNV","2","364","258","2,648.68"
"2020 Apr 15 12:00:00 AM","2,020","4","15","15,152","BOYACA","DUITAMA","58,906,025,887","-730,670,928,955","ESTACION DE SERVICIO DE GNCV","GNV","2","129","89","985.14"
"2020 Apr 11 12:00:00 AM","2,020","4","11","15,150","BOYACA","TUNJA","55,184,726,715","-733,780,212,402","ESTACION DE SERVICIO DE GNCV","GNV","3","93","69","962.94"
"2020 Apr 04 12:00:00 AM","2,020","4","4","15,157","BOYACA","SOGAMOSO","56,466,722,488","-728,709,564,209","ESTACION DE SERVICIO DE GNCV","GNV","2","40","37","374.77"
"2020 Apr 30 12:00:00 AM","2,020","4","30","15,151","BOYACA","CHIQUINQUIRA","56,224,880,219","-738,042,449,951","ESTACION DE SERVICIO DE GNCV","GNV","2","583","307","4,411.37"
"2020 Apr 29 12:00:00 AM","2,020","4","29","15,150","BOYACA","TUNJA","55,184,726,715","-733,780,212,402","ESTACION DE SERVICIO DE GNCV","GNV","3","267","191","2,806.47"
"2020 Apr 03 12:00:00 AM","2,020","4","3","15,157","BOYACA","SOGAMOSO","56,466,722,488","-728,709,564,209","ESTACION DE SERVICIO DE GNCV","GNV","2","33","28","271.04"
"2020 Apr 10 12:00:00 AM","2,020","4","10","15,150","BOYACA","TUNJA","55,184,726,715","-733,780,212,402","ESTACION DE SERVICIO DE GNCV","GNV","3","38","27","326.08"
"2020 Apr 04 12:00:00 AM","2,020","4","4","15,151","BOYACA","CHIQUINQUIRA","56,224,880,219","-738,042,449,951","ESTACION DE SERVICIO DE GNCV","GNV","2","325","226","2,421.23"
"2020 Apr 16 12:00:00 AM","2,020","4","16","15,150","BOYACA","TUNJA","55,184,726,715","-733,780,212,402","ESTACION DE SERVICIO DE GNCV","GNV","3","159","98","1,660.71"
"2020 Apr 08 12:00:00 AM","2,020","4","8","15,152","BOYACA","DUITAMA","58,906,025,887","-730,670,928,955","ESTACION DE SERVICIO DE GNCV","GNV","2","106","74","796.74"
"2020 Apr 27 12:00:00 AM","2,020","4","27","15,151","BOYACA","CHIQUINQUIRA","56,224,880,219","-738,042,449,951","ESTACION DE SERVICIO DE GNCV","GNV","2","430","272","3,282.95"
"2020 Apr 22 12:00:00 AM","2,020","4","22","15,151","BOYACA","CHIQUINQUIRA","56,224,880,219","-738,042,449,951","ESTACION DE SERVICIO DE GNCV","GNV","2","387","265","2,889.43"
"2020 Apr 14 12:00:00 AM","2,020","4","14","15,152","BOYACA","DUITAMA","58,906,025,887","-730,670,928,955","ESTACION DE SERVICIO DE GNCV","GNV","2","90","73","761.91"
"2020 Apr 04 12:00:00 AM","2,020","4","4","15,150","BOYACA","TUNJA","55,184,726,715","-733,780,212,402","ESTACION DE SERVICIO DE GNCV","GNV","3","161","116","1,655.63"
"2020 Apr 21 12:00:00 AM","2,020","4","21","15,157","BOYACA","SOGAMOSO","56,466,722,488","-728,709,564,209","ESTACION DE SERVICIO DE GNCV","GNV","2","42","40","458.01"
"2020 Apr 01 12:00:00 AM","2,020","4","1","15,157","BOYACA","SOGAMOSO","56,466,722,488","-728,709,564,209","ESTACION DE SERVICIO DE GNCV","GNV","2","35","30","305.24"
"2020 Apr 09 12:00:00 AM","2,020","4","9","15,151","BOYACA","CHIQUINQUIRA","56,224,880,219","-738,042,449,951","ESTACION DE SERVICIO DE GNCV","GNV","2","74","57","555.35"
"2020 Apr 10 12:00:00 AM","2,020","4","10","15,151","BOYACA","CHIQUINQUIRA","56,224,880,219","-738,042,449,951","ESTACION DE SERVICIO DE GNCV","GNV","2","45","35","272.7"
"2020 Apr 19 12:00:00 AM","2,020","4","19","15,157","BOYACA","SOGAMOSO","56,466,722,488","-728,709,564,209","ESTACION DE SERVICIO DE GNCV","GNV","2","29","20","286.48"
"2020 Apr 18 12:00:00 AM","2,020","4","18","15,150","BOYACA","TUNJA","55,184,726,715","-733,780,212,402","ESTACION DE SERVICIO DE GNCV","GNV","3","173","120","1,747.21"
"2020 Apr 21 12:00:00 AM","2,020","4","21","15,150","BOYACA","TUNJA","55,184,726,715","-733,780,212,402","ESTACION DE SERVICIO DE GNCV","GNV","3","175","114","1,764.66"
"2020 Apr 19 12:00:00 AM","2,020","4","19","15,150","BOYACA","TUNJA","55,184,726,715","-733,780,212,402","ESTACION DE SERVICIO DE GNCV","GNV","3","111","75","1,041.8"
"2020 Apr 18 12:00:00 AM","2,020","4","18","15,152","BOYACA","DUITAMA","58,906,025,887","-730,670,928,955","ESTACION DE SERVICIO DE GNCV","GNV","2","95","74","780.51"
"2020 Apr 30 12:00:00 AM","2,020","4","30","15,152","BOYACA","DUITAMA","58,906,025,887","-730,670,928,955","ESTACION DE SERVICIO DE GNCV","GNV","2","191","130","1,748.23"
"2020 Apr 26 12:00:00 AM","2,020","4","26","15,151","BOYACA","CHIQUINQUIRA","56,224,880,219","-738,042,449,951","ESTACION DE SERVICIO DE GNCV","GNV","2","174","98","1,345.66"
"2020 Apr 22 12:00:00 AM","2,020","4","22","15,152","BOYACA","DUITAMA","58,906,025,887","-730,670,928,955","ESTACION DE SERVICIO DE GNCV","GNV","2","114","86","1,014.88"
"2020 Apr 12 12:00:00 AM","2,020","4","12","15,150","BOYACA","TUNJA","55,184,726,715","-733,780,212,402","ESTACION DE SERVICIO DE GNCV","GNV","3","88","64","765.77"
"2020 Apr 22 12:00:00 AM","2,020","4","22","15,150","BOYACA","TUNJA","55,184,726,715","-733,780,212,402","ESTACION DE SERVICIO DE GNCV","GNV","3","167","115","1,750.75"
"2020 Apr 28 12:00:00 AM","2,020","4","28","15,150","BOYACA","TUNJA","55,184,726,715","-733,780,212,402","ESTACION DE SERVICIO DE GNCV","GNV","3","215","139","2,226.82"
"2020 Apr 25 12:00:00 AM","2,020","4","25","15,157","BOYACA","SOGAMOSO","56,466,722,488","-728,709,564,209","ESTACION DE SERVICIO DE GNCV","GNV","2","42","36","815.39"
"2020 Apr 18 12:00:00 AM","2,020","4","18","15,151","BOYACA","CHIQUINQUIRA","56,224,880,219","-738,042,449,951","ESTACION DE SERVICIO DE GNCV","GNV","2","156","113","1,172.13"
"2020 Apr 01 12:00:00 AM","2,020","4","1","15,151","BOYACA","CHIQUINQUIRA","56,224,880,219","-738,042,449,951","ESTACION DE SERVICIO DE GNCV","GNV","2","342","237","2,541.65"
"2020 Apr 19 12:00:00 AM","2,020","4","19","15,151","BOYACA","CHIQUINQUIRA","56,224,880,219","-738,042,449,951","ESTACION DE SERVICIO DE GNCV","GNV","2","125","85","954.65"
"2020 Apr 08 12:00:00 AM","2,020","4","8","15,151","BOYACA","CHIQUINQUIRA","56,224,880,219","-738,042,449,951","ESTACION DE SERVICIO DE GNCV","GNV","2","415","237","2,868.91"
"2020 Apr 30 12:00:00 AM","2,020","4","30","15,157","BOYACA","SOGAMOSO","56,466,722,488","-728,709,564,209","ESTACION DE SERVICIO DE GNCV","GNV","2","91","79","950.66"
"2020 Apr 16 12:00:00 AM","2,020","4","16","15,152","BOYACA","DUITAMA","58,906,025,887","-730,670,928,955","ESTACION DE SERVICIO DE GNCV","GNV","2","111","89","936.03"
"2020 Apr 02 12:00:00 AM","2,020","4","2","15,152","BOYACA","DUITAMA","58,906,025,887","-730,670,928,955","ESTACION DE SERVICIO DE GNCV","GNV","2","84","62","619.88"
"2020 Apr 17 12:00:00 AM","2,020","4","17","15,151","BOYACA","CHIQUINQUIRA","56,224,880,219","-738,042,449,951","ESTACION DE SERVICIO DE GNCV","GNV","2","454","279","3,310.3"
"2020 Apr 20 12:00:00 AM","2,020","4","20","15,157","BOYACA","SOGAMOSO","56,466,722,488","-728,709,564,209","ESTACION DE SERVICIO DE GNCV","GNV","2","44","41","470.36"
"2020 Apr 25 12:00:00 AM","2,020","4","25","15,152","BOYACA","DUITAMA","58,906,025,887","-730,670,928,955","ESTACION DE SERVICIO DE GNCV","GNV","2","109","83","870.87"
"2020 Apr 26 12:00:00 AM","2,020","4","26","15,150","BOYACA","TUNJA","55,184,726,715","-733,780,212,402","ESTACION DE SERVICIO DE GNCV","GNV","3","131","90","1,100.22"
"2020 Apr 17 12:00:00 AM","2,020","4","17","15,152","BOYACA","DUITAMA","58,906,025,887","-730,670,928,955","ESTACION DE SERVICIO DE GNCV","GNV","2","102","80","887.72"
"2020 Apr 05 12:00:00 AM","2,020","4","5","15,150","BOYACA","TUNJA","55,184,726,715","-733,780,212,402","ESTACION DE SERVICIO DE GNCV","GNV","3","96","71","918.84"
"2020 Apr 02 12:00:00 AM","2,020","4","2","15,151","BOYACA","CHIQUINQUIRA","56,224,880,219","-738,042,449,951","ESTACION DE SERVICIO DE GNCV","GNV","2","322","217","2,245.37"
"2020 Apr 12 12:00:00 AM","2,020","4","12","15,151","BOYACA","CHIQUINQUIRA","56,224,880,219","-738,042,449,951","ESTACION DE SERVICIO DE GNCV","GNV","2","252","171","1,858.41"
"2020 Apr 27 12:00:00 AM","2,020","4","27","15,157","BOYACA","SOGAMOSO","56,466,722,488","-728,709,564,209","ESTACION DE SERVICIO DE GNCV","GNV","2","51","45","492.51"
"2020 Apr 17 12:00:00 AM","2,020","4","17","15,157","BOYACA","SOGAMOSO","56,466,722,488","-728,709,564,209","ESTACION DE SERVICIO DE GNCV","GNV","2","54","43","656.37"
"2020 Apr 06 12:00:00 AM","2,020","4","6","15,150","BOYACA","TUNJA","55,184,726,715","-733,780,212,402","ESTACION DE SERVICIO DE GNCV","GNV","3","162","113","1,708.61"
"2020 Apr 20 12:00:00 AM","2,020","4","20","15,151","BOYACA","CHIQUINQUIRA","56,224,880,219","-738,042,449,951","ESTACION DE SERVICIO DE GNCV","GNV","2","426","275","3,201.23"
"2020 Apr 14 12:00:00 AM","2,020","4","14","15,151","BOYACA","CHIQUINQUIRA","56,224,880,219","-738,042,449,951","ESTACION DE SERVICIO DE GNCV","GNV","2","365","228","2,594.75"
"2020 Mar 28 12:00:00 AM","2,020","3","28","15,151","BOYACA","CHIQUINQUIRA","56,224,880,219","-738,042,449,951","ESTACION DE SERVICIO DE GNCV","GNV","2","269","193","1,938.11"
"2020 Mar 12 12:00:00 AM","2,020","3","12","15,157","BOYACA","SOGAMOSO","56,466,722,488","-728,709,564,209","ESTACION DE SERVICIO DE GNCV","GNV","2","122","101","1,119.58"
"2020 Mar 04 12:00:00 AM","2,020","3","4","15,157","BOYACA","SOGAMOSO","56,466,722,488","-728,709,564,209","ESTACION DE SERVICIO DE GNCV","GNV","2","83","71","720.15"
"2020 Mar 09 12:00:00 AM","2,020","3","9","15,151","BOYACA","CHIQUINQUIRA","56,224,880,219","-738,042,449,951","ESTACION DE SERVICIO DE GNCV","GNV","2","614","387","5,095.8"
"2020 Mar 23 12:00:00 AM","2,020","3","23","15,152","BOYACA","DUITAMA","58,906,025,887","-730,670,928,955","ESTACION DE SERVICIO DE GNCV","GNV","2","49","39","400.27"
"2020 Mar 30 12:00:00 AM","2,020","3","30","15,152","BOYACA","DUITAMA","58,906,025,887","-730,670,928,955","ESTACION DE SERVICIO DE GNCV","GNV","2","78","61","637.49"
"2020 Mar 25 12:00:00 AM","2,020","3","25","15,157","BOYACA","SOGAMOSO","56,466,722,488","-728,709,564,209","ESTACION DE SERVICIO DE GNCV","GNV","2","15","14","142.6"
"2020 Mar 15 12:00:00 AM","2,020","3","15","15,151","BOYACA","CHIQUINQUIRA","56,224,880,219","-738,042,449,951","ESTACION DE SERVICIO DE GNCV","GNV","2","543","322","4,173.9"
"2020 Mar 25 12:00:00 AM","2,020","3","25","15,151","BOYACA","CHIQUINQUIRA","56,224,880,219","-738,042,449,951","ESTACION DE SERVICIO DE GNCV","GNV","2","252","193","1,901.23"
"2020 Mar 31 12:00:00 AM","2,020","3","31","15,157","BOYACA","SOGAMOSO","56,466,722,488","-728,709,564,209","ESTACION DE SERVICIO DE GNCV","GNV","2","45","37","394.45"
"2020 Mar 24 12:00:00 AM","2,020","3","24","15,151","BOYACA","CHIQUINQUIRA","56,224,880,219","-738,042,449,951","ESTACION DE SERVICIO DE GNCV","GNV","2","427","279","3,381.16"
"2020 Mar 30 12:00:00 AM","2,020","3","30","15,157","BOYACA","SOGAMOSO","56,466,722,488","-728,709,564,209","ESTACION DE SERVICIO DE GNCV","GNV","2","41","37","332.49"
"2020 Mar 21 12:00:00 AM","2,020","3","21","15,152","BOYACA","DUITAMA","58,906,025,887","-730,670,928,955","ESTACION DE SERVICIO DE GNCV","GNV","2","38","32","337.77"
"2020 Mar 07 12:00:00 AM","2,020","3","7","15,151","BOYACA","CHIQUINQUIRA","56,224,880,219","-738,042,449,951","ESTACION DE SERVICIO DE GNCV","GNV","2","656","402","5,320.15"
"2020 Mar 18 12:00:00 AM","2,020","3","18","15,150","BOYACA","TUNJA","55,184,726,715","-733,780,212,402","ESTACION DE SERVICIO DE GNCV","GNV","3","337","257","3,277.63"
"2020 Mar 21 12:00:00 AM","2,020","3","21","15,151","BOYACA","CHIQUINQUIRA","56,224,880,219","-738,042,449,951","ESTACION DE SERVICIO DE GNCV","GNV","2","269","183","2,185.12"
"2020 Mar 20 12:00:00 AM","2,020","3","20","15,152","BOYACA","DUITAMA","58,906,025,887","-730,670,928,955","ESTACION DE SERVICIO DE GNCV","GNV","2","166","135","1,436.17"
"2020 Mar 12 12:00:00 AM","2,020","3","12","15,151","BOYACA","CHIQUINQUIRA","56,224,880,219","-738,042,449,951","ESTACION DE SERVICIO DE GNCV","GNV","2","608","387","4,901.59"
"2020 Mar 14 12:00:00 AM","2,020","3","14","15,150","BOYACA","TUNJA","55,184,726,715","-733,780,212,402","ESTACION DE SERVICIO DE GNCV","GNV","3","418","290","4,004.56"
"2020 Mar 22 12:00:00 AM","2,020","3","22","15,150","BOYACA","TUNJA","55,184,726,715","-733,780,212,402","ESTACION DE SERVICIO DE GNCV","GNV","3","79","68","766.23"
"2020 Mar 30 12:00:00 AM","2,020","3","30","15,151","BOYACA","CHIQUINQUIRA","56,224,880,219","-738,042,449,951","ESTACION DE SERVICIO DE GNCV","GNV","2","288","209","2,066.05"
"2020 Mar 25 12:00:00 AM","2,020","3","25","15,152","BOYACA","DUITAMA","58,906,025,887","-730,670,928,955","ESTACION DE SERVICIO DE GNCV","GNV","2","85","67","699.72"
"2020 Mar 19 12:00:00 AM","2,020","3","19","15,151","BOYACA","CHIQUINQUIRA","56,224,880,219","-738,042,449,951","ESTACION DE SERVICIO DE GNCV","GNV","2","584","372","4,741.39"
"2020 Mar 09 12:00:00 AM","2,020","3","9","15,157","BOYACA","SOGAMOSO","56,466,722,488","-728,709,564,209","ESTACION DE SERVICIO DE GNCV","GNV","2","85","71","760.33"
"2020 Mar 22 12:00:00 AM","2,020","3","22","15,157","BOYACA","SOGAMOSO","56,466,722,488","-728,709,564,209","ESTACION DE SERVICIO DE GNCV","GNV","2","14","14","159.75"
"2020 Mar 02 12:00:00 AM","2,020","3","2","15,150","BOYACA","TUNJA","55,184,726,715","-733,780,212,402","ESTACION DE SERVICIO DE GNCV","GNV","3","381","283","3,825.32"
"2020 Mar 03 12:00:00 AM","2,020","3","3","15,152","BOYACA","DUITAMA","58,906,025,887","-730,670,928,955","ESTACION DE SERVICIO DE GNCV","GNV","2","138","105","1,196.96"
"2020 Mar 31 12:00:00 AM","2,020","3","31","15,150","BOYACA","TUNJA","55,184,726,715","-733,780,212,402","ESTACION DE SERVICIO DE GNCV","GNV","3","143","115","1.489"
"2020 Mar 04 12:00:00 AM","2,020","3","4","15,151","BOYACA","CHIQUINQUIRA","56,224,880,219","-738,042,449,951","ESTACION DE SERVICIO DE GNCV","GNV","2","610","384","4,899.65"
"2020 Mar 24 12:00:00 AM","2,020","3","24","15,150","BOYACA","TUNJA","55,184,726,715","-733,780,212,402","ESTACION DE SERVICIO DE GNCV","GNV","3","252","181","2,572.45"
"2020 Mar 26 12:00:00 AM","2,020","3","26","15,150","BOYACA","TUNJA","55,184,726,715","-733,780,212,402","ESTACION DE SERVICIO DE GNCV","GNV","3","140","102","1,323.21"
"2020 Mar 17 12:00:00 AM","2,020","3","17","15,150","BOYACA","TUNJA","55,184,726,715","-733,780,212,402","ESTACION DE SERVICIO DE GNCV","GNV","3","368","271","3,608.91"
"2020 Mar 03 12:00:00 AM","2,020","3","3","15,151","BOYACA","CHIQUINQUIRA","56,224,880,219","-738,042,449,951","ESTACION DE SERVICIO DE GNCV","GNV","2","594","374","4,828.9"
"2020 Mar 15 12:00:00 AM","2,020","3","15","15,152","BOYACA","DUITAMA","58,906,025,887","-730,670,928,955","ESTACION DE SERVICIO DE GNCV","GNV","2","210","133","1,639.74"
"2020 Mar 04 12:00:00 AM","2,020","3","4","15,150","BOYACA","TUNJA","55,184,726,715","-733,780,212,402","ESTACION DE SERVICIO DE GNCV","GNV","3","413","296","4,043.91"
"2020 Mar 13 12:00:00 AM","2,020","3","13","15,157","BOYACA","SOGAMOSO","56,466,722,488","-728,709,564,209","ESTACION DE SERVICIO DE GNCV","GNV","2","130","106","1,181.52"
"2020 Mar 06 12:00:00 AM","2,020","3","6","15,150","BOYACA","TUNJA","55,184,726,715","-733,780,212,402","ESTACION DE SERVICIO DE GNCV","GNV","3","471","341","4,734.19"
"2020 Mar 09 12:00:00 AM","2,020","3","9","15,152","BOYACA","DUITAMA","58,906,025,887","-730,670,928,955","ESTACION DE SERVICIO DE GNCV","GNV","2","160","123","1,372.97"
"2020 Mar 08 12:00:00 AM","2,020","3","8","15,152","BOYACA","DUITAMA","58,906,025,887","-730,670,928,955","ESTACION DE SERVICIO DE GNCV","GNV","2","152","95","1,151.29"
"2020 Mar 18 12:00:00 AM","2,020","3","18","15,152","BOYACA","DUITAMA","58,906,025,887","-730,670,928,955","ESTACION DE SERVICIO DE GNCV","GNV","2","203","160","1,858.23"
"2020 Mar 01 12:00:00 AM","2,020","3","1","15,151","BOYACA","CHIQUINQUIRA","56,224,880,219","-738,042,449,951","ESTACION DE SERVICIO DE GNCV","GNV","2","592","330","4,625.08"
"2020 Mar 27 12:00:00 AM","2,020","3","27","15,152","BOYACA","DUITAMA","58,906,025,887","-730,670,928,955","ESTACION DE SERVICIO DE GNCV","GNV","2","68","52","530.17"
"2020 Mar 11 12:00:00 AM","2,020","3","11","15,157","BOYACA","SOGAMOSO","56,466,722,488","-728,709,564,209","ESTACION DE SERVICIO DE GNCV","GNV","2","75","67","674.76"
"2020 Mar 29 12:00:00 AM","2,020","3","29","15,150","BOYACA","TUNJA","55,184,726,715","-733,780,212,402","ESTACION DE SERVICIO DE GNCV","GNV","3","96","67","857.01"
"2020 Mar 27 12:00:00 AM","2,020","3","27","15,157","BOYACA","SOGAMOSO","56,466,722,488","-728,709,564,209","ESTACION DE SERVICIO DE GNCV","GNV","2","34","31","351.38"
"2020 Mar 03 12:00:00 AM","2,020","3","3","15,150","BOYACA","TUNJA","55,184,726,715","-733,780,212,402","ESTACION DE SERVICIO DE GNCV","GNV","3","430","306","4,185.36"
"2020 Mar 30 12:00:00 AM","2,020","3","30","15,150","BOYACA","TUNJA","55,184,726,715","-733,780,212,402","ESTACION DE SERVICIO DE GNCV","GNV","3","122","93","1,214.43"
"2020 Mar 12 12:00:00 AM","2,020","3","12","15,152","BOYACA","DUITAMA","58,906,025,887","-730,670,928,955","ESTACION DE SERVICIO DE GNCV","GNV","2","163","114","1,375.31"
"2020 Mar 24 12:00:00 AM","2,020","3","24","15,152","BOYACA","DUITAMA","58,906,025,887","-730,670,928,955","ESTACION DE SERVICIO DE GNCV","GNV","2","123","97","1,094.51"
"2020 Mar 20 12:00:00 AM","2,020","3","20","15,157","BOYACA","SOGAMOSO","56,466,722,488","-728,709,564,209","ESTACION DE SERVICIO DE GNCV","GNV","2","89","74","776.51"
"2020 Mar 29 12:00:00 AM","2,020","3","29","15,152","BOYACA","DUITAMA","58,906,025,887","-730,670,928,955","ESTACION DE SERVICIO DE GNCV","GNV","2","55","46","389.32"
"2020 Mar 14 12:00:00 AM","2,020","3","14","15,152","BOYACA","DUITAMA","58,906,025,887","-730,670,928,955","ESTACION DE SERVICIO DE GNCV","GNV","2","247","162","2,272.68"
"2020 Mar 28 12:00:00 AM","2,020","3","28","15,157","BOYACA","SOGAMOSO","56,466,722,488","-728,709,564,209","ESTACION DE SERVICIO DE GNCV","GNV","2","24","24","236.92"
"2020 Mar 27 12:00:00 AM","2,020","3","27","15,151","BOYACA","CHIQUINQUIRA","56,224,880,219","-738,042,449,951","ESTACION DE SERVICIO DE GNCV","GNV","2","260","194","1,864.73"
"2020 Mar 01 12:00:00 AM","2,020","3","1","15,157","BOYACA","SOGAMOSO","56,466,722,488","-728,709,564,209","ESTACION DE SERVICIO DE GNCV","GNV","2","84","68","631.96"
"2020 Mar 16 12:00:00 AM","2,020","3","16","15,150","BOYACA","TUNJA","55,184,726,715","-733,780,212,402","ESTACION DE SERVICIO DE GNCV","GNV","3","390","293","4,070.43"
"2020 Mar 23 12:00:00 AM","2,020","3","23","15,151","BOYACA","CHIQUINQUIRA","56,224,880,219","-738,042,449,951","ESTACION DE SERVICIO DE GNCV","GNV","2","211","140","1,629.42"
"2020 Mar 06 12:00:00 AM","2,020","3","6","15,157","BOYACA","SOGAMOSO","56,466,722,488","-728,709,564,209","ESTACION DE SERVICIO DE GNCV","GNV","2","82","69","763.21"
"2020 Mar 24 12:00:00 AM","2,020","3","24","15,157","BOYACA","SOGAMOSO","56,466,722,488","-728,709,564,209","ESTACION DE SERVICIO DE GNCV","GNV","2","63","52","633.41"
"2020 Mar 14 12:00:00 AM","2,020","3","14","15,151","BOYACA","CHIQUINQUIRA","56,224,880,219","-738,042,449,951","ESTACION DE SERVICIO DE GNCV","GNV","2","671","405","5,430.43"
"2020 Mar 25 12:00:00 AM","2,020","3","25","15,150","BOYACA","TUNJA","55,184,726,715","-733,780,212,402","ESTACION DE SERVICIO DE GNCV","GNV","3","111","81","1,049.6"
"2020 Mar 16 12:00:00 AM","2,020","3","16","15,151","BOYACA","CHIQUINQUIRA","56,224,880,219","-738,042,449,951","ESTACION DE SERVICIO DE GNCV","GNV","2","607","385","5,050.29"
"2020 Mar 22 12:00:00 AM","2,020","3","22","15,152","BOYACA","DUITAMA","58,906,025,887","-730,670,928,955","ESTACION DE SERVICIO DE GNCV","GNV","2","37","32","275.61"
"2020 Mar 08 12:00:00 AM","2,020","3","8","15,151","BOYACA","CHIQUINQUIRA","56,224,880,219","-738,042,449,951","ESTACION DE SERVICIO DE GNCV","GNV","2","623","381","4,840.96"
"2020 Mar 21 12:00:00 AM","2,020","3","21","15,150","BOYACA","TUNJA","55,184,726,715","-733,780,212,402","ESTACION DE SERVICIO DE GNCV","GNV","3","103","75","864.26"
"2020 Mar 11 12:00:00 AM","2,020","3","11","15,151","BOYACA","CHIQUINQUIRA","56,224,880,219","-738,042,449,951","ESTACION DE SERVICIO DE GNCV","GNV","2","538","347","4,275.37"
"2020 Mar 22 12:00:00 AM","2,020","3","22","15,151","BOYACA","CHIQUINQUIRA","56,224,880,219","-738,042,449,951","ESTACION DE SERVICIO DE GNCV","GNV","2","191","147","1,294.99"
"2020 Mar 16 12:00:00 AM","2,020","3","16","15,157","BOYACA","SOGAMOSO","56,466,722,488","-728,709,564,209","ESTACION DE SERVICIO DE GNCV","GNV","2","113","91","1,009.22"
"2020 Mar 26 12:00:00 AM","2,020","3","26","15,152","BOYACA","DUITAMA","58,906,025,887","-730,670,928,955","ESTACION DE SERVICIO DE GNCV","GNV","2","70","57","565.84"
"2020 Mar 31 12:00:00 AM","2,020","3","31","15,151","BOYACA","CHIQUINQUIRA","56,224,880,219","-738,042,449,951","ESTACION DE SERVICIO DE GNCV","GNV","2","301","213","2,207.1"
"2020 Mar 05 12:00:00 AM","2,020","3","5","15,151","BOYACA","CHIQUINQUIRA","56,224,880,219","-738,042,449,951","ESTACION DE SERVICIO DE GNCV","GNV","2","604","387","5,203.06"
"2020 Mar 14 12:00:00 AM","2,020","3","14","15,157","BOYACA","SOGAMOSO","56,466,722,488","-728,709,564,209","ESTACION DE SERVICIO DE GNCV","GNV","2","118","93","1,136.1"
"2020 Mar 26 12:00:00 AM","2,020","3","26","15,151","BOYACA","CHIQUINQUIRA","56,224,880,219","-738,042,449,951","ESTACION DE SERVICIO DE GNCV","GNV","2","259","198","1,997.14"
"2020 Mar 20 12:00:00 AM","2,020","3","20","15,150","BOYACA","TUNJA","55,184,726,715","-733,780,212,402","ESTACION DE SERVICIO DE GNCV","GNV","3","202","157","2,017.35"
"2020 Mar 09 12:00:00 AM","2,020","3","9","15,150","BOYACA","TUNJA","55,184,726,715","-733,780,212,402","ESTACION DE SERVICIO DE GNCV","GNV","3","409","309","4,298.55"
"2020 Mar 10 12:00:00 AM","2,020","3","10","15,157","BOYACA","SOGAMOSO","56,466,722,488","-728,709,564,209","ESTACION DE SERVICIO DE GNCV","GNV","2","97","77","821.94"
"2020 Mar 19 12:00:00 AM","2,020","3","19","15,150","BOYACA","TUNJA","55,184,726,715","-733,780,212,402","ESTACION DE SERVICIO DE GNCV","GNV","3","390","289","3,909.89"
"2020 Mar 31 12:00:00 AM","2,020","3","31","15,152","BOYACA","DUITAMA","58,906,025,887","-730,670,928,955","ESTACION DE SERVICIO DE GNCV","GNV","2","95","74","740.13"
"2020 Mar 10 12:00:00 AM","2,020","3","10","15,151","BOYACA","CHIQUINQUIRA","56,224,880,219","-738,042,449,951","ESTACION DE SERVICIO DE GNCV","GNV","2","602","381","4,729.27"
"2020 Mar 13 12:00:00 AM","2,020","3","13","15,152","BOYACA","DUITAMA","58,906,025,887","-730,670,928,955","ESTACION DE SERVICIO DE GNCV","GNV","2","263","177","2,251.97"
"2020 Mar 11 12:00:00 AM","2,020","3","11","15,150","BOYACA","TUNJA","55,184,726,715","-733,780,212,402","ESTACION DE SERVICIO DE GNCV","GNV","3","395","279","3,768.08"
"2020 Mar 18 12:00:00 AM","2,020","3","18","15,157","BOYACA","SOGAMOSO","56,466,722,488","-728,709,564,209","ESTACION DE SERVICIO DE GNCV","GNV","2","105","87","988.39"
"2020 Mar 29 12:00:00 AM","2,020","3","29","15,157","BOYACA","SOGAMOSO","56,466,722,488","-728,709,564,209","ESTACION DE SERVICIO DE GNCV","GNV","2","22","21","229.89"
"2020 Mar 05 12:00:00 AM","2,020","3","5","15,150","BOYACA","TUNJA","55,184,726,715","-733,780,212,402","ESTACION DE SERVICIO DE GNCV","GNV","3","421","306","4,072.62"
"2020 Mar 05 12:00:00 AM","2,020","3","5","15,152","BOYACA","DUITAMA","58,906,025,887","-730,670,928,955","ESTACION DE SERVICIO DE GNCV","GNV","2","164","115","1,455.29"
"2020 Mar 06 12:00:00 AM","2,020","3","6","15,152","BOYACA","DUITAMA","58,906,025,887","-730,670,928,955","ESTACION DE SERVICIO DE GNCV","GNV","2","173","114","1,446.67"
"2020 Mar 10 12:00:00 AM","2,020","3","10","15,150","BOYACA","TUNJA","55,184,726,715","-733,780,212,402","ESTACION DE SERVICIO DE GNCV","GNV","3","414","301","4,207.26"
"2020 Mar 08 12:00:00 AM","2,020","3","8","15,150","BOYACA","TUNJA","55,184,726,715","-733,780,212,402","ESTACION DE SERVICIO DE GNCV","GNV","3","344","234","3,107.83"
"2020 Mar 10 12:00:00 AM","2,020","3","10","15,152","BOYACA","DUITAMA","58,906,025,887","-730,670,928,955","ESTACION DE SERVICIO DE GNCV","GNV","2","158","117","1,398.65"
"2020 Mar 05 12:00:00 AM","2,020","3","5","15,157","BOYACA","SOGAMOSO","56,466,722,488","-728,709,564,209","ESTACION DE SERVICIO DE GNCV","GNV","2","88","79","752.42"
"2020 Mar 11 12:00:00 AM","2,020","3","11","15,152","BOYACA","DUITAMA","58,906,025,887","-730,670,928,955","ESTACION DE SERVICIO DE GNCV","GNV","2","154","111","1,190.8"
"2020 Mar 03 12:00:00 AM","2,020","3","3","15,157","BOYACA","SOGAMOSO","56,466,722,488","-728,709,564,209","ESTACION DE SERVICIO DE GNCV","GNV","2","87","70","764.7"
"2020 Mar 15 12:00:00 AM","2,020","3","15","15,157","BOYACA","SOGAMOSO","56,466,722,488","-728,709,564,209","ESTACION DE SERVICIO DE GNCV","GNV","2","91","74","841.73"
"2020 Mar 02 12:00:00 AM","2,020","3","2","15,152","BOYACA","DUITAMA","58,906,025,887","-730,670,928,955","ESTACION DE SERVICIO DE GNCV","GNV","2","164","118","1,428.98"
"2020 Mar 29 12:00:00 AM","2,020","3","29","15,151","BOYACA","CHIQUINQUIRA","56,224,880,219","-738,042,449,951","ESTACION DE SERVICIO DE GNCV","GNV","2","224","169","1,573.55"
"2020 Mar 17 12:00:00 AM","2,020","3","17","15,151","BOYACA","CHIQUINQUIRA","56,224,880,219","-738,042,449,951","ESTACION DE SERVICIO DE GNCV","GNV","2","622","398","5,037.5"
"2020 Mar 16 12:00:00 AM","2,020","3","16","15,152","BOYACA","DUITAMA","58,906,025,887","-730,670,928,955","ESTACION DE SERVICIO DE GNCV","GNV","2","217","157","1,852.9"
"2020 Mar 02 12:00:00 AM","2,020","3","2","15,157","BOYACA","SOGAMOSO","56,466,722,488","-728,709,564,209","ESTACION DE SERVICIO DE GNCV","GNV","2","114","98","957.41"
"2020 Mar 08 12:00:00 AM","2,020","3","8","15,157","BOYACA","SOGAMOSO","56,466,722,488","-728,709,564,209","ESTACION DE SERVICIO DE GNCV","GNV","2","78","67","699.28"
"2020 Mar 23 12:00:00 AM","2,020","3","23","15,157","BOYACA","SOGAMOSO","56,466,722,488","-728,709,564,209","ESTACION DE SERVICIO DE GNCV","GNV","2","29","27","308.75"
"2020 Mar 07 12:00:00 AM","2,020","3","7","15,157","BOYACA","SOGAMOSO","56,466,722,488","-728,709,564,209","ESTACION DE SERVICIO DE GNCV","GNV","2","96","79","895.3"
"2020 Mar 20 12:00:00 AM","2,020","3","20","15,151","BOYACA","CHIQUINQUIRA","56,224,880,219","-738,042,449,951","ESTACION DE SERVICIO DE GNCV","GNV","2","593","345","4,783.37"
"2020 Mar 13 12:00:00 AM","2,020","3","13","15,151","BOYACA","CHIQUINQUIRA","56,224,880,219","-738,042,449,951","ESTACION DE SERVICIO DE GNCV","GNV","2","654","395","5,347.76"
"2020 Mar 07 12:00:00 AM","2,020","3","7","15,150","BOYACA","TUNJA","55,184,726,715","-733,780,212,402","ESTACION DE SERVICIO DE GNCV","GNV","3","494","344","4,728.41"
"2020 Mar 26 12:00:00 AM","2,020","3","26","15,157","BOYACA","SOGAMOSO","56,466,722,488","-728,709,564,209","ESTACION DE SERVICIO DE GNCV","GNV","2","18","17","160.5"
"2020 Mar 07 12:00:00 AM","2,020","3","7","15,152","BOYACA","DUITAMA","58,906,025,887","-730,670,928,955","ESTACION DE SERVICIO DE GNCV","GNV","2","200","135","1,665.24"
"2020 Mar 06 12:00:00 AM","2,020","3","6","15,151","BOYACA","CHIQUINQUIRA","56,224,880,219","-738,042,449,951","ESTACION DE SERVICIO DE GNCV","GNV","2","646","401","5,288.93"
"2020 Mar 15 12:00:00 AM","2,020","3","15","15,150","BOYACA","TUNJA","55,184,726,715","-733,780,212,402","ESTACION DE SERVICIO DE GNCV","GNV","3","339","224","3,035.63"
"2020 Mar 19 12:00:00 AM","2,020","3","19","15,152","BOYACA","DUITAMA","58,906,025,887","-730,670,928,955","ESTACION DE SERVICIO DE GNCV","GNV","2","183","145","1,606.75"
"2020 Mar 01 12:00:00 AM","2,020","3","1","15,150","BOYACA","TUNJA","55,184,726,715","-733,780,212,402","ESTACION DE SERVICIO DE GNCV","GNV","3","345","245","3,293.2"
"2020 Mar 21 12:00:00 AM","2,020","3","21","15,157","BOYACA","SOGAMOSO","56,466,722,488","-728,709,564,209","ESTACION DE SERVICIO DE GNCV","GNV","2","21","20","194.11"
"2020 Mar 23 12:00:00 AM","2,020","3","23","15,150","BOYACA","TUNJA","55,184,726,715","-733,780,212,402","ESTACION DE SERVICIO DE GNCV","GNV","3","105","83","1,119.3"
"2020 Mar 04 12:00:00 AM","2,020","3","4","15,152","BOYACA","DUITAMA","58,906,025,887","-730,670,928,955","ESTACION DE SERVICIO DE GNCV","GNV","2","148","113","1,181.47"
"2020 Mar 28 12:00:00 AM","2,020","3","28","15,150","BOYACA","TUNJA","55,184,726,715","-733,780,212,402","ESTACION DE SERVICIO DE GNCV","GNV","3","138","105","1,235.76"
"2020 Mar 13 12:00:00 AM","2,020","3","13","15,150","BOYACA","TUNJA","55,184,726,715","-733,780,212,402","ESTACION DE SERVICIO DE GNCV","GNV","3","434","293","4,259.53"
"2020 Mar 28 12:00:00 AM","2,020","3","28","15,152","BOYACA","DUITAMA","58,906,025,887","-730,670,928,955","ESTACION DE SERVICIO DE GNCV","GNV","2","64","49","496.17"
"2020 Mar 02 12:00:00 AM","2,020","3","2","15,151","BOYACA","CHIQUINQUIRA","56,224,880,219","-738,042,449,951","ESTACION DE SERVICIO DE GNCV","GNV","2","617","358","4,982.35"
"2020 Mar 19 12:00:00 AM","2,020","3","19","15,157","BOYACA","SOGAMOSO","56,466,722,488","-728,709,564,209","ESTACION DE SERVICIO DE GNCV","GNV","2","88","78","771.73"
"2020 Mar 12 12:00:00 AM","2,020","3","12","15,150","BOYACA","TUNJA","55,184,726,715","-733,780,212,402","ESTACION DE SERVICIO DE GNCV","GNV","3","442","296","4,443.24"
"2020 Mar 27 12:00:00 AM","2,020","3","27","15,150","BOYACA","TUNJA","55,184,726,715","-733,780,212,402","ESTACION DE SERVICIO DE GNCV","GNV","3","145","113","1,325.23"
"2020 Mar 18 12:00:00 AM","2,020","3","18","15,151","BOYACA","CHIQUINQUIRA","56,224,880,219","-738,042,449,951","ESTACION DE SERVICIO DE GNCV","GNV","2","684","431","5,689.4"
"2020 Mar 17 12:00:00 AM","2,020","3","17","15,152","BOYACA","DUITAMA","58,906,025,887","-730,670,928,955","ESTACION DE SERVICIO DE GNCV","GNV","2","216","156","1,847.37"
"2020 Mar 01 12:00:00 AM","2,020","3","1","15,152","BOYACA","DUITAMA","58,906,025,887","-730,670,928,955","ESTACION DE SERVICIO DE GNCV","GNV","2","152","99","1,134.72"
"2020 Mar 17 12:00:00 AM","2,020","3","17","15,157","BOYACA","SOGAMOSO","56,466,722,488","-728,709,564,209","ESTACION DE SERVICIO DE GNCV","GNV","2","128","104","1,175.66"
"2020 Feb 14 12:00:00 AM","2,020","2","14","15,152","BOYACA","DUITAMA","58,906,025,887","-730,670,928,955","ESTACION DE SERVICIO DE GNCV","GNV","1","3","3","15.56"
"2020 Feb 03 12:00:00 AM","2,020","2","3","15,152","BOYACA","DUITAMA","58,906,025,887","-730,670,928,955","ESTACION DE SERVICIO DE GNCV","GNV","1","1","1","164.68"
"2020 Feb 11 12:00:00 AM","2,020","2","11","15,150","BOYACA","TUNJA","55,184,726,715","-733,780,212,402","ESTACION DE SERVICIO DE GNCV","GNV","2","4","4","49.6"
"2020 Feb 16 12:00:00 AM","2,020","2","16","15,151","BOYACA","CHIQUINQUIRA","56,224,880,219","-738,042,449,951","ESTACION DE SERVICIO DE GNCV","GNV","2","578","333","4,448.25"
"2020 Feb 23 12:00:00 AM","2,020","2","23","15,151","BOYACA","CHIQUINQUIRA","56,224,880,219","-738,042,449,951","ESTACION DE SERVICIO DE GNCV","GNV","2","595","327","4,592.85"
"2020 Feb 14 12:00:00 AM","2,020","2","14","15,157","BOYACA","SOGAMOSO","56,466,722,488","-728,709,564,209","ESTACION DE SERVICIO DE GNCV","GNV","1","1","1","27.94"
"2020 Feb 28 12:00:00 AM","2,020","2","28","15,152","BOYACA","DUITAMA","58,906,025,887","-730,670,928,955","ESTACION DE SERVICIO DE GNCV","GNV","2","175","120","1,523.76"
"2020 Feb 13 12:00:00 AM","2,020","2","13","15,151","BOYACA","CHIQUINQUIRA","56,224,880,219","-738,042,449,951","ESTACION DE SERVICIO DE GNCV","GNV","2","605","360","4,976.11"
"2020 Feb 01 12:00:00 AM","2,020","2","1","15,151","BOYACA","CHIQUINQUIRA","56,224,880,219","-738,042,449,951","ESTACION DE SERVICIO DE GNCV","GNV","2","646","373","5,131.8"
"2020 Feb 02 12:00:00 AM","2,020","2","2","15,151","BOYACA","CHIQUINQUIRA","56,224,880,219","-738,042,449,951","ESTACION DE SERVICIO DE GNCV","GNV","2","608","357","4,785.37"
"2020 Feb 26 12:00:00 AM","2,020","2","26","15,151","BOYACA","CHIQUINQUIRA","56,224,880,219","-738,042,449,951","ESTACION DE SERVICIO DE GNCV","GNV","2","610","358","4,953.71"
"2020 Feb 26 12:00:00 AM","2,020","2","26","15,150","BOYACA","TUNJA","55,184,726,715","-733,780,212,402","ESTACION DE SERVICIO DE GNCV","GNV","3","305","219","2,832.33"
"2020 Feb 12 12:00:00 AM","2,020","2","12","15,151","BOYACA","CHIQUINQUIRA","56,224,880,219","-738,042,449,951","ESTACION DE SERVICIO DE GNCV","GNV","2","610","368","4,992.24"
"2020 Feb 04 12:00:00 AM","2,020","2","4","15,157","BOYACA","SOGAMOSO","56,466,722,488","-728,709,564,209","ESTACION DE SERVICIO DE GNCV","GNV","1","1","1","18.43"
"2020 Feb 20 12:00:00 AM","2,020","2","20","15,151","BOYACA","CHIQUINQUIRA","56,224,880,219","-738,042,449,951","ESTACION DE SERVICIO DE GNCV","GNV","2","617","367","5,167.09"
"2020 Feb 28 12:00:00 AM","2,020","2","28","15,157","BOYACA","SOGAMOSO","56,466,722,488","-728,709,564,209","ESTACION DE SERVICIO DE GNCV","GNV","2","94","79","830.67"
"2020 Feb 25 12:00:00 AM","2,020","2","25","15,151","BOYACA","CHIQUINQUIRA","56,224,880,219","-738,042,449,951","ESTACION DE SERVICIO DE GNCV","GNV","2","610","359","4,986.22"
"2020 Feb 26 12:00:00 AM","2,020","2","26","15,152","BOYACA","DUITAMA","58,906,025,887","-730,670,928,955","ESTACION DE SERVICIO DE GNCV","GNV","2","98","82","776.63"
"2020 Feb 27 12:00:00 AM","2,020","2","27","15,152","BOYACA","DUITAMA","58,906,025,887","-730,670,928,955","ESTACION DE SERVICIO DE GNCV","GNV","2","151","103","1,260.89"
"2020 Feb 17 12:00:00 AM","2,020","2","17","15,151","BOYACA","CHIQUINQUIRA","56,224,880,219","-738,042,449,951","ESTACION DE SERVICIO DE GNCV","GNV","2","598","367","4,781.76"
"2020 Feb 24 12:00:00 AM","2,020","2","24","15,157","BOYACA","SOGAMOSO","56,466,722,488","-728,709,564,209","ESTACION DE SERVICIO DE GNCV","GNV","1","72","63","628.1"
"2020 Feb 11 12:00:00 AM","2,020","2","11","15,151","BOYACA","CHIQUINQUIRA","56,224,880,219","-738,042,449,951","ESTACION DE SERVICIO DE GNCV","GNV","2","470","312","3,807.65"
"2020 Feb 12 12:00:00 AM","2,020","2","12","15,150","BOYACA","TUNJA","55,184,726,715","-733,780,212,402","ESTACION DE SERVICIO DE GNCV","GNV","1","1","1","20.49"
"2020 Feb 25 12:00:00 AM","2,020","2","25","15,157","BOYACA","SOGAMOSO","56,466,722,488","-728,709,564,209","ESTACION DE SERVICIO DE GNCV","GNV","1","92","76","838.35"
"2020 Feb 20 12:00:00 AM","2,020","2","20","15,157","BOYACA","SOGAMOSO","56,466,722,488","-728,709,564,209","ESTACION DE SERVICIO DE GNCV","GNV","1","1","1","2.57"
"2020 Feb 27 12:00:00 AM","2,020","2","27","15,150","BOYACA","TUNJA","55,184,726,715","-733,780,212,402","ESTACION DE SERVICIO DE GNCV","GNV","3","430","309","4,329.25"
"2020 Feb 25 12:00:00 AM","2,020","2","25","15,150","BOYACA","TUNJA","55,184,726,715","-733,780,212,402","ESTACION DE SERVICIO DE GNCV","GNV","2","173","125","1,502.31"
"2020 Feb 24 12:00:00 AM","2,020","2","24","15,150","BOYACA","TUNJA","55,184,726,715","-733,780,212,402","ESTACION DE SERVICIO DE GNCV","GNV","1","137","102","1,248.06"
"2020 Feb 22 12:00:00 AM","2,020","2","22","15,157","BOYACA","SOGAMOSO","56,466,722,488","-728,709,564,209","ESTACION DE SERVICIO DE GNCV","GNV","2","43","40","376.85"
"2020 Feb 05 12:00:00 AM","2,020","2","5","15,157","BOYACA","SOGAMOSO","56,466,722,488","-728,709,564,209","ESTACION DE SERVICIO DE GNCV","GNV","1","1","1","17.16"
"2020 Feb 22 12:00:00 AM","2,020","2","22","15,151","BOYACA","CHIQUINQUIRA","56,224,880,219","-738,042,449,951","ESTACION DE SERVICIO DE GNCV","GNV","2","625","366","5,151.71"
"2020 Feb 05 12:00:00 AM","2,020","2","5","15,151","BOYACA","CHIQUINQUIRA","56,224,880,219","-738,042,449,951","ESTACION DE SERVICIO DE GNCV","GNV","2","565","354","4,435.62"
"2020 Feb 07 12:00:00 AM","2,020","2","7","15,151","BOYACA","CHIQUINQUIRA","56,224,880,219","-738,042,449,951","ESTACION DE SERVICIO DE GNCV","GNV","2","651","387","5,460.67"
"2020 Feb 18 12:00:00 AM","2,020","2","18","15,152","BOYACA","DUITAMA","58,906,025,887","-730,670,928,955","ESTACION DE SERVICIO DE GNCV","GNV","1","1","1","5.91"
"2020 Feb 13 12:00:00 AM","2,020","2","13","15,150","BOYACA","TUNJA","55,184,726,715","-733,780,212,402","ESTACION DE SERVICIO DE GNCV","GNV","1","1","1","25.15"
"2020 Feb 08 12:00:00 AM","2,020","2","8","15,150","BOYACA","TUNJA","55,184,726,715","-733,780,212,402","ESTACION DE SERVICIO DE GNCV","GNV","1","1","1","15.69"
"2020 Feb 22 12:00:00 AM","2,020","2","22","15,150","BOYACA","TUNJA","55,184,726,715","-733,780,212,402","ESTACION DE SERVICIO DE GNCV","GNV","2","165","126","1,473.87"
"2020 Feb 06 12:00:00 AM","2,020","2","6","15,151","BOYACA","CHIQUINQUIRA","56,224,880,219","-738,042,449,951","ESTACION DE SERVICIO DE GNCV","GNV","2","637","382","5,257.92"
"2020 Feb 24 12:00:00 AM","2,020","2","24","15,152","BOYACA","DUITAMA","58,906,025,887","-730,670,928,955","ESTACION DE SERVICIO DE GNCV","GNV","1","1","1","18.02"
"2020 Feb 14 12:00:00 AM","2,020","2","14","15,150","BOYACA","TUNJA","55,184,726,715","-733,780,212,402","ESTACION DE SERVICIO DE GNCV","GNV","3","7","7","62.58"
"2020 Feb 19 12:00:00 AM","2,020","2","19","15,150","BOYACA","TUNJA","55,184,726,715","-733,780,212,402","ESTACION DE SERVICIO DE GNCV","GNV","1","165","129","1,491.04"
"2020 Feb 27 12:00:00 AM","2,020","2","27","15,151","BOYACA","CHIQUINQUIRA","56,224,880,219","-738,042,449,951","ESTACION DE SERVICIO DE GNCV","GNV","2","634","386","5,335.34"
"2020 Feb 04 12:00:00 AM","2,020","2","4","15,151","BOYACA","CHIQUINQUIRA","56,224,880,219","-738,042,449,951","ESTACION DE SERVICIO DE GNCV","GNV","2","595","349","4,716.43"
"2020 Feb 08 12:00:00 AM","2,020","2","8","15,151","BOYACA","CHIQUINQUIRA","56,224,880,219","-738,042,449,951","ESTACION DE SERVICIO DE GNCV","GNV","2","629","370","4,995.5"
"2020 Feb 27 12:00:00 AM","2,020","2","27","15,157","BOYACA","SOGAMOSO","56,466,722,488","-728,709,564,209","ESTACION DE SERVICIO DE GNCV","GNV","2","91","71","721.95"
"2020 Feb 15 12:00:00 AM","2,020","2","15","15,151","BOYACA","CHIQUINQUIRA","56,224,880,219","-738,042,449,951","ESTACION DE SERVICIO DE GNCV","GNV","2","626","362","5,111.4"
"2020 Feb 07 12:00:00 AM","2,020","2","7","15,152","BOYACA","DUITAMA","58,906,025,887","-730,670,928,955","ESTACION DE SERVICIO DE GNCV","GNV","1","1","1","10.99"
"2020 Feb 17 12:00:00 AM","2,020","2","17","15,150","BOYACA","TUNJA","55,184,726,715","-733,780,212,402","ESTACION DE SERVICIO DE GNCV","GNV","2","52","48","466.26"
"2020 Feb 20 12:00:00 AM","2,020","2","20","15,152","BOYACA","DUITAMA","58,906,025,887","-730,670,928,955","ESTACION DE SERVICIO DE GNCV","GNV","1","1","1","13.75"
"2020 Feb 10 12:00:00 AM","2,020","2","10","15,151","BOYACA","CHIQUINQUIRA","56,224,880,219","-738,042,449,951","ESTACION DE SERVICIO DE GNCV","GNV","2","609","372","5,004.74"
"2020 Feb 14 12:00:00 AM","2,020","2","14","15,151","BOYACA","CHIQUINQUIRA","56,224,880,219","-738,042,449,951","ESTACION DE SERVICIO DE GNCV","GNV","2","628","365","5,041.75"
"2020 Feb 21 12:00:00 AM","2,020","2","21","15,151","BOYACA","CHIQUINQUIRA","56,224,880,219","-738,042,449,951","ESTACION DE SERVICIO DE GNCV","GNV","2","612","376","4,976.95"
"2020 Feb 15 12:00:00 AM","2,020","2","15","15,150","BOYACA","TUNJA","55,184,726,715","-733,780,212,402","ESTACION DE SERVICIO DE GNCV","GNV","1","1","1","11.15"
"2020 Feb 21 12:00:00 AM","2,020","2","21","15,150","BOYACA","TUNJA","55,184,726,715","-733,780,212,402","ESTACION DE SERVICIO DE GNCV","GNV","1","170","122","1,635.38"
"2020 Feb 18 12:00:00 AM","2,020","2","18","15,150","BOYACA","TUNJA","55,184,726,715","-733,780,212,402","ESTACION DE SERVICIO DE GNCV","GNV","1","142","104","1,358.07"
"2020 Feb 28 12:00:00 AM","2,020","2","28","15,151","BOYACA","CHIQUINQUIRA","56,224,880,219","-738,042,449,951","ESTACION DE SERVICIO DE GNCV","GNV","2","655","387","5,399.84"
"2020 Feb 21 12:00:00 AM","2,020","2","21","15,157","BOYACA","SOGAMOSO","56,466,722,488","-728,709,564,209","ESTACION DE SERVICIO DE GNCV","GNV","1","43","39","405.22"
"2020 Feb 28 12:00:00 AM","2,020","2","28","15,150","BOYACA","TUNJA","55,184,726,715","-733,780,212,402","ESTACION DE SERVICIO DE GNCV","GNV","3","430","300","4,211.4"
"2020 Feb 29 12:00:00 AM","2,020","2","29","15,157","BOYACA","SOGAMOSO","56,466,722,488","-728,709,564,209","ESTACION DE SERVICIO DE GNCV","GNV","2","106","82","895.66"
"2020 Feb 15 12:00:00 AM","2,020","2","15","15,152","BOYACA","DUITAMA","58,906,025,887","-730,670,928,955","ESTACION DE SERVICIO DE GNCV","GNV","1","1","1","10.41"
"2020 Feb 01 12:00:00 AM","2,020","2","1","15,150","BOYACA","TUNJA","55,184,726,715","-733,780,212,402","ESTACION DE SERVICIO DE GNCV","GNV","1","9","9","82.73"
"2020 Feb 29 12:00:00 AM","2,020","2","29","15,152","BOYACA","DUITAMA","58,906,025,887","-730,670,928,955","ESTACION DE SERVICIO DE GNCV","GNV","2","177","119","1,524.48"
"2020 Feb 23 12:00:00 AM","2,020","2","23","15,157","BOYACA","SOGAMOSO","56,466,722,488","-728,709,564,209","ESTACION DE SERVICIO DE GNCV","GNV","2","53","48","430.82"
"2020 Feb 16 12:00:00 AM","2,020","2","16","15,150","BOYACA","TUNJA","55,184,726,715","-733,780,212,402","ESTACION DE SERVICIO DE GNCV","GNV","1","1","1","14.74"
"2020 Feb 09 12:00:00 AM","2,020","2","9","15,151","BOYACA","CHIQUINQUIRA","56,224,880,219","-738,042,449,951","ESTACION DE SERVICIO DE GNCV","GNV","2","620","342","4,839.08"
"2020 Feb 19 12:00:00 AM","2,020","2","19","15,151","BOYACA","CHIQUINQUIRA","56,224,880,219","-738,042,449,951","ESTACION DE SERVICIO DE GNCV","GNV","2","624","372","4,896.96"
"2020 Feb 20 12:00:00 AM","2,020","2","20","15,150","BOYACA","TUNJA","55,184,726,715","-733,780,212,402","ESTACION DE SERVICIO DE GNCV","GNV","1","169","119","1,594.14"
"2020 Feb 26 12:00:00 AM","2,020","2","26","15,157","BOYACA","SOGAMOSO","56,466,722,488","-728,709,564,209","ESTACION DE SERVICIO DE GNCV","GNV","2","83","66","781.63"
"2020 Feb 24 12:00:00 AM","2,020","2","24","15,151","BOYACA","CHIQUINQUIRA","56,224,880,219","-738,042,449,951","ESTACION DE SERVICIO DE GNCV","GNV","2","591","355","4,893.99"
"2020 Feb 29 12:00:00 AM","2,020","2","29","15,150","BOYACA","TUNJA","55,184,726,715","-733,780,212,402","ESTACION DE SERVICIO DE GNCV","GNV","3","474","316","4,606.46"
"2020 Feb 03 12:00:00 AM","2,020","2","3","15,151","BOYACA","CHIQUINQUIRA","56,224,880,219","-738,042,449,951","ESTACION DE SERVICIO DE GNCV","GNV","2","603","352","4,682.68"
"2020 Feb 18 12:00:00 AM","2,020","2","18","15,151","BOYACA","CHIQUINQUIRA","56,224,880,219","-738,042,449,951","ESTACION DE SERVICIO DE GNCV","GNV","2","578","368","4,774.9"
"2020 Feb 02 12:00:00 AM","2,020","2","2","15,150","BOYACA","TUNJA","55,184,726,715","-733,780,212,402","ESTACION DE SERVICIO DE GNCV","GNV","1","1","1","13.44"
"2020 Feb 29 12:00:00 AM","2,020","2","29","15,151","BOYACA","CHIQUINQUIRA","56,224,880,219","-738,042,449,951","ESTACION DE SERVICIO DE GNCV","GNV","2","663","372","5,173.49"
"2020 Feb 23 12:00:00 AM","2,020","2","23","15,150","BOYACA","TUNJA","55,184,726,715","-733,780,212,402","ESTACION DE SERVICIO DE GNCV","GNV","1","130","96","1,084.67"
"2020 Feb 10 12:00:00 AM","2,020","2","10","15,150","BOYACA","TUNJA","55,184,726,715","-733,780,212,402","ESTACION DE SERVICIO DE GNCV","GNV","1","1","1","8.05"
"2020 Jan 01 12:00:00 AM","2,020","1","1","15,150","BOYACA","TUNJA","55,184,726,715","-733,780,212,402","ESTACION DE SERVICIO DE GNCV","GNV","1","1","1","24.56"
"2020 Jan 01 12:00:00 AM","2,020","1","1","15,151","BOYACA","CHIQUINQUIRA","56,224,880,219","-738,042,449,951","ESTACION DE SERVICIO DE GNCV","GNV","2","56","44","434.92"
"2020 Jan 01 12:00:00 AM","2,020","1","1","15,152","BOYACA","DUITAMA","58,906,025,887","-730,670,928,955","ESTACION DE SERVICIO DE GNCV","GNV","1","1","1","4.15"
"2020 Jan 01 12:00:00 AM","2,020","1","1","15,157","BOYACA","SOGAMOSO","56,466,722,488","-728,709,564,209","ESTACION DE SERVICIO DE GNCV","GNV","1","1","1","6.18"
"2020 Jan 21 12:00:00 AM","2,020","1","21","15,152","BOYACA","DUITAMA","58,906,025,887","-730,670,928,955","ESTACION DE SERVICIO DE GNCV","GNV","1","1","1","15.92"
"2020 Jan 17 12:00:00 AM","2,020","1","17","15,157","BOYACA","SOGAMOSO","56,466,722,488","-728,709,564,209","ESTACION DE SERVICIO DE GNCV","GNV","1","1","1","4.22"
"2020 Jan 07 12:00:00 AM","2,020","1","7","15,151","BOYACA","CHIQUINQUIRA","56,224,880,219","-738,042,449,951","ESTACION DE SERVICIO DE GNCV","GNV","2","620","389","5,574.29"
"2020 Jan 15 12:00:00 AM","2,020","1","15","15,151","BOYACA","CHIQUINQUIRA","56,224,880,219","-738,042,449,951","ESTACION DE SERVICIO DE GNCV","GNV","2","598","365","4,776.47"
"2020 Jan 06 12:00:00 AM","2,020","1","6","15,151","BOYACA","CHIQUINQUIRA","56,224,880,219","-738,042,449,951","ESTACION DE SERVICIO DE GNCV","GNV","2","591","375","5,120.66"
"2020 Jan 25 12:00:00 AM","2,020","1","25","15,151","BOYACA","CHIQUINQUIRA","56,224,880,219","-738,042,449,951","ESTACION DE SERVICIO DE GNCV","GNV","2","625","364","5,002.18"
"2020 Jan 30 12:00:00 AM","2,020","1","30","15,150","BOYACA","TUNJA","55,184,726,715","-733,780,212,402","ESTACION DE SERVICIO DE GNCV","GNV","1","210","166","2,198.13"
"2020 Jan 11 12:00:00 AM","2,020","1","11","15,151","BOYACA","CHIQUINQUIRA","56,224,880,219","-738,042,449,951","ESTACION DE SERVICIO DE GNCV","GNV","1","280","165","2,118.46"
"2020 Jan 18 12:00:00 AM","2,020","1","18","15,151","BOYACA","CHIQUINQUIRA","56,224,880,219","-738,042,449,951","ESTACION DE SERVICIO DE GNCV","GNV","2","636","372","5,162.38"
"2020 Jan 16 12:00:00 AM","2,020","1","16","15,151","BOYACA","CHIQUINQUIRA","56,224,880,219","-738,042,449,951","ESTACION DE SERVICIO DE GNCV","GNV","2","557","353","4,776.26"
"2020 Jan 21 12:00:00 AM","2,020","1","21","15,150","BOYACA","TUNJA","55,184,726,715","-733,780,212,402","ESTACION DE SERVICIO DE GNCV","GNV","1","1","1","6.64"
"2020 Jan 28 12:00:00 AM","2,020","1","28","15,152","BOYACA","DUITAMA","58,906,025,887","-730,670,928,955","ESTACION DE SERVICIO DE GNCV","GNV","1","2","2","16.25"
"2020 Jan 12 12:00:00 AM","2,020","1","12","15,151","BOYACA","CHIQUINQUIRA","56,224,880,219","-738,042,449,951","ESTACION DE SERVICIO DE GNCV","GNV","2","264","152","1,957.57"
"2020 Jan 02 12:00:00 AM","2,020","1","2","15,151","BOYACA","CHIQUINQUIRA","56,224,880,219","-738,042,449,951","ESTACION DE SERVICIO DE GNCV","GNV","2","226","162","1,980.7"
"2020 Jan 22 12:00:00 AM","2,020","1","22","15,151","BOYACA","CHIQUINQUIRA","56,224,880,219","-738,042,449,951","ESTACION DE SERVICIO DE GNCV","GNV","2","602","376","4,926.47"
"2020 Jan 10 12:00:00 AM","2,020","1","10","15,151","BOYACA","CHIQUINQUIRA","56,224,880,219","-738,042,449,951","ESTACION DE SERVICIO DE GNCV","GNV","2","404","283","3,416.81"
"2020 Jan 12 12:00:00 AM","2,020","1","12","15,152","BOYACA","DUITAMA","58,906,025,887","-730,670,928,955","ESTACION DE SERVICIO DE GNCV","GNV","1","1","1","12.41"
"2020 Jan 10 12:00:00 AM","2,020","1","10","15,150","BOYACA","TUNJA","55,184,726,715","-733,780,212,402","ESTACION DE SERVICIO DE GNCV","GNV","1","1","1","4.04"
"2020 Jan 23 12:00:00 AM","2,020","1","23","15,152","BOYACA","DUITAMA","58,906,025,887","-730,670,928,955","ESTACION DE SERVICIO DE GNCV","GNV","1","2","2","18.93"
"2020 Jan 31 12:00:00 AM","2,020","1","31","15,157","BOYACA","SOGAMOSO","56,466,722,488","-728,709,564,209","ESTACION DE SERVICIO DE GNCV","GNV","2","2","2","10.73"
"2020 Jan 29 12:00:00 AM","2,020","1","29","15,150","BOYACA","TUNJA","55,184,726,715","-733,780,212,402","ESTACION DE SERVICIO DE GNCV","GNV","1","1","1","18.27"
"2020 Jan 26 12:00:00 AM","2,020","1","26","15,151","BOYACA","CHIQUINQUIRA","56,224,880,219","-738,042,449,951","ESTACION DE SERVICIO DE GNCV","GNV","2","601","340","4,693.73"
"2020 Jan 19 12:00:00 AM","2,020","1","19","15,151","BOYACA","CHIQUINQUIRA","56,224,880,219","-738,042,449,951","ESTACION DE SERVICIO DE GNCV","GNV","2","592","354","4,640.72"
"2020 Jan 29 12:00:00 AM","2,020","1","29","15,151","BOYACA","CHIQUINQUIRA","56,224,880,219","-738,042,449,951","ESTACION DE SERVICIO DE GNCV","GNV","2","602","356","4,811.97"
"2020 Jan 15 12:00:00 AM","2,020","1","15","15,152","BOYACA","DUITAMA","58,906,025,887","-730,670,928,955","ESTACION DE SERVICIO DE GNCV","GNV","1","1","1","17.31"
"2020 Jan 31 12:00:00 AM","2,020","1","31","15,151","BOYACA","CHIQUINQUIRA","56,224,880,219","-738,042,449,951","ESTACION DE SERVICIO DE GNCV","GNV","2","619","386","4,981.1"
"2020 Jan 31 12:00:00 AM","2,020","1","31","15,150","BOYACA","TUNJA","55,184,726,715","-733,780,212,402","ESTACION DE SERVICIO DE GNCV","GNV","2","292","216","2,985.05"
"2020 Jan 15 12:00:00 AM","2,020","1","15","15,157","BOYACA","SOGAMOSO","56,466,722,488","-728,709,564,209","ESTACION DE SERVICIO DE GNCV","GNV","1","1","1","6.95"
"2020 Jan 16 12:00:00 AM","2,020","1","16","15,157","BOYACA","SOGAMOSO","56,466,722,488","-728,709,564,209","ESTACION DE SERVICIO DE GNCV","GNV","1","1","1","7.01"
"2020 Jan 31 12:00:00 AM","2,020","1","31","15,152","BOYACA","DUITAMA","58,906,025,887","-730,670,928,955","ESTACION DE SERVICIO DE GNCV","GNV","2","2","2","16.69"
"2020 Jan 23 12:00:00 AM","2,020","1","23","15,151","BOYACA","CHIQUINQUIRA","56,224,880,219","-738,042,449,951","ESTACION DE SERVICIO DE GNCV","GNV","2","606","383","5,130.35"
"2020 Jan 18 12:00:00 AM","2,020","1","18","15,150","BOYACA","TUNJA","55,184,726,715","-733,780,212,402","ESTACION DE SERVICIO DE GNCV","GNV","1","1","1","18.81"
"2020 Jan 05 12:00:00 AM","2,020","1","5","15,151","BOYACA","CHIQUINQUIRA","56,224,880,219","-738,042,449,951","ESTACION DE SERVICIO DE GNCV","GNV","2","411","274","3,390.04"
"2020 Jan 10 12:00:00 AM","2,020","1","10","15,152","BOYACA","DUITAMA","58,906,025,887","-730,670,928,955","ESTACION DE SERVICIO DE GNCV","GNV","1","1","1","5.96"
"2020 Jan 14 12:00:00 AM","2,020","1","14","15,151","BOYACA","CHIQUINQUIRA","56,224,880,219","-738,042,449,951","ESTACION DE SERVICIO DE GNCV","GNV","2","461","311","3,607.23"
"2020 Jan 30 12:00:00 AM","2,020","1","30","15,157","BOYACA","SOGAMOSO","56,466,722,488","-728,709,564,209","ESTACION DE SERVICIO DE GNCV","GNV","1","1","1","4.66"
"2020 Jan 17 12:00:00 AM","2,020","1","17","15,151","BOYACA","CHIQUINQUIRA","56,224,880,219","-738,042,449,951","ESTACION DE SERVICIO DE GNCV","GNV","2","616","380","5,254.53"
"2020 Jan 13 12:00:00 AM","2,020","1","13","15,151","BOYACA","CHIQUINQUIRA","56,224,880,219","-738,042,449,951","ESTACION DE SERVICIO DE GNCV","GNV","2","262","181","2,188.95"
"2020 Jan 08 12:00:00 AM","2,020","1","8","15,151","BOYACA","CHIQUINQUIRA","56,224,880,219","-738,042,449,951","ESTACION DE SERVICIO DE GNCV","GNV","2","339","218","2,679.66"
"2020 Jan 21 12:00:00 AM","2,020","1","21","15,151","BOYACA","CHIQUINQUIRA","56,224,880,219","-738,042,449,951","ESTACION DE SERVICIO DE GNCV","GNV","2","563","357","4,662.03"
"2020 Jan 03 12:00:00 AM","2,020","1","3","15,151","BOYACA","CHIQUINQUIRA","56,224,880,219","-738,042,449,951","ESTACION DE SERVICIO DE GNCV","GNV","1","287","182","2,219.91"
"2020 Jan 13 12:00:00 AM","2,020","1","13","15,152","BOYACA","DUITAMA","58,906,025,887","-730,670,928,955","ESTACION DE SERVICIO DE GNCV","GNV","1","1","1","10.81"
"2020 Jan 14 12:00:00 AM","2,020","1","14","15,150","BOYACA","TUNJA","55,184,726,715","-733,780,212,402","ESTACION DE SERVICIO DE GNCV","GNV","1","1","1","6.28"
"2020 Jan 09 12:00:00 AM","2,020","1","9","15,152","BOYACA","DUITAMA","58,906,025,887","-730,670,928,955","ESTACION DE SERVICIO DE GNCV","GNV","1","1","1","15.72"
"2020 Jan 30 12:00:00 AM","2,020","1","30","15,151","BOYACA","CHIQUINQUIRA","56,224,880,219","-738,042,449,951","ESTACION DE SERVICIO DE GNCV","GNV","2","705","413","5.877"
"2020 Jan 02 12:00:00 AM","2,020","1","2","15,157","BOYACA","SOGAMOSO","56,466,722,488","-728,709,564,209","ESTACION DE SERVICIO DE GNCV","GNV","1","1","1","7.82"
"2020 Jan 25 12:00:00 AM","2,020","1","25","15,150","BOYACA","TUNJA","55,184,726,715","-733,780,212,402","ESTACION DE SERVICIO DE GNCV","GNV","1","1","1","11.38"
"2020 Jan 04 12:00:00 AM","2,020","1","4","15,151","BOYACA","CHIQUINQUIRA","56,224,880,219","-738,042,449,951","ESTACION DE SERVICIO DE GNCV","GNV","2","315","198","2,693.39"
"2020 Jan 25 12:00:00 AM","2,020","1","25","15,157","BOYACA","SOGAMOSO","56,466,722,488","-728,709,564,209","ESTACION DE SERVICIO DE GNCV","GNV","1","1","1","7.18"
"2020 Jan 27 12:00:00 AM","2,020","1","27","15,151","BOYACA","CHIQUINQUIRA","56,224,880,219","-738,042,449,951","ESTACION DE SERVICIO DE GNCV","GNV","2","597","366","4,920.92"
"2020 Jan 28 12:00:00 AM","2,020","1","28","15,151","BOYACA","CHIQUINQUIRA","56,224,880,219","-738,042,449,951","ESTACION DE SERVICIO DE GNCV","GNV","2","623","382","4,973.24"
"2020 Jan 09 12:00:00 AM","2,020","1","9","15,151","BOYACA","CHIQUINQUIRA","56,224,880,219","-738,042,449,951","ESTACION DE SERVICIO DE GNCV","GNV","2","447","305","3,860.91"
"2020 Jan 20 12:00:00 AM","2,020","1","20","15,151","BOYACA","CHIQUINQUIRA","56,224,880,219","-738,042,449,951","ESTACION DE SERVICIO DE GNCV","GNV","2","605","367","4,981.78"
"2020 Jan 03 12:00:00 AM","2,020","1","3","15,150","BOYACA","TUNJA","55,184,726,715","-733,780,212,402","ESTACION DE SERVICIO DE GNCV","GNV","1","1","1","14.82"
"2020 Jan 19 12:00:00 AM","2,020","1","19","15,152","BOYACA","DUITAMA","58,906,025,887","-730,670,928,955","ESTACION DE SERVICIO DE GNCV","GNV","1","1","1","9.05"
"2020 Jan 20 12:00:00 AM","2,020","1","20","15,157","BOYACA","SOGAMOSO","56,466,722,488","-728,709,564,209","ESTACION DE SERVICIO DE GNCV","GNV","1","1","1","13.81"
"2020 Jan 24 12:00:00 AM","2,020","1","24","15,151","BOYACA","CHIQUINQUIRA","56,224,880,219","-738,042,449,951","ESTACION DE SERVICIO DE GNCV","GNV","2","577","359","4,705.22"
"2020 Jan 22 12:00:00 AM","2,020","1","22","15,157","BOYACA","SOGAMOSO","56,466,722,488","-728,709,564,209","ESTACION DE SERVICIO DE GNCV","GNV","1","1","1","7.47"
